,Media,title,year,month,day,content
1,Apple,台北市長選舉 國民黨戰將齊聚 丁、鄭「同框」 獨缺「站神」,2018,1,2,"【周毓翔、張潼、曾百村／台北報導】

國民黨昨在八德路中央黨部大樓前廣場舉行元旦升旗，有意爭取雙 北市長提名參選的丁守中、鄭麗文及周錫瑋均到場致意，希望曝光也 爭取支持，獨不見呼聲高的「站神」蔣萬安。據了解，蔣萬安趁立院 休會陪同家人跨年。

昨在國民黨中央廣場舉行的元旦升旗，沒有大型號召，參與者多來 自北北基黨部的成員，約百餘人，藍委也只有費鴻泰及曾銘宗一大早 起來參加。與其說是慶祝典禮，比較像是小巧的溫馨聚會，黨主席吳 敦義率兩位副主席郝龍斌及曾永權與黨員拜年，並宣示重返執政決心 。

不過畢竟是今年首場黨中央的活動，是有意爭取提名者表現的好機 會，且台北市黨部主委黃呂錦茹與新北市黨部主委李乾龍都有出席， 有意參選台北市市長的丁守中、鄭麗文及有意新北市長選舉的周錫瑋 都特地到場，與黨員一一握手致意。

唯獨外界呼聲高的立委蔣萬安，昨日卻不見人影，據了解蔣萬安並 非刻意缺席，是趁連假與家人出國休息。

對於2018台北市長選舉，蔣萬安雖說不排除任何可能，但一直沒有 宣布參與選戰。立院臨時會將在本周五召開，他曾說，要等到立法院 休會時、農曆春節前，可以到選區走訪基層，聽聽民眾聲音與想法， 自己再評估，他一向是自己想清楚後，就能決定。

丁守中則表示，希望在今年市長選舉中獲勝，由他組成的團隊來主 導台北城市發展，讓城市變得更好、讓市民贏回台北！丁守中指出， 尤其在招商引資、老屋更新兩方面，台北市首都都需要加速跟進。

鄭麗文說，今年的新年新希望就是爭取國民黨提名，然後贏得台北 市長選戰。她說，國民黨已沒有黨產，所以打選戰不能再沿用老方法 ，動員人力去掃街拜票，她的選舉布局將不同於傳統選戰，會採取「 全新的模式」，要深入經營社群網絡、公民對談等，而她自己對「新 選戰」模式有心得、也很有信心，會努力把希望成真，服務廣大台北 市民。

 "
2,Apple,丁守中備戰2018 召喚青年軍,2018,1,3,"【劉于翔／台北報導】

召喚青年軍備戰2018！台北市長擬參選人丁守中2日舉辦「青年看 市政」影音短片暨競選辦公室發言人發表會，現場除播放3支全新製 作的市政短片，4位競選辦公室發言人也同步亮相。與丁守中互動良 好的羅智強，日前因臉書粉絲未破百萬宣布退選，但不排除助丁一臂 之力。

丁團隊第一波競選辦公室發言人平均年齡30歲，包括詹為元、劉思 呤、田長沛、楊植斗，不僅年輕有活力，對政治懷抱理想，也具備立 法院或市議會擔任助理的歷練，顯見老中青3代整合有成。其中，34 歲的詹為元畢業於政治大學東亞所博士，曾擔任立委蔣萬安助理，一 度被媒體誤傳為丁向蔣「挖牆角」，詹則解釋其實是「回鍋」，因為 他在未進蔣辦公室之前，就已是丁的助理。

田長沛是前國民黨立委潘維剛之子，現年31歲，畢業於南加大公共 政策碩士，擁有美國會計師認證資格，現為國民黨中央委員；30歲的 劉思吟為現任國民黨黨代表；年僅25歲的楊植斗目前擔任台北市議員 王鴻薇法案助理。

在記者會中播放的3支市政建設短片，內容包括河濱藝文活化、智 慧紅綠燈、城市步行街等構想，訴求國際大都會能做到，台北也能做 到。丁表示，在跑基層及公益團體行程中，與年輕朋友一起討論，並 提出關於市政改革的構想，結合國際大都會發展的經驗，前後已構思 完成10部短片。

 "
3,Apple,年節期間 冷靜評估角逐北市長 參選戰柯P 蔣萬安鬆口了,2018,1,5,"【周毓翔／台北報導】

國民黨立院黨團下周一開放登記參選下會期首席副書記長，由於許 多藍委2018都將投入選戰或開始輔選，有意參選者不可能參選幹部。 而黨內新星蔣萬安昨表達將不參選幹部，被認為是預留參選台北市長 空間。對此，蔣萬安昨表示，會在年節期間，冷靜評估參選台北市長 的可能。

據了解，黨團內部原規畫蔣萬安接下黨團首席副書記長一職，不過 蔣沒打算參選，被外界認為是替參選台北市長保留空間；他說，原先 就沒計畫參選首席副書記長。

翻轉選情 地方呼聲高

對參選台北市長一事，蔣萬安表示，要等年節期間拜訪基層，傾聽 民意後，再做謹慎評估。相較過去總說「在立院發聲比其他事更重要 」、「扮演好在野立委角色」，此說算是首度鬆口，準備挑戰柯P。 但他還是強調，目前最重要是立院工作，尤其臨時會攻防，包括一例 一休、水利會等議案。

不過，蔣在地方呼聲高，許多地方民眾勸進蔣參選。黨內人士透露 ，由於北市這次有許多年輕人投入參選市議員，國民黨北市黨部主委 黃呂錦茹也考慮過，是否讓蔣萬安帶領年輕世代翻轉選情。

去年11月24日，黃呂錦茹便曾拜會蔣萬安，雙方談及國民黨選舉該 如何帶士氣、鼓勵新人出來選、爭取更多議員席次等。她認為，北市 長候選人應「母雞帶小雞」，黨內也須依公平的初選機制運作。

初選全民調 3月定案

目前，國民黨表態參選者包括丁守中及鄭麗文，國民黨中央對北市 選舉目前定調是採初選全民調，但指最快3月才決定人選。

照往例，無論藍綠，有意角逐執政首長的立委，會在任內至少當一 次黨團幹部，提升黨內資歷，蔣萬安本屆即擔任立院黨團副書記長。 但黨團幹部事繁忙，不可能兼顧選舉，因此國民黨歷來只有在大選年 才會出現由不分區立委任黨團書記長狀況。

藍委今年有意願、或被點名挑戰2018者眾多，許多立委已將重心轉 移經營地方，此時任黨團幹部，應是不打算投入選戰的立委，因此最 後估計將由不分區立委曾銘宗擔任。曾銘宗昨表示，黨團幹部主要是 服務其他黨團成員，過去有人有意願爭取擔任幹部時，就優先由他們 擔任，如今黨團很多人有選舉需求，他就願意來擔任，主要是希望協 助其他立委，讓他們有更多時間打選戰。

 "
4,Apple,初選機制公平公開 一體適用 國民黨定調 多人參選全民調,2018,1,11,"【王正寧、周毓翔／台北報導】

外傳藍委蔣萬安遲不表態參選台北市長，是想等黨中央徵召。國民 黨主席吳敦義昨天明確地說，對於今年底選舉，如果只有1個人有意 願參選，就可以徵召，但如有多人表態參選，初選時，就要經過全民 調；他表示從未聽過蔣萬安說想等徵召參選。

台北市有里長透露，蔣萬安不想參與台北市長黨內初選、只想被徵 召。吳敦義昨參加國民黨舉辦「挺青年」記者會，受訪時說，他從未 聽過這樣的訊息，國民黨已有幾個人表態參選台北市長，黨已經建立 全民調的初選機制，他身為黨主席，不能隨便改變一個公平、公開、 公正的初選機制。

蔣萬安否認徵召才參選

蔣萬安昨晚則說，「等徵召的說法完全不是事實」，他強調自己仍 把重心放在立法院臨時會的議程上，還沒有去思考個人選舉的事情。

蔣萬安也指出，雖然黨章仍有保留協調徵召的方式，但他認為如果 一個選區有兩個以上的人表態參選，就應該採用初選機制，而黨內已 經有丁守中與鄭麗文兩人表態參選台北市長，毫無疑問就要經過初選 ，不該用協調徵召的方式。

黨員投票確定不是選項

吳敦義表示，目前除已通過徵召、提名的4個縣市長候選人外，國 民黨建立的全民調機制，恐怕不能不走，若有3人登記，可各自尋找 一家民調或大學機構，國民黨再選一家，換言之，多人角逐都須經初 選、全民調的過程。吳敦義重申全民調，等於否決前台北縣長周錫瑋 所提新北市長黨內初選加入黨員投票的呼籲。

吳敦義9日才出席新北市黨務活動，與有意角逐新北市長的周錫瑋 與副市長侯友宜同台，吳強調，地方融洽得很，只要用公平、合理、 公開的機制產生候選人，就不會有異想與雜念，也就容易得到黨員與 人民的支持。

 "
5,Apple,洪耀福指丁守中是「悲劇英雄」 國民黨出征北市 民進黨假想敵蔣萬安,2018,1,12,"【曾薏蘋、周毓翔／台北報導】

民進黨2018台北市長參選人難產，是否與台北市長柯文哲再度合作 ，黨內遲遲無法決定。不過國民黨的當紅炸子雞立委蔣萬安（見圖， 本報資料照片），已成為民進黨的鎖定目標。民進黨祕書長洪耀福被 問到是否以蔣萬安為目標擬定戰略？洪耀福說，「我個人的戰略是這 樣。」

民進黨人選 尚無定案

台北市長柯文哲身邊首長一一求去，最近連民進黨籍的觀傳局長簡 余晏都請辭，柯文哲強力慰留中。外界解讀，簡余晏求去，意味著2 018年台北市長選舉，民進黨可能與柯文哲分道揚鑣。但民進黨有意 參選者「能見度不高」，民進黨是否與柯文哲再合作，或自提人選， 至今沒有定案。但是民進黨已鎖定蔣萬安做為主要敵人。

洪耀福說，「我知道，蔣萬安是吳敦義的最愛」，吳敦義需要透過 蔣萬安與國民黨及國民黨內部外省族群結合，因為蔣萬安血統純正， 可以讓吳敦義與正統外省系統拉攏及和解，這是正確戰略，他要是吳 敦義也會這麼決定，怎麼可能選擇丁守中。

有利吳敦義 布局2020

洪耀福認為，蔣萬安出馬北市，有利於吳敦義布局2020，結果就是 蔣萬安了，這到最後一定會驗證，這是客觀形勢。日前他稱總統府前 祕書長羅智強是「跑龍套」，前立委丁守中是「悲劇英雄」，「我講 的話哪裡不對？」

至於民進黨基於擬定的戰略是否以蔣萬安為目標來布這個局？洪耀 福說，「這是我個人的戰略」，但他又補充「黨不一定是這樣。」

洪耀福表示，選戰要釐清客觀情勢，以及對手布局方式，在這種客 觀情勢下思考如何對應。蔣萬安是吳敦義的布局，這個局一定也會這 樣布。

被問到蔣萬安對民進黨來說是否為可怕的對手？洪耀福說，蔣有優 勢也有缺點，蔣萬安未必能承受高壓力的市長選舉，首都市長選戰候 選人在媒體焦點、張力、壓力下，要具備心理素質、政策準備及願景 論述、膽試，選舉是很綜合性的，必須要有完全準備。

洪個人臆測 蔣不評論

藍委蔣萬安對洪耀福諸多說法僅回應表示，這只是洪耀福個人的臆 測，國民黨的候選人一定是透過初選機制產生，絕對沒有布局的問題 。

 "
6,Apple,王鴻薇批舊案充數 市府稱招商奪冠 議員打臉,2018,1,13,"【柯伶穎／台北報導】

台北市財政局發布以80億元的民間投資金額奪下地方政府招商的榜 首，但市議員王鴻薇痛批，除了內科之心外，其餘都是舊案拿來充數 ，質疑柯市府牛皮「吹太大」，國民黨台北市長擬參選人丁守中也批 評，眼看新北市長朱立倫迎來全球電子商務龍頭亞馬遜準備在板橋投 資築巢，一水之隔的台北乏人問津，「被死當的柯文哲還不深自檢討 嗎？」

指民間投資達80億

北市府財政局11日指出，去年民間投資包括內科之心BOT、市議會 舊址設定地上權、和平國小籃球館OT、士林運動中心OT、南湖高中運 動場館OT等5案，總計創造80億的民間投資金額，也為市府進帳6551 萬元的促參獎勵金。

但王鴻薇調閱資料發現，柯任內僅內湖科技中心BOT案開發權利金 超過1億元，而南湖高中、士林運動中心與和平國小籃球館這三案， 過去從沒有市長拿來做招商成績，只有柯市府拿來濫竽充數；其中， 南湖高中的OT案早在2009年就已經OT出去，柯P時代只是續約而已。

王鴻薇更指出，財政局還把興建成本及其他支出計入，「膨風」至 67億元，諷柯市府這種算法，郝龍斌的招商民間投資已經數兆元之多 了。

高調吹捧 挨批膨風

丁守中12日也在臉書批評，自柯文哲上台後，過去全國招商領頭羊 的台北市，突然在3年內淪落到五都墊底，但柯P從來不自省，是自己 的施政風格拖累了台北的發展。

丁守中更直指，去年柯P說招商墊底是因為財團還在觀望北市改革 力度，今年則推說雙子星等大案有希望在明年繳出漂亮成績單，「說 來說去都只是空中樓閣、口惠實不至的話術，柯P死當，最後還是台 北落後、市民遭殃」。

 "
7,Apple,小強挺「柯P剋星」 出任網路總策畫 丁守中四顧茅廬 打動羅智強,2018,1,15,"【陳燕珩／台北報導】

總統府前副祕書長羅智強確定不選台北市長，14日發出新聞稿力挺 國民黨市長參選人、前立委丁守中。羅透過新聞稿表示，丁守中是正 派、專業、準備好的台北市長，也是國民黨內最可能勝選的「柯P剋 星」，他被丁「四顧茅廬」的誠意打動，將出任丁競選團隊的青年和 網路總策畫，2人將於本月15日上午10時舉行記者會。

羅智強指出，他拜訪基層時，大家都說若上次是丁守中代表國民黨 參選，就沒有今天的市長柯文哲，顯見沒人懷疑丁治理能力，幾乎所 有人認為，丁守中會是好市長，尤其下足20年工夫，對市政如數家珍 、精闢專業，讓他自嘆弗如，「更不是只會譁眾取寵的柯文哲能望項 背的」。

羅智強說，丁守中與柯文哲的性格截然不同，柯文哲刻薄、急躁、 愛搞破壞、語不驚人死不休，丁守中厚道、沉穩、做實事，能讓市政 宏觀發展、市民安居樂業，丁可說是與柯相反的對照組，也是黨內最 可能勝選的「柯P剋星」，儘管丁受到立委敗選的質疑，但他認為跌 過跤再站起來，就會躍得更高。

羅智強表示，目前仍在評估參選大安、文山區議員的可能性，但丁 守中同時也希望可借助他在論述、社群網路的長才，鼎力相助，他被 丁守中「四顧茅廬」誠意打動，答應加入團隊，決定以義工無給職身 分，協助丁的青年政策規畫與網路宣傳。

羅智強在新聞稿中指出，丁守中誇讚他俠骨義膽、正直敢言、思路 清晰、論述能力強，又有國際觀，「小強」的戰力有目共睹，尤其對 社群網路的經營，在國民黨內更是一枝獨秀，「有打不死的小強助陣 ，一定強強強。」。

 "
8,Apple,加入丁守中團隊 羅智強下一步 擬選議員或立委,2018,1,16,"【張潼／台北報導】

原有意參選台北市長的前總統府副祕書長羅智強確定不選後，宣布 加入丁守中競選團隊，擔任「青年和網路總策畫」。兩人15日舉辦聯 合記者會，因羅智強雖不選市長，但仍有意參選2018市議員或2020立 委選舉，也被問及是否藉此拉抬個人選情？羅強調，的確仍有選舉規 畫，但還是可以表態支持最適合的市長候選人。

丁守中指出，很佩服羅智強善於「網路經營」，因此邀請他擔任青 年和網路總策畫，以補足團隊內最弱的一塊。除此之外，丁守中也強 調，顧問團隊另包括曾被點名參選台北市長的熱門選人如張善政、陳 雄文等人，再加上過去選士林、北投立委時，雖然當地長期以來綠營 議員選票比藍營多拿4.5萬票，他也還是能拿下14％至18％淺綠選票 ，這在在顯示他能凝結各方力量。

即便丁守中早已表態要爭取黨內提名，但目前藍營到底要挺丁守中 還是立委蔣萬安，至今仍曖昧不明，初選也尚無時間表。對此丁守中 重申，國民黨在中央、地方都是在野，初選程序愈早愈好，很多縣市 都已經提名了，早點產生人選，可以跟柯P站在對等相互地位，達到 最好效果。

丁守中也表示，根據所有大數據、民調數字，自己在國民黨有意參 選人中仍是支持度最高，但是他認為，如果黨內要做民調的話不能悶 著頭做，這樣沒參考價值，應該先有電視辯論再做民調，讓選民知道 候選人的城市願景。

加入丁陣營的羅智強則坦言，自己的確還在評估要選議員或直攻立 委選舉，不過尚未作任何決定。是否希望藉丁守中拉抬個人選舉？他 僅說，丁守中是要選市長的，因此不同於他要支持所有候選人，自己 對丁的支持可以是單一的，當然可以表態支持最適合的市長候選人。

 "
9,Apple,蔣萬安棄選 藍軍食不下咽,2018,1,20,"【陳彥宇、王正寧／台北報導】

「我不會參加2018北市長選舉！」藍委蔣萬安昨正式宣布不參選北 市長，繼續留在立法院打拚。蔣的棄選，不僅為政壇投下震撼彈，也 讓黨中央十分錯愕，更有黨務主管私下感嘆：「難過到吃不下飯」。 據悉，關鍵還是在蔣萬安自認還沒準備好，決定把機會讓給別人。

第一時間親向吳敦義報告

蔣萬安在做出決定後，前天（18日）下午前往黨中央，親自向黨主 席吳敦義報告。他認為，現階段留在立院更能扮演好監督角色，這也 是當初進入立院的初衷。吳雖「建議」蔣多思考幾天再說，但未料隔 天蔣即對外宣布不選，讓黨中央措手不及。

熟悉蔣萬安的人都很清楚，年底的市長選舉不在他的規畫之內，因 為身為政壇「菜鳥」，他該學的還很多，而且也一直在吸收，倉促轉 變跑道，對他以及選民既是不負責也不公平。

但如同某黨務人士指出，基層對蔣萬安有高度期待，勸進聲始終不 斷，因此蔣早已被黨中央「鎖定」，並安排接任智庫董事。黨中央希 盼年輕選將投入年底縣市長選舉，也鼓勵有志者參與初選，藉此推出 最強候選人。

轉換倉促 自認沒準備好

國民黨北市長人選之所以等到農曆年後確定，蔣萬安的態度是關鍵 因素之一。據悉，儘管蔣從未表態參選，但根據黨內所作的民調顯示 ，蔣與前立委丁守中差距都在誤差範圍內，讓黨中央確信，蔣是「績 優股」，願意再給他更多時間，向各方請益，聽取基層意見。

儘管基層探詢的反應不差，然而，卻過不了蔣萬安自己的關卡。從 魔羯座與律師的務實性格分析，「有高度的耐力，在嚴苛的現實環境 下仍然能夠耐心等待。為了使計畫周全，可以熬過漫長艱辛的準備時 期。」

新秀紅太快 黨內傳言酸

縱使蔣萬安具形象佳、高人氣的明星特質，但其政治歷練仍不足， 黨內甚至有傳言講得很酸，蔣萬安出線最好，就可以一次把4、5年級 的都掃入歷史灰燼，完成世代交替。是否因為紅得太快，讓蔣不願太 早冒出頭成為被打的出頭鳥？

蔣萬安昨受訪表示，他的決定主席都知道，並強調：「我一直沒有 說過要參選。」至於是否支持丁守中參選北市長？他說，未來任何透 過黨內初選機制所產生的候選人，他都會全力支持。

他說，日前三讀通過的《勞基法》修正案，由他擔任衛環委員會召 委，主導修法討論，在國民黨強力抗衡之下，引發外界強烈關注此一 議題，更造成執政黨與行政部門的壓力。未來在空汙、食安、攸關產 業轉型等重大法案都在立院，國民黨不能讓執政黨予取予求。

國民黨文傳會主委李明賢則說，黨中央絕對尊重蔣萬安的決定，「 參選與否個人意願很重要」，黨將按照既有規畫進行初選。

（相關新聞刊A3）。

 "
10,Apple,蔣萬安表態不選北市長 柯回「不以物喜 不以己悲」,2018,1,20,"【張潼／台北報導】

一度被視為台北市長柯文哲最強對手的立委蔣萬安，19日宣布不參 選，對此，柯昨受訪時僅引述北宋文學家范仲淹名句「不以物喜，不 以己悲」回應，強調每天還是一樣要認真工作，至於競選總幹事的人 選，也等過完農曆年再思考就好。

柯文哲昨天到陽明山參加台北茶花展開幕記者會，與會媒體發現他 看似心情不錯，問他是否是因蔣萬安宣布不參選？柯反問提問記者： 「不以物喜，不以己悲，你沒聽過嗎？」也不願多談蔣萬安不選，以 及對手如果是丁守中，是否比較好選等問題。

他說，大家回想一下4年前的現在，柯文哲都還不曉得在哪裡，所 以認真過每一天就好，可以的話，就快樂的過每一天。

不過，柯文哲已與昔日競選總幹事姚立明為了姚妻楊芳玲請辭北市 法務局長、台北燈節等議題多次撕破臉，更令外界關注年底選舉柯的 相關人事布局，外傳他有意找宋楚瑜或謝長廷擔任競選總幹事，也常 常與兩人碰面。

柯文哲表示，自己常在報紙上讀到北市府的人事，實際上，他跟謝 長廷、宋楚瑜會面是很常有的事，兩個人都對他不錯，也是政治前輩 ，難道聊天之後，就要聘人家當競選總幹事？這實在是科幻小說，台 灣媒體實在（令人）「凍未條」。

柯文哲說，選舉當然要有總幹事，但過年後才處理。需要什麼條件 ？柯反問記者，「你要應徵嗎？」不願正面回答。

 "
11,Apple,姚文智稱「悵然若失」 蔣留守國會戰場 丁守中高度肯定,2018,1,20,"【張立勳、張理國、鄭舲／台北報導】

國民黨立委蔣萬安拋出震撼彈，宣布不參選下屆台北市長，藍營前 立委、市長擬參選人丁守中19日表示，蔣萬安守住立院戰場是一種承 擔，他給予高度肯定，年底選戰十分艱困，要團結所有力量，推倒台 北市長柯文哲「鴨霸」又無能的執政。至於民進黨已表態參選的立委 姚文智說，蔣不選讓他覺得「悵然若失」，但也肯定蔣的決定是俐落 、負責的表現。

丁守中說，國會是國民黨非常重要的戰場，民進黨現在運用絕對多 數，做出許多傷害憲法的法案，因此蔣萬安留守國會戰場、為民生法 案和人民福祉把關的決定是種承擔，他給予高度肯定。

他表示，年底市長選戰非常艱困，「我們不會那麼樂觀，也絕不悲 觀，我們要團結所有當前對台北市政不滿的力量，一起扭轉台北持續 的衰退，找回台北人的驕傲，我會更努力、更積極尋求各方支持，贏 得台北的勝選。」

此外，加入丁守中團隊的總統府前副祕書長羅智強指出，國民黨內 部算是稍微穩定，接下來真正的苦戰才開始，柯文哲是「政績不佳但 魅力破表」的表演型政治人物，丁守中必須讓市民感受到他和柯文哲 的人格對照強度，凸顯自己穩做實做的特質，才可擊敗網路人氣居高 不下的柯。

對於蔣萬安棄選，姚文智表示，如果蔣參選，會是一場比較有趣的 選舉；但他也說，這樣的決定是俐落、負責的表現。

姚文智說，市長選舉最終還是要回到市政發展方向和願景，像柯文 哲過去3年都沒有準備好，市政就一敗塗地，如果蔣萬安確定不選， 市政就是未來市長選舉真正的重點，能夠做好城市治理、對市政發展 方向有願景、目標，且充分做好準備，才是這場市長選舉真正的主題 。

至於國民黨若派前立委丁守中應戰，姚文智說，過去選舉討論城市 發展、市政推動的比例非常少，丁守中準備比較久，長達20年，是一 個很好的較勁機會；不過，姚文智也批評丁守中「20年都沒有進步」 ，大家可以針對市政未來性好好辯論。

另外，傳出柯文哲想邀駐日代表謝長廷當競選總幹事，姚文智直呼 外界想像力太豐富，「這樣我可能找歐巴馬、找蔡英文當我的總幹事 ？」他說，常跟謝長廷聯絡、交換意見，選舉酸言酸語就算了，但這 樣吃人家豆腐不太好。

 "
12,Apple,傳國民黨找power錕合作 郝力挺丁守中 稱黨會團結爭勝選,2018,1,22,"【陳燕珩／台北報導】

國民黨前立委丁守中宣布參選台北市長，21日正式啟用競選辦公室 ，找來國民黨副主席郝龍斌、黨內民代站台，營造團結氛圍。不過， 外界質疑出席的立委和議員不多，又傳出國民黨擬找台大教授李錫錕 合作，讓丁頗尷尬；對此，郝龍斌表示，等到黨內初選確定人選，相 信全黨會團結一致爭取勝選。

丁守中昨天啟用位在金山南路二段的競選辦公室，郝龍斌特地從南 部趕回來站台，郝說，國民黨正處在艱困時刻，丁願意挺身而出，值 得肯定，身為前台北市長的他，看到近年北市各項評比節節敗退，很 難過，丁是有國際觀的候選人，一定能勝任台北市長。

不過，外界質疑昨到場力挺的黨內民代不如想像多，還有藍營議員 放話稱，丁守中魅力不足，恐難發揮母雞帶小雞的輔選作用；對此， 丁守中強調，是因競選辦公室場地小，議員分批來支持，加上會期剛 結束，很多人都出國，他相信自己的爆發力，足以帶動黨內議員選情 。

郝龍斌也緩頰說，丁的邀約很臨時，很多黨內同仁來不及趕到，相 信初選底定後，全黨會團結一致力挺，屆時所有立委、議員都會站在 候選人旁邊。

另外，立委蔣萬安宣布不參選台北市長後，傳出國民黨擬找台大教 授「power錕」李錫錕合作，被問及是否擔心李是強勁對手？丁守中 僅說，李錫錕若要參選，絕對樂觀其成，相信彼此都有可學習的地方 。

李錫錕昨受訪直言，國民黨已跟他聯絡，將抽空與市黨部談談，「 到時氣氛一定很愉快。」他認為，雙方訴求相同，就是「解決柯文哲 問題」。

至於合作方式有很多種，李錫錕至今不排除以無黨籍身分參選台北 市長，但有無可能披藍袍？他強調，自己不會參加國民黨初選，就算 對方邀請，「我也會婉拒。」。

 "
13,Apple,沒參選喊退選 蔣破徵召謠言,2018,1,23,"【周毓翔／台北報導】

國民黨立委蔣萬安宣布不投入今年底台北市長選舉，他昨天接受電 台專訪時候強調「不會接受徵召」。至於為何沒宣布過參選又為何要 提退選？蔣萬安表示，因為外界不斷有傳言黨要徵召他，因此決定說 清楚，打破不實謠言。

蔣萬安表示，不選這件事情，他在隔天上午有致電向台北市黨部主 委黃呂錦茹做說明。至於是否與已表態參選北市長的丁守中通過電話 ？蔣萬安表示，「沒打過，也不需要，為什麼需要？」在蔣宣布不選 後，兩人僅在跑行程時見面打個招呼，丁也沒有私下來找過他。

蔣萬安澄清，他向國民黨主席吳敦義說明後，吳並沒有挽留，吳的 態度一直都是客觀公正，他向吳敦義說明自己要續留立院，扮演監督 執政黨的角色，吳也都表達了充分尊重。過程中他也沒有見過任何大 老討論過。

蔣萬安原本說要在立院臨時會結束後，在農曆年期間深思是否參選 ，為何突然閃電宣布不選？蔣萬安說明，是因為臨時會重大議案幾乎 都處理完畢，很清楚他當下能做什麼，不需要花太多時間評估。外界 所質疑的民調考量、蔣家血統考量，都並非是事實，也不是因為台北 市長柯文哲太強。

民進黨團總召柯建銘在臉書寫公開信給蔣萬安，並推薦《三代台灣 人》這本書給蔣萬安。蔣萬安表示，他尊重柯的關心，休會期間有空 會看，但他也推薦一本《做工的人》給柯建銘，如果執政黨有同理心 ，不會強行通過《勞基法》修惡。

 "
14,Apple,斷言柯文哲 吃定民進黨 郝「還有3人 可望參選北市長」,2018,1,24,"【王正寧／台北報導】

國民黨超人氣立委蔣萬安宣布不投入台北市長選舉，引發藍軍集體 焦慮。黨中央提名小組成員、副主席郝龍斌表示，除了已表態的前立 委丁守中與前行政院發言人鄭麗文外，保守估計還有3人可望參選， 其中有1人確定要參選，農曆年前就會宣布。

儘管民進黨主席蔡英文要柯文哲確認台灣價值，以考慮是否再合作 ，但郝龍斌表示，民進黨政府中央執政狀況不理想，目前也沒有可勝 出的人選，他斷言，民進黨絕不敢派人出來選，最後只能選擇與柯文 哲合作，「柯文哲吃定民進黨」。

但他也表示，民進黨會有黨員脫黨參選，並點名就是前台南縣長蘇 煥智。郝龍斌直言，柯文哲任內做得不好，否則請他自己講一個3年 來做的好政策。郝嘲諷，比說嘴沒人比得柯文哲，比做事國民黨所有 可能人選執行力都比柯強。

身為前台北市市長，郝龍斌透露，至少有3人曾向他表達意願並徵 詢其意見，其中1人確定會參選。至於這些人是否都是國民黨員？郝 龍斌未正面回應，僅簡單說，「這問題很好」！外傳黨中央曾徵詢回 鍋參選意願，他強調已經選過了，年底的角色「不是參選，是輔選」 。郝龍斌並表示，黨內已有2人表態參選台北市長，除非最後都決定 不選，否則黨不可能有徵召的空間。至於初選時程，郝龍斌說，農曆 新年後，3至5月都不會太晚，「民進黨不會派人，你急什麼」。

蔣萬安棄選，會不會再尋其他戰將？郝龍斌表示，他身為提名小組 成員，不適合扮演勸進角色。至於選情評估，他說國民黨不是沒勝選 機會，契機在於團結，此外，若黨提名人能爭取年輕世代認同，「大 概就贏定了」。但他也坦言，目前已表態人選中，訴求還沒有打到年 輕人的心。

 "
15,Apple,黨內頻放話 有人唱衰他 丁守中 「只把柯文哲當對手」,2018,1,24,"【陳燕珩、柯伶穎／台北報導】

國民黨前立委丁守中最早正式宣布參選台北市長，但不受高層青睞 ，立委蔣萬安宣布不參選後，藍營又頻點將，遭外界解讀對丁不滿意 。丁守中23日忍不住說，可能市黨部認為他還不夠強，又或是想炒選 情，但黨內確實有人在幕後頻放話、唱衰他，很多被點名的「強棒」 ，根本無心參選，不需要這樣鼓吹。

丁守中昨接受電台專訪，被問及市黨部先前力拱蔣萬安，蔣宣布不 選後，又點名包括江宜樺、葉匡時和李鴻源等人，市黨部還稱要找台 大教授李錫錕合作，似乎不看好丁的戰力。

丁守中表示，目前情勢都這樣了，市黨部還說要找別人，可能覺得 他強、但不夠強，或想炒熱選舉氣氛，這些都無所謂，不過那些被點 名的「明星」、「強棒」，民調都不如他，既然黨主席吳敦義說會有 公平的初選，就保持平常心，爭取各家支持。

國民黨北市黨部黃呂錦茹說，丁守中可能對市黨部有誤會，不管誰 出來選，都要通過黨內初選，目前丁較積極，但其他表態或可能參選 者也需了解、徵詢意見，沒有針對特定對象。

儘管有不少初選假想敵，丁守中強調，他只把台北市長柯文哲當成 對手，現階段他在藍營的支持度最接近柯，他分析，自己在29歲以下 支持度大幅落後柯，約是6比4，還需再補強，40歲以上支持度則領先 柯。

近日也傳出國民黨有意勸進副主席郝龍斌回鍋參選，台北市長柯文 哲昨表示，外在因素不是他可以控制的，「關心這個幹嘛」，應該是 做好能自己可控制的東西，選舉就照自己的步調走，要競選連任的人 ，把市政做好即可。

 "
16,Apple,醫生對醫生 泌尿科權威戰柯P 國民黨北市長奇兵 邱文祥被點名,2018,1,26,"【張潼／台北報導】

針對年底台北市長選舉，國民黨老將丁守中雖早已表態，希望代表 藍營挑戰現任市長柯文哲，但藍營卻不時傳出其他可能名單，繼藍委 蔣萬安後，前台北市副市長、泌尿科權威邱文祥也被點名，國民黨台 北市黨部主委黃呂錦茹也證實邱有參選意願。不過，邱迄今雖仍未表 態，但臉書最近出現「泌醫教父邱文祥」的粉絲專頁，似乎已為選戰 鋪路。

郝任內副市長 資歷完整

藍營陣中雖以丁守中最早表態爭取黨內提名參選台北市長，但基層 卻擔心丁守中「母雞帶小雞」的魅力不足，加上柯文哲在年輕族群有 高支持度，遂力拱蔣萬安披掛戰袍，直到蔣宣布不參選台北市長後， 又將目標轉移到郝龍斌市長任內的前台北市副市長邱文祥，盼「醫生 對醫生」的選戰，能為藍營帶來新契機。

59歲的邱文祥曾在郝市府擔任衛生局長及副市長，也在2011年起擔 任陽明大學醫學院長，2014年又轉任台北市立聯合醫院總院長，在醫 療、學術及行政上的資歷都相當完整。

國民黨副主席郝龍斌日前透露，確實有好幾人私下與他接觸，正在 評估參選意願，據傳，邱文祥就是其中之一；國民黨市黨部主委黃呂 錦茹昨晚受訪表示，在她還沒當主委時，確實就曾聽到邱文祥有意願 參選市長，且已經在籌備，包括了解市政議題、徵詢顧問人選等；等 到她就任主委後，因兩人過去都曾在郝市府任職，曾就是否參選一事 通過電話，只不過，邱文祥並沒有明確表態選或不選。

北市主委證實 邱有意願

黃呂錦茹說，每個人決定是否參加初選，一定都有其考量，尤其邱 文祥又是醫生，有他的職業抱負，當時他只在電話中表示要再徵詢友 人、長輩意見，後來雙方就沒再聯絡。此外，對於邱文祥是否是國民 黨籍，這部分她也不太清楚；以市黨部主委的立場，不會支持特定候 選人或特別等待誰表態，就等初選時看誰有來登記。

推出粉絲專頁 參選鋪路

不過，臉書近來出現名為「泌醫教父邱文祥」的粉絲專頁，據該粉 絲頁自稱，是邱文祥醫師的腦粉組成，並指邱個性低調、不太張揚， 但不怕衝撞、不怕摩擦，「該硬的時後硬、該軟的時候就軟」，粉絲 團除分享邱文祥的泌尿科專業資訊，也有不少關於邱的新聞報導及分 享邱的臉書內容，似乎是為了參選鋪路。

 "
17,Apple,藍喊縣市長過半 洪耀福回應「幹嘛客氣」 吳敦義出來選 民進黨就會有壓力,2018,1,26,"【曾薏蘋／台北報導】

國民黨主席吳敦義昨天喊出今年縣市長選舉目標要過半，民進黨祕 書長洪耀福回應，「全部拿就好了，幹嘛那麼客氣！」他說，蔣萬安 不選台北市長，是吳敦義最大的挫敗，「若吳敦義自己選，我們就會 有壓力。」

外界認為，國民黨立委蔣萬安不選台北市長後，民進黨自提人的機 率大增，但民進黨是否與台北市長柯文哲繼續合作？洪耀福表示，台 北市的局不用太早下定論，先看吳敦義有什麼牌可出，吳敦義可以自 己選，若新北市長朱立倫想跳下來承擔參選台北市，那吳敦義的202 0就出局了，「我對吳敦義太好了，每天在教他，國民黨應該把祕書 長薪水撥給我。」

民進黨要在年底縣市長選舉中拿下幾席？洪耀福說，目前還沒有確 定數字，至今固守執政、搶攻其他，寸土不讓、寸土必爭；重要是先 佈局，不是先講幾個縣市，大概之前傳出要參選台北市長的立委蔣萬 安不選，讓吳敦義很挫折。

洪耀福說，蔣萬安不選是對的，這孩子很聰明，吳一直希望藉由蔣 萬安在2020大選時，幫自己吸收深藍選票，但是蔣萬安不希望當吳敦 義2020的棋子，雖然政治上，蔣很年輕，卻很有自己的想法。

不過，洪耀福也認為，國民黨在台北市就算沒有蔣萬安，丁守中也 是持續悲劇，人生最大悲劇莫過如此，「沒有蔣萬安，也還不是他」 。

民進黨新北市長人選陷入膠著，傳出基層要「大咖」來選，被問到 目前有意參選的立委吳秉叡，是否能擔起「領頭羊」的角色？洪耀福 表示，「任何明星都是鍛鍊出來的，沒有人天生下來就是明星。」眼 看國民黨3月就要提名，洪說，就先看國民黨殺的狀況怎樣。

至於台中市長的選情，洪耀福說，吳敦義到台中的行程都是參選人 立委江啟臣在陪，所以吳敦義應該傾向支持江。「但若是立委盧秀燕 出線，吳主席又是繼蔣萬安後，再挫折一次！」

依目前各媒體公布年底縣市長選舉民調，民進黨不太樂觀，洪耀福 認為，戰況未明，尚未定輸贏，但這樣也好，要有危機意識，目前民 進黨尚未有哪幾個縣市感受到壓力，「但若吳敦義選雙北或南投，民 進黨就會有壓力。」。

 "
18,Apple,李鴻源也是匹大黑馬 拔柯藍將 至少還有3人,2018,1,26,"【張立勳／台北報導】

立委蔣萬安宣布不參選台北市長後，藍營士氣大挫，但國民黨副主 席郝龍斌透露，除了前立委丁守中、前行政院發言人鄭麗文表態爭取 外，保守估計可能會宣布的有3位，黨內人士分析，人選除了前副市 長邱文祥有參選意願外，還包括內政部前部長李鴻源、立委李彥秀， 甚至是前台北縣長周錫瑋。

黨內人士表示，當蔣萬安宣布不選後，邱文祥在老婆支持下，確實 有意願投入台北市長選戰，他不但是泌尿科權威醫生，又曾在郝龍斌 時期擔任副市長，有在北市府行政經驗，且身段柔軟善於溝通，府會 關係處理佳。

黨內人士說，邱文祥若出戰柯P，可望形成醫生PK醫生的打法，由 於柯文哲是無黨籍，藍營看好邱文祥「循柯P模式」，以無黨籍身分 與國民黨合作「拔柯」。

據了解，藍營內部也希望推「奇兵」，在前行政院長江宜樺、前交 通部長葉匡時表示無意願後，要在3月初選有機會一博的人選，恐怕 只有李鴻源，不論是他的從政資歷、專業及與親民黨良好關係，李鴻 源有征戰柯文哲的爆發力。

有黨內人士推敲，國民黨若派出女性對決柯文哲，也是不錯的選擇 ，從市議員成功轉戰立委的李彥秀是不二人選，不但對市政熟悉，人 氣也相當高。

此外，藍營基層傳出周錫瑋若初選民調拚不過新北市副市長侯友宜 ，可望轉戰參選台北市長，以目前檯面上人選來看，周錫瑋年齡、行 政經驗等各方面也不輸柯文哲，他更知道如何正面迎戰柯文哲，頗有 勝算。

 "
19,Apple,表態挺姚文智選北市長 姚立明奔敵營 柯P「不撕破臉」,2018,2,1,"【鄭舲、張潼、陳燕珩／台北報導】

國會觀察基金會董事長姚立明表態支持民進黨立委姚文智參選台北 市長，姚立明說，姚文智要展現參選決心，才會燃起支持者的熱情， 當選機率才會增大，他會傾全力支持姚文智參選到底。

姚文智先要展現參選決心

人在荷蘭參訪的柯文哲對「姚姚」合，原本是四兩撥千斤，稱不能 控制的事不用煩惱，等到真的發生再煩惱就好，「他（指姚立明）只 是說可能，又不是說一定」；但不到24小時，「姚姚」真的同台現身 ，且姚立明還措辭嚴厲痛批柯文哲。

面對姚立明嚴詞批評，柯文哲表示，選戰基本戰略是朋友要多、敵 人要少，隨著選戰進行，集團一定會變大，重點是不要撕破臉，才能 留下日後可以合作的空間；至於目前與姚立明關係如何？他說，也還 好，一起吃飯沒問題。

姚文智日前表達「不惜脫黨參選」，姚立明說，「如果他沒講，我 根本不會表態，」希望姚文智繼續這個決心，表達給民進黨基層看到 他勇往直前的態度，也希望民進黨能看到，在台北市提名自己人選， 若民進黨不提名，支持者不知該如何投票，甚至不投票，這對民進黨 的議員選舉大為不利。

痛批柯文哲背離選前承諾

如果姚文智出來，姚立明說，國民黨一定有候選人，加上尋求連任 的柯文哲，勝選機會是三分天下。

姚立明舉例，在2013、2014年柯文哲民調落後非常多，柯參選意志 力激起支持者熱情，所以柯不是單獨一個人在選，是支持者幫忙一起 選。現在是三足鼎立，誰能脫穎而出就要看選舉過程，所以他強調要 展現參選意志力。

不過，姚立明也說，近來多份民調都顯示，柯在泛綠的支持度已經 剩下1成多，2014年他大幅領先是因為有將近9成的民進黨支持者都投 給他，現在不到兩成，剩下的6、7成選票到哪去，或是歸屬於誰？就 是很大問題。

姚立明說，這些選票是柯文哲自己遺失掉了，他的價值觀已經與絕 大多數人的價值觀不相同，「他去擁抱汪希苓又去看鄭南榕，這是很 混亂的價值。」一個沒有價值的政治人物會隨自己利益需求擺動，非 常危險，這是他無法繼續支持柯文哲的理由。

丁守中酸姚 立志爭第2

被問及是否背叛柯文哲？姚立明笑說，「他不是說他沒有朋友，哪 有背叛的問題？」柯文哲今天自己背棄選前承諾的價值，當然就不能 隨他而去。

姚文智在獲得姚立明相挺後，自稱「信心大增」，宣誓自己有參選 到底的決心，也有把握把擬參選的國民黨前立委丁守中「打成第3名 」。丁守中則在臉書PO文回嗆，民進黨遭柯綁架，身為執政黨，竟然 在首都提不出市長候選人，已被柯P看扁了，連市民都在看笑話。

他請姚文智不要自嗨，希望姚文智拿出骨氣參選，更要說到做到。 丁守中並嘲諷，自己唯一的目標就是要選贏柯文哲，成為第一名，姚 文智應該有點志氣，「還沒選就立志爭第二名，難怪柯P根本不把民 進黨放在眼裡啊！」。

 "
20,Apple,丁守中批「黑箱、窩裡反」 李錫錕指白色力量「該換燈泡了」,2018,2,4,"【張潼／台北報導】

台大最狂教授李錫錕（Power錕）被點名參選台北市長，外界還形 容他是有別於柯文哲的另一股白色力量。談到此次台北燈節爆發「私 會廠商」爭議，他直言，柯當了3年市長還犯基本錯誤，可見沒有能 力當市長；另名擬參選市長的國民黨前立委丁守中也諷刺，這是「被 副市長認證的柯P黑箱」。

民進黨議員何志偉3日邀李錫錕與2名藍綠市議員參選人鍾佩玲、鍾 沛君對談，跨世代討論市政，李錫錕席間以「欲罷不能、呼之欲出」 ，形容自己對參選的想法，同時，他還對柯文哲諸多言行提出質疑。

以台北燈節為例，行之有年的活動爆出副市長批評市長違反行政體 制，李錫錕認為，這就代表了柯沒有能力當市長，就算不知道面對廠 商應該怎麼辦，可以問一下法務單位，結果柯文哲解釋自己是臨時被 廠商攔截，但又說會檢討，那到底是有沒有錯？這也令人忍不住懷疑 ，其中有沒有隱情？

此外，李錫錕也認為，現在柯所代表的白色力量，就像一個不亮的 燈泡，應該要換燈泡，不一定要換成自己，但柯的確讓白色力量失望 了。不過，雖然他對參選的態度是「欲罷不能、呼之欲出」，但經費 是一大問題，且還要證明選民需要他，否則的話，「我已經70歲了， 進殯儀館前，讓更多人快樂、國家社會進步，是我加在自己身上的責 任。」

除李錫錕質疑，丁守中也對台北燈節爭議開炮。丁守中直指，柯文 哲最喜歡罵前朝黑箱、弊案，結果自己的副市長窩裡反，說他違反行 政體制，不但私下見廠商，還承諾幫忙募款，這不叫黑箱，什麼叫黑 箱？呼籲柯應對外說明清楚，到底和廠商談了什麼。

 "
21,Apple,零負評政治素人 促進藍營團結 國民黨基層點將 周美青戰柯Ｐ,2018,2,5,"【陳燕珩／台北報導】

國民黨前立委丁守中、前行政院發言人鄭麗文雖已表態參選台北市 長，黨內仍持續點將。台北市議員陳重文認為，若黨內派出前總統夫 人周美青迎戰現任市長柯文哲，贏回北市指日可待；但有議員直言， 周是不可能的人選，再亂點鴛鴦譜，只會造成藍營內耗，對選情沒幫 助。

酷酷嫂助選 超級吸票機

前總統馬英九和夫人周美青的聯名春聯超夯，逾25萬份被民眾搶光 ，不少議員有感於藍營人氣回升。陳重文表示，許多選民看準酷酷嫂 周美青待人謙和、有魅力，過去幫馬輔選堪稱「超級吸票機」，幾乎 零負評，紛紛建議勸進她出征北市，若由同是政治素人的周美青對戰 柯P，藍營基層勢必大團結。

陳重文認為，藍營年底要勝選，不能只坐等「白綠分裂」，必須推 出耳目一新的人選。他強調，丁守中是很好的參選人，在地方經營很 久，但選票上跟柯文哲有區隔，周美青則能吸引年輕族群，瓜分柯部 分選票，既然基層有拱周的聲浪，作為民代就幫忙反映出來。

不過，國民黨議員汪志冰憂心說，不論是周美青、邱文祥或蔣萬安 等人選，都非常優秀，問題是被勸進的人根本不想選，已表態的人反 被當成空氣，這對選情毫無幫助，反而會造成國民黨內耗，年底要打 贏選戰已經很艱難，黨內應目標一致、方向明確，別再亂點鴛鴦譜。

議員批亂點將 增黨內耗

她表示，國民黨有很多優秀人才，想選就大方表態、參加初選，旁 人一直幫忙點將，不僅是羞辱已表態的同志，也是在吃不想選的人豆 腐，這會讓藍營支持者認為內部不團結，更是讓對手看笑話。

夫人的事 馬辦謹慎不回應

國民黨議員王鴻薇也認為，周美青是「不可能的人選」，不過馬英 九夫婦春聯如此搶手，起碼可看出國民黨人氣回升，未來不論由誰出 征，若兩人能幫忙輔選、站台，會有加分作用；至於基層各有各的看 法，拱誰都沒關係，重點是黨籍主管不要亂點將就好，最終還是要回 歸機制決定人選。

對於周美青是否有意願參選北市長，馬英九辦公室謹慎地說，「夫 人的事情，無法回應。」。

 "
22,Apple,要不是我放手 馬大概追不過我 胡志強讚周優秀 「非常喜歡她」,2018,2,5,"【周毓翔、郭建伸／台北報導】

國民黨力拚2018勝選，但黨內苦無領頭羊，基層有聲音盼前第一夫 人周美青能夠出來參選台北市長。前台中市長胡志強昨受訪時表示， 如果周美青願意參選是好事，但他不認為周會肯出來選。

全國公教軍警暨退休人員聯合總會會員大會昨日舉行會員大會暨理 監事改選，擔任總會長的胡志強就周美青參選北市的看法，表示「大 概做不到吧！我非常喜歡她，也非常尊敬她，我們交情可以說很遠， 『當時要不是我放手，馬英九大概追不過我』，我喜歡周美青，但我 不相信她肯出來，她要是肯出來選是好事。」

胡志強稱讚周美青為人處世謙恭禮貌，很多方面又表現出很強的能 力與修養，是很優秀的人；如果公平審視的話，應該可以超過台北市 長柯文哲，周美青不太會講錯話，反而是柯文哲講話太直接，大家不 習慣，周就不會。

台北市長擬參選人鄭麗文則表示，過去也有人拱周美青選總統，但 大家都知道她對政治沒興趣。

國民黨副主席郝龍斌則認為，這主要是凸顯大家對周美青過去作為 的肯定，也是相對於民進黨現在做很糟的狀況，給予國民黨過去執政 的肯定。

郝龍斌也喊話，要大家把注意力多放在已經宣布參選的丁守中及鄭 麗文身上，媒體的關注對他們很重要。他說，仔細檢視柯文哲的政績 就知道他其實沒做什麼事，他對丁、鄭兩人都有信心。

鄭麗文也說，台北市選情已經相當明朗，目前有強大動力參選的就 是她與丁兩人，既然如此，過完年就該儘速啟動初選民調，台北市沒 有複雜地方派系，全民調結果應該大家都能接受，趕快透過機制決定 人選。

 "
23,Apple,抓緊春節行銷 拉近與選民距離 市長參選人 應景小物PK,2018,2,6,"【柯伶穎／台北報導】

2018春節剛好遇上年底縣市長選舉，參選人抓緊農曆年節時機，透 過春聯、紅包等應景小物行銷、拜票，「輸人不輸陣」要拉近選民距 離。已表態參選的民進黨立委姚文智、請漫畫家題字「台灣犬勝」春 聯；爭取國民黨提名的前立委丁守中則跳脫傳統，設計可愛版春聯與 紅包袋；而尋求連任的台北市長柯文哲，則有春聯及發財金。

六萌犬發財金 可愛討喜

台北市產發局自2008年起推出「一塊錢發財金」，年年搭配出生肖 設計出不同新意，讓市長春節和民眾拜年時發放，不少民眾都藉此討 吉利收藏。北市府今年推出「六萌犬圍爐發財金紅包」共六款、三萬 份，可愛造型連總統蔡英文也想收藏一套，柯文哲預定2月7日在迪化 、寧夏商圈，2月9日在台北後站、華陰街、台北地下街，2月11日在 榮濱商圈發放發財金紅包。

台灣犬勝 彰顯台灣價值

姚文智進來積極拉抬參選聲勢，更不會錯過春節的好時機，特別請 來台灣漫畫家題字設計春聯與紅包，主題則是「台灣犬勝」，取諧音 「全勝」，也以台灣土狗忠誠、忠心、生活適應力極佳、更具靈性的 特性，彰顯「台灣價值」的精神，姚文智共準備一萬份春聯，加上一 組3份的紅包袋共6萬組，預計自6日起與民進黨籍議員開始跑遍台北 市12區菜市場拜年。

福滿版春聯 傳統有新意

國民黨陣營的丁守中為了拉近與年輕人的距離，邀請年輕團隊設計 可愛版春聯與紅包，春聯以「福」、「滿」二字倒過來的外形作為架 構，取其福到、滿到之意，既傳統又有新意，紅包袋則因應拜票定點 ，設計花市、廟宇、菜市場設計三款不同造型。

前行政院發言人鄭麗文雖沒打算推過年小物，但競選團隊表示，過 年期間預定到廟宇拜訪，考量各大廟宇有自己的春聯或發財金等，於 是決定先緩緩，未來會推出其他不同文宣。

 "
24,Apple,批柯P不了解民間疾苦 丁守中開支票 都更一坪換一坪,2018,2,11,"【張立勳／台北報導】

花蓮大地震引發民眾對居住安全的關注，最好的辦法就是都市更新 改善，台北市長柯文哲日前指出，都更戶別幻想一戶換一坪、外加車 位，一毛錢都不用出，國民黨市長擬參選人丁守中10日抨擊柯「沒有 同理心、不了解民間疾苦」，更承諾當選後用容積獎勵，以「一坪換 一實坪、外加一個停車位」鼓勵民眾舊換新，且要成立直屬市長的「 緊急災變防救局」。

北市40年以上的老舊房屋約有40萬戶，耐震係數嚴重不足，萬一發 生地震恐造成上千棟建築倒塌，巷弄狹窄也使救災困難，不料，柯文 哲卻講出都更一坪換一坪加車位是幻想，還說市民的腦袋需要都更。 丁守中昨說，為提升居民安全與城市防災，北市府責無旁貸。

丁守中強調，雖然當前都更推動困難重重，但眼看目前台北市民平 均居住空間只有6.2坪，屋齡平均34年，全台最老舊，耐震係數嚴重 不足。為提升市民居住安全與城市防災，應全力以大幅容積獎勵方式 協助市民舊居換新屋，他更喊話，「有能力對付釘子戶！」

丁守中痛批，柯文哲沒有關懷心、同理心，自己住在8000萬的豪宅 ，不了解民間疾苦。他說，因為北市人口逐年減少，容積用不完可以 全力以大幅容積獎勵方式，加高樓層、縮小建蔽率，使道路、公園變 大，協助市民舊屋換新屋，如果當選市長一定辦得到一坪換一實坪， 外加一個停車位。

面對批評，北市府發言人劉奕霆表示，市政並非只是喊口號，市府 都更已有成果，會持續努力。

此外，丁守中還說，以台北市的地理環境與氣候條件，城市的防災 減災更重要，擔任市長後，將比照國際大都會在消防局的救災工作外 ，另成立「緊急災變防救局」專責機構，負責各項天災與人為災變的 防災、減災、監測及定期安檢，進一步保障市民生活與居住安全。

 "
25,Apple,逾95%房屋加蓋 遇地震很危險 歐晉德籲北市建防災機制,2018,2,11,"【張立勳／台北報導】

花蓮大地震後，各界關心台北市房屋老舊問題，前台北市副市長歐 晉德10日提出警告，台北盆地地質脆弱，卻有逾95％的房子加蓋，一 旦建築物不夠堅固又超載，遇上地震時是最危險的，呼籲北市建立防 災減災機制，並全面都市更新。

國民黨台北市長擬參選人丁守中昨天與歐晉德、前台灣科技大學副 校長李咸亨、中華民國結構技師公會理事長蔡榮根，共同出面，要求 北市府建立防災減災機制。

台灣位於歐亞、菲律賓板塊，地震頻繁，歐晉德指出，早期建築工 程品質管制不足，台北市逾95％的房子有加蓋，由於台北盆地先天地 層軟弱，萬一房屋結構不夠堅固，加上額外超載，遇到地震會非常危 險。

蔡榮根表示，台北市令人憂心的是，老舊公寓華廈一樓被任意拆牆 做賣場、超商或餐廳，二樓以上增加很多磚牆隔成小套出租、大型屋 頂違建，不但降低耐震能力，還增加地震力的威脅，強震來襲肯定首 當其衝。

他以台南維冠金龍大樓倒塌為例，政府雖訂有耐震評估補助辦法， 但民眾擔心評估後，若住戶不願分擔經費進行補強，結果成為政府登 記有案的「結構不安全建物」，反而影響房價，建議仿效日本，由公 有行庫提供無息或優惠貸款，協助民眾加速補強。

此外，土木技師張仕權說，老舊建物只要外牆沒有太大改造，尤其 是一樓的磚牆不能被打掉，他建議政府，應快速開始調查花蓮災區附 近房屋現況，蒐集房屋抗震性能資料，做為將來評估老舊房屋耐震能 力依據。

 "
26,Apple,北市長選戰 親英系民調拋風向球 綠8成支持者 主張和柯P分手,2018,2,15,"【曾薏蘋／台北報導】

民進黨親英系的台灣世代智庫昨天公布台北市長民調，近8成民進 黨支持者主張與柯文哲分手，自提參選人。若不分政黨認同屬性，在 民進黨提名姚文智、國民黨提名丁守中與現任台北市長柯文哲形成三 足鼎立時，姚文智支持度16.1％、丁守中26.6％，而柯文哲支持度最 高，得到44.2％。

柯車拚藍綠 44％領先

今年底即將舉行台北市長選舉，民進黨內是否提名或要禮讓柯文哲 ，至今尚未明朗，民進黨現有姚文智及前副總統呂秀蓮爭取提名，依 台灣世代智庫民調顯示，民進黨支持者有66.5％支持黨提名姚文智， 姚文智的支持度及綠營要求自提人選78.8％，兩者的比率都來到新高 。

台灣世代智庫指出，民進黨支持者對柯文哲支持度一路下降，已降 至約3成，顯示這1個月來，民進黨與柯文哲台灣價值差異的效應已逐 漸發酵並產生「位移」，民進黨基層對與柯文哲分道揚鑣的想法漸成 共識。

若不分政黨認同屬性，69％認為民進黨與柯文哲的價值理念不同； 若是民進黨支持者，高達76.9％認為民進黨與柯文哲的價值理念不同 。

綠營自提 支持度新高

民調顯示，不分政黨認同屬性，36.7％支持提名姚文智，19.4％支 持提名呂秀蓮。智庫認為，過去媒體民調中，姚文智的支持度約在1 0％，但此份民調中，姚文智為16.1％，丁守中則相對穩定，顯示隨 著姚、呂宣布參選及蔡英文總統日前「偏心姚文智」等說法，選情已 逐漸產生變化。

智庫分析，柯文哲目前仍暫領先，但民進黨基層逐漸回歸、轉向， 速度若加快，未來民進黨、國民黨、柯文哲三足鼎立的局面極可能成 形，競爭將會加劇。

智庫認為，結果顯示姚文智去年12月中宣布參選後，已爭取到過半 民進黨支持者歸隊，逆勢上揚，但仍有待繼續努力，爭取更多民進黨 選民支持。

本次調查由台灣世代智庫主辦，委託全國公信力民調公司執行，調 查日期為2018年2月8日至9日，總計成功訪問1076位20歲以上民眾， 在95％信心水準下，抽樣誤差不超過正負3％。

 "
27,Apple,國民黨初選 張顯耀也要參戰,2018,2,15,"【陳彥宇／台北報導】

年底台北市長選戰，國民黨派誰出征仍是未定之數，如今又傳出前 陸委會副主委張顯耀擬在年初五（20日）宣布投入北市長初選，在黨 內投下震撼彈。張顯耀昨受訪時並未正面回應，僅表示他確實受到很 多長輩、朋友勸進，等到農曆過年後情勢就會明朗，「我在認真考慮 」。

國民黨目前表態參選者，包括前立委丁守中、前行政院發言人鄭麗 文，但鄭麗文因母親跌倒，在本月6日宣布停止選舉行程。黨中央提 名協調小組成員、副主席郝龍斌日前曾透露，保守估計仍有3人可望 參選，張屆時是否宣布參選，引發關注。

張顯耀嫻熟兩岸業務，但在2014年涉入共諜案疑雲，時任陸委會主 委王郁琦指張，「工作有疑點，必須調離現職，接受調查」，調查局 也以外患罪、洩露國防以外機密罪等罪嫌法辦，最後台北地檢署以罪 證不足，對張予以不起訴處分。

對於是否參選，張顯耀昨強調，參選台北市長對他而言是很重要的 事，會再向重要人士請益，等到農曆年後就知道答案。

除了張顯耀之外，郝市府時期的副市長、醫界出身的邱文祥，也傳 出評估參選北市長。邱與現任市長柯文哲背景相同，且都為無黨籍， 是否正式表態參選，會不會與藍營協調推出一組參選人，可望在農曆 年後揭曉。

黨務人士指出，台北市民對於張顯耀、邱文祥可能較不熟悉，兩人 都還有努力的空間，但畢竟是攸關首都之戰，樂見炒熱黨內提名氣氛 。

國民黨組發會主委李哲華說，黨中央提名協調小組已經規畫，北市 長選舉提名將採行公平、公正、公開的初選機制。台北市黨部預計農 曆年後，將初選相關期程提報給黨中央。

 "
28,Apple,和神明搏感情 參選人馬不停蹄 宮廟政治學 過年搶票必修課,2018,2,20,"【地方中心／綜合報導】

神明不分藍綠，每逢選舉，候選人即使信仰不同，「不拿香對拜」 ，但都得必修「宮廟政治學」。雲林縣長李進勇身為基督徒，但為獲 得縣民認同，也不得不跟神明攀關係，大年初一至初三跑了全縣42間 廟宇；對手、國民黨雲林縣長參選人張麗善也不遑多讓，3天下來也 跑遍40多間廟宇，盼透過跟神明搏感情，拉近與選民的距離。

藍綠下屆雲林縣長參選人立委張麗善、雲林縣長李進勇，趁新春展 開地毯式的宮廟「拜票」。李因篤信基督教，除了到教會拜年發福袋 ，初一至初三也馬不停蹄地跑了全縣42間廟宇，但他亦有不拿香的堅 持，以雙手合十及鞠躬代替，藉以在個人信仰和世俗文化間取得平衡 ；張也跑遍全縣發紅包，並提出Ｌ廊帶宗教文化觀光發展構想，較勁 意味濃。

基督徒李進勇 3天跑42廟

民進黨台南市長初選競爭激烈，蔡英文大年初一南下全台首廟天壇 參拜時，陳亭妃、黃偉哲、顏純左、葉宜津、王定宇、李俊毅等角逐 民進黨台南市長提名的參選人全數到齊；前台南市長、現任行政院長 賴清德17日會同高雄市長陳菊前往南鯤鯓代天府參拜時，陳亭妃、黃 偉哲、顏純左均特地前往陪同。

民進黨嘉義縣長初選2位候選人張明達及翁章梁，農曆春節期間也 片刻不得閒，勤跑各大廟宇開廟門、參拜、發紅包及福袋，用不一樣 的方式與民眾拜年。

台北市年後藍綠初選態勢將明朗化，表態參選者春節假期勤走宮廟 ，台北市長柯文哲光是初一、初二就跑了28間宮廟；綠營的前副總統 呂秀蓮、立委姚文智，春節也走訪多間寺廟；國民黨前立委丁守中3 天造訪22間宮廟。

親近選民信仰 有拜有保庇

尋求連任的嘉義市長涂醒哲，過年期間前往上帝廟、朝天宮等廟宇 參拜祈福。表態脫黨參選的嘉市議長蕭淑麗製作「旺旺福氣狗」狗毛 巾、金筆等文宣小物，到各大廟宇發送；前市長黃敏惠亦透過廟宇走 春分享創意紅包。

新北市參選人也不得閒，副市長侯友宜看似只有3場公開行程，遠 不及對手周錫瑋連跑36間宮廟，但據了解，侯私下行程滿檔，幾乎2 9區跑透透。綠營方面，立委吳秉叡春節期間連走26間宮廟跟民眾拜 年，大年初一更有前行政院長蘇貞昌幫忙站台。

蔡英文在大年初一到台東天后宮發紅包，參選台東縣長的黨籍立委 劉櫂豪，隨著蔡腳步到廟中與民眾握手寒喧；國民黨籍的縣長參選人 議長饒慶鈴，則在初三到天后宮上香發紅包。

 "
29,Apple,柯P蹺腳捻嘴鬚 台北市長選戰 藍綠大亂鬥,2018,2,21,"【周毓翔／台北報導】

2018選舉加溫，台北市長柯文哲力拚連任，不過藍綠叫陣者愈來愈 多，綠營基層也盼自推人選，藍、綠挑戰者各足以組成「棒球隊」、 「籃球隊」。儘管藍綠內部都曾有人主張與柯文哲整合，但情勢發展 ，三方拉鋸，整合更加困難。

挑戰柯 籃球隊+棒球隊

綠營內部多份民調顯示，有7∼8成綠營支持者希望民進黨自推人選 ，由於結果趨向相同，藍綠陣營皆大受鼓舞，認為有向柯P挑戰的空 間，多位「潛水」參選人相繼浮出表態角逐台北市長。

在綠營部分，以立委姚文智與前副總統呂秀蓮最積極，前台南縣長 蘇煥智亦在評估中。民進黨內也有人屬意金管會主委顧立雄、行政院 發言人徐國勇，或是文化部長鄭麗君等人出來做「黑馬」。綠營人選 已可組成籃球隊，基層期待自己人參選的心情可見一斑。

柯綠整合有可能破局，國民黨最近也陸續有人喊要參選。前陸委會 副主委張顯耀昨日發表參選聲明，特別呼籲「民進黨一起討伐柯文哲 」。前立委孫大千參選聲明標題就寫著「尋找P（Pure）」，向「柯 P」叫陣意味濃厚。

爭出線 自家人先打一輪

相較民進黨的「籃球隊」陣容，國民黨的陣容可說是「棒球隊」等 級。除了表態參選的丁守中、張顯耀、孫大千、鍾小平外，加上日前 宣布暫停選舉活動的鄭麗文，被點名過能選的還有李鴻源、蔣萬安、 張善政、邱文祥、李慶安、曾銘宗、江宜樺，再加一個「Power錕」 李錫錕，可謂人才濟濟，但到底要提名誰？國民黨中央尚未鬆口，要 先看民進黨如何下這一盤棋。

互牽制 藍綠白面臨硬仗

柯文哲與藍綠儼然形成了相互牽制的「三角關係」，儘管藍綠都有 人主張過與柯整合，但如今情勢發展已愈來愈無可能。民進黨基層盼 自推人選，對國民黨而言，在藍大於綠的台北市，若出現泛綠分裂的 機會，肯定不會放過。三者不退的情況下就形成了三方拉鋸。

不過柯文哲具有高知名度，儘管市府小內閣頻出狀況，仍有不少死 忠支持者，對藍綠都是一場硬仗。若藍綠最後均選擇推人參選，與「 白色力量」之間的競合結果，將是今年選舉最具看頭的部分。

（相關新聞刊A3）。

 "
30,Apple,爭相參選台北市長 國民黨進入戰國時代 藍營強棒競逐 勝柯機率才高,2018,2,21,"【張立勳／台北報導】

年底台北市長選舉陷入大亂鬥的戰國時代，光藍營表態或有意參選 的人數幾乎可以組成一支棒球隊。最早宣布競選的國民黨前立委丁守 中20日表示，這代表大家都對市長柯文哲的施政不滿，市民可以從藍 營眾多人選中考慮，選出最強的人，這樣國民黨勝選機率才會更高。

張顯耀孫大千 相繼表態

台北市長選情渾沌不明，藍營繼丁守中、行政院前發言人鄭麗文投 入市長初選後，陸委會前副主委張顯耀、前立委孫大千也在過年期間 宣布參選，北市議員鍾小平預計24日宣布，此外，台大教授李錫錕、 前內政部長李鴻源及前北市副市長邱文祥也有意選市長。

張顯耀21日將以「贏回台北，捨我其誰」為主題，正式表態爭取國 民黨提名參選台北市長，他說，如果有機會，要把台北市打造成藝術 、文化、生活之都，擴大敦化南北路徒步區，成為台北的香榭麗舍大 道。

孫大千也在臉書貼出參選聲明，要尋找「台北的P」，也就是Pure ，讓台北變成台灣的領頭羊，帶領台灣與國際競爭，他希望嘗試一場 完全在數位平台上操作的選舉，翻轉台灣政治、終結惡質選風，21日 晚上8時將召開直播說明會，發表參選緣由。

黨內初選 找出最強的人

近來在北市重要路口豎立「萬安不來、小平來」看板標語的鍾小平 ，這周六將效法柯文哲「一日雙城」，騎自行車到高雄正式宣布參選 台北市長。

對於有愈來愈多人表態投入黨內市長初選，丁守中20日說，競爭者 眾就代表大家對柯文哲的施政不滿，黨內初選就像擂台賽，愈多人參 加才會愈強，他一點都不會有壓力，市民可以從眾多人選中考慮，選 出最強的人，國民黨勝選機率更高，歡迎大家都到北市選，畢竟北市 是首都，要有最好的人選才能贏回台北驕傲。

丁守中指出，倒是民進黨有前副總統呂秀蓮、立委姚文智宣布參選 北市長，可見民進黨內菁英對黨中央支持柯P的態度強烈不滿，黨主 席蔡英文完全是為了自己的私心，禮讓柯避免來搶總統大位，最後也 將自食惡果。

 "
31,Apple,張顯耀、孫大千 宣布參選北市長,2018,2,22,"【陳彥宇、周毓翔／台北報導】

年底北市長選舉，藍營參選熱鬧滾滾，前立委張顯耀、孫大千昨先 後宣布投入國民黨北市長初選。張顯耀昨召開「贏回台北，捨我其誰 」參選記者會，細數市長柯文哲5大不適任理由，誓言讓國民黨重返 執政，終止柯P無厘頭、即興式施政，並帶領北市跨入兩岸，進軍國 際。

張顯耀昨抨擊，柯文哲人格特質高傲自大，缺乏包容與整合力，政 不通人不和，以即興方式治理市政，使大巨蛋案等重大建設停滯；柯 上任後北市國際競爭力下滑，經濟發展與就業成績，雙雙讓人失望， 年輕人看不到未來，市民失去光榮感與驕傲。

張顯耀說，他曾在國安會任職，當過立委，也曾在海基會及陸委會 擔任政務官，兼具行政經歷及民代經驗；54歲的他正值壯年，又有國 際視野，當選後將打造一流市政團隊，規畫市政藍圖。

張顯耀表示，未來當選將成立創業局，設創業基金，要讓兩岸經濟 對接，跨進國際市場。同時，將複製巴黎經驗，把敦化南北路林蔭大 道，打造成香榭大道。

對曾涉共諜案張顯耀在記者會上出示北檢不起訴書，強調其清白。 他說，很感謝「那一、兩位有誤解的朋友」，也感謝馬前總統給他歷 練機會。他將引以為戒，重用人才，信任部屬。昨記者會包括中常委 沈智慧、侯彩鳳等人皆與會，但未見大咖出席。

相較張大動作開記者會，孫大千則透過臉書直播宣布參選。他強調 要以新方式來選舉，所謂強調排場、找天王大老加持，已是舊時代思 維。孫大千指出，如今是數位化時代，國民黨應轉型，因此他將用新 方式，不用大排場造勢、組織動員，改用網路平台說，藉此改變國民 黨。他直言，柯文哲認為藍綠都可能打不贏他，所以目前對選情毫不 在意，國民黨不能再拘泥鞏固基本盤思維，否則將永遠站不起來。

孫大千希望給台北市定義不同的價值跟品牌，他認為台北與其他縣 市有巨大落差，台北人應要有承擔的態度，在想要什麼前應想能付出 什麼，台北是中華民國首都，應做台灣火車頭，跟各縣市分享台北資 源。

除張顯耀、孫大千外，藍營爭取提名參選者還包括前立委丁守中、 北市議員鍾小平及前政院發言人鄭麗文，國民黨最遲3月啟動黨內全 民調初選機制。

 "
32,Apple,挑戰雙北 蘇煥智3月3宣布參選,2018,2,23,"【張潼、曹婷婷、曾百村／綜合報導】

前台南縣長蘇煥智3月3日將於台大校友會館舉辦參選記者會，22日 受訪仍語帶保留未透露細節，但外界認為宣布挑戰雙北市長可能性高 。國民黨眾多打算選台北市長的參選人昨天也齊聚市黨部新春團拜， 形成既有「年味」又有選戰煙硝味的氣氛。

蘇煥智去年就曾透露，2018年一定會參選直轄市長，當時雖未直接 說要選台北市，但外界多認為選雙北市的機會較高。他昨天接受訪問 時證實3月3日要開記者會，但對於要參選哪個縣市、若黨內未提名他 是否考慮脫黨參選等問題仍未鬆口，僅表示「當天會正式宣布」。

蘇煥智話鋒一轉，語重心長地說，他從年輕時代就推動台灣民主運 動，如果現在這些困境造成台灣沒有前途，那就好像自己一生、一事 無成一樣，變成一場空，所以才決定要出來做點事，讓社會可以再度 活化、有生命、有競爭力。

蘇煥智曾擔任台南縣長9年，行政經歷豐富，將盛產滯銷、面臨被 當垃圾丟棄的愛文芒果，成功外銷日本，抬高芒果身價，也爭取在後 壁設立蘭花生技園區，形塑台南成為重要的蘭花生產聚落。

有意爭取國民黨提名的前立委丁守中、前陸委會副主委張顯耀等人 與台大教授李錫錕，昨天同台出席市黨部活動。立委蔣萬安向張顯耀 握手致意，並鼓勵加油，兩人附耳、相談甚歡，頗有惺惺相惜之意。 市黨部主委黃呂錦茹表示，3月會開始初選程序，預計4月底、5月初 人選出爐。

此外，陽明山花季昨天正式開跑，台北市長柯文哲表示，根據《選 罷法》公布號次後就要請假，他可能會在11月8日後請假開始選。

 "
33,Apple,徐巧芯嫁了 「偏心也要偏巧芯」,2018,2,26,"【周毓翔／台北報導】

準備投入國民黨台北市議員初選的馬辦發言人徐巧芯，昨天舉行婚 禮，嫁給「網路溫度計」總監劉彥澧。前總統馬英九擔任證婚人，妙 語如珠，笑翻全場，馬英九更引用蔡英文總統的「梗」，要新郎「偏 心一定要偏巧芯一個，巧芯是你心裡最軟的一塊。」

徐巧芯是國民黨最具知名度的年輕代表，婚禮冠蓋雲集。除馬英九 外，新北市長朱立倫、國民黨副主席郝龍斌都到場致詞，立委費鴻泰 、賴士葆、蔣萬安、王育敏、曾銘宗等人亦來祝賀。

適逢選舉年，婚禮瀰漫著政治味。除徐巧芯在拚初選，同樣力拚國 民黨台北市議員初選出線的李明賢、鍾沛君及游淑慧也來參加婚禮； 代表國民黨參選台中市長的盧秀燕及有意爭取台北市長提名的丁守中 、鍾小平也都在。

全場最吸睛仍是馬英九，他證婚時，先虧劉彥澧跟徐巧芯不同，不 是國民黨青年軍訓練出身，但是劉父祖籍湖南，與他祖籍相同，「這 樣我們敵意減少很多」。朱立倫致詞時則替劉講話，「彥澧雖然不是 青年團，但待過我競選團隊，訓練應該不下青年團，『不是黃埔也是 官校』。」

馬英九稱讚徐巧芯，在太陽花學運時，她自發懶人包，「凸顯反服 貿的太陽花學運多麼荒謬。」郝龍斌也稱讚徐巧芯能很快分析複雜的 政治議題，「我也有點私心，希望巧芯當我的媳婦，但我兒子還太小 ，她不能等，我就不能達成願望，恭喜彥澧，You are champion！」。

 "
34,Apple,北市長選戰 柯一枝獨秀,2018,3,1,"【崔慈悌、曾薏蘋、張潼／台北報導】

台北市長藍綠參選人尚不明朗，台灣民意基金會昨天公布民調，台 北市長若由柯文哲、姚文智與丁守中三人競爭，有47.6％支持柯文哲 ，25.2％支持丁守中，15.6％支持姚文智，柯文哲遙遙領先對手，即 使與丁守中對決也是「壓倒性的勝利」。

基金會董事長游盈隆表示，即使在民進黨不推人狀態下，柯文哲與 丁守中對決，民調也顯示有54.7％台北人支持柯文哲，31.1％支持丁 守中，另有3.5％尚未決定，2.1％會投廢票，4.6％不投票，3.9％不 知道或拒答。

游盈隆表示，根據現有的經驗證據，柯文哲似乎已經牢牢掌握了淺 綠、淺藍和中性選民過半數的支持。

前總統李登輝昨參加「喜樂島聯盟」籌組記者會，受訪時被問到， 民進黨要不要推派自己人選台北市長，李答覆，民進黨現在沒什麼人 ，台北市長柯文哲不錯啊！

對此，柯文哲僅回應，李登輝總統是他看過哲學基礎最好的人，很 有智慧、是個厲害角色。

 "
35,Apple,柯倡兩岸一家親 逾半選民認同 反對移除北市所有蔣公銅像 獲68.3%支持,2018,3,1,"【記者蔡浩祥／台北報導】

台灣民意基金會2月28日公布最新民調。台北市長柯文哲的「兩岸 一家親」主張，得到50.7%台北市選民認同、反對移除北市所有蔣公 銅像的做法更有68.3%北市選民支持；面對台灣意識型態之爭越演越 烈，柯出席228事件71週年中樞紀念儀式表示，對228事件就像外科手 術一樣，不如切開傷口、清創後才縫合，傷口好比較快。

根據台灣民意基金會公布「天龍國選民眼中的柯文哲」民調指出， 有關柯文哲「兩岸一家親」主張，共有50.7%北市選民認同、不認同 者有33.4%、沒意見或拒答者則有15.9%。換言之，已有過半北市選民 支持柯所提「兩岸一家親」主張。

兩岸主張 跨年齡層支持

另一方面，民調指出，有別於民進黨政府大力推動「去蔣化」，柯 文哲反對移除北市所有蔣公銅像的做法，共有68.3%北市選民認同、 不認同者有20.9%、沒意見或拒答者則有10.8%。

以年齡層看，台灣民意基金會董事長游盈隆分析，柯文哲的「兩岸 一家親」主張，獲得跨年齡層的多數支持，尤其在35歲到60歲之間的 北市選民。

至於政黨支持者分布情形，游盈隆指出，在民進黨認同者方面，近 60%的北市選民不贊同柯文哲的「兩岸一家親」主張、國民黨認同者 分面，則有近77%的北市選民贊同，外省族群支持度更高達62%。

市長選戰 獲壓倒性優勢

此外，就今年台北市長選戰，民調指出，假使柯文哲、姚文智與丁 守中三人競爭，有47.6%北市選民柯文哲、25.2%支持丁守中、15.6% 支持姚文智、5.8%尚未能決定、3.5%都不支持、2.4%沒意見或拒答， 柯幾乎取得壓倒性勝利。

本次民調由山水民意研究公司執行，訪問期間於2月24日至25日， 以北市住宅電話用戶為抽樣，在95%信心水準下，誤差約正負3%。

 "
36,Apple,接受度愈來愈高 就看何時起心動念 國民黨基層力拱洪秀柱選北市長,2018,3,4,"【陳彥宇／台北報導】

年底台北市長選戰，國民黨參選爆炸，如今又傳出藍營基層力拱前 主席洪秀柱參選，看好洪發揮「母雞帶小雞」效果，為黨開創新局。 國民黨中央評議委員、台灣青年聯合會理事長何溢誠昨透露，從農曆 年前至今，他已和洪當面談了數次，感受到洪對此事的接受度愈來愈 高，「就看她何時起心動念」。

洪本人並未明確拒絕

包括前立委丁守中、張顯耀、孫大千、前行政院發言人鄭麗文，及 北市議員鍾小平都宣布參加初選，形成5搶1競爭局面。據悉，近來部 分藍營基層積極醞釀洪秀柱參選氛圍，更盼包括孫文學校、藍天行動 聯盟、泛藍聯盟等深藍團體一同跟進。

對此，洪辦發言人李昶志說，洪尊重各界想法，但參選不在規劃中 。洪並呼籲黨部盡快產生北市長候選人，別讓大家焦慮不安，導致頻 頻點名，更會讓真正有心服務者感到不公。

藍委蔣萬安今年初宣布棄選北市長，不僅讓黨中央措手不及，基層 士氣也受到不小打擊。何溢誠指出，如今強棒人選難產，B咖濫竽充 數，基層期待身為教母級的洪秀柱，能像2015年競選黨主席般出面承 擔責任。

藍需母雞出馬帶小雞

至於洪秀柱本人有無參選意願，何溢誠說，經過三次面對面溝通後 ，洪的態度明顯沒有起初那麼抗拒；洪並坦言，確實接獲不少基層勸 進聲，「如果我真的決定宣布參選，那將是投下震撼彈。」說法令人 玩味，也留下想像空間。

何溢誠指出，都會型選舉主要為文宣空軍戰，洪秀柱不但具有全國 知名度，議題掌握度與建構能力也強，與現任市長柯文哲同為非典型 政治人物。

參選可集結藍軍歸隊

他不諱言，綜觀目前局勢，以及國民黨中央呈現沒有領導中心的狀 況，柯文哲連任應是十拿九穩。雖然洪秀柱出馬不見得能贏柯，但選 情可望打成五五波，藍營也需要像洪一樣，有突破性思考、勇於批判 的「母雞」，協助年輕世代的議員參選人出線，為黨甄補政治人才。

此外，何溢誠也說，根據北市選民結構，支持兩岸持續交往交流、 和平發展比例很高，符合洪秀柱的一致性形象。要是洪參選北市長， 將可炒熱選情，發揮擴散效應與外溢效果，集結藍軍歸隊。

泛藍聯盟創盟總召鄭龍水昨表示，雙北是深藍大本營，洪秀柱的特 質及路線頗受深藍支持，若投入初選出線機會很大，他積極且樂觀看 待此事；丁守中則堅定地說，「這是沒有的事」；孫大千也表示，從 未聽說過洪要選，但只要初選機制公開、公正，他樂見進行良性競爭 。

 "
37,Apple,不變應萬變 讓市場決定 「奇怪但不意外」 柯P老神在在,2018,3,4,"【張潼／台北報導】

蘇煥智宣布退黨參選台北市長，除黨內人士表達不捨，現任市長柯 文哲昨受訪時更直呼「奇怪」。擬爭取國民黨台北市長候選人提名的 丁守中則表示，蘇煥智此舉說明民進黨欲禮讓柯P，已引起黨內反彈 ，更是沒把市民福祉放在眼裡。

雖然柯文哲在各家民調支持度都勝過其他對手，但藍綠陣營仍不斷 有人跳出來表態參選台北市。去年底就有消息傳出，蘇煥智也打算參 選，但昨天決定脫黨參選，柯文哲說，他不意外蘇宣布參選，「但是 脫黨，我倒覺得比較奇怪。」

外界評估，蘇煥智此舉恐瓜分柯文哲10％至15％選票，柯文哲稱「 不曉得」，但每天把自己該做的事做好就好，最好的選舉就是不用選 舉、不用評估，不變應萬變；至於即使民調領先，仍有眾多「挑戰者 」，柯回應說，市場決定一切，先把自己的產品弄好，不要每天只想 著把對手幹掉。

丁守中則分析，大多數民進黨基層都認為，身為執政黨的民進黨， 年底不應缺席首都大選，但黨內高層卻只考慮蔡英文2020年總統大選 得失，寧可失掉黨格、壓抑黨內同志，也要支持理念不同的柯文哲， 因此激起反彈，蘇煥智不惜脫黨參選，只是民進黨基層反彈的冰山一 角，但民進黨應該還是會選擇禮讓柯文哲。

 "
38,Apple,張顯耀戰北市 緩解藍政治焦慮,2018,3,6,"【張立勳／台北報導】

前陸委會副主委張顯耀宣布參選台北市長後，引發輿論關注，中國 青年團結會前會長康繼文、國民黨中常委沈智慧解讀，由於藍營支持 者需要一場政治及時雨，緩解對台北市政荒廢憤怒，因此當大家看到 具有世代交替、國際專業與執行力的張顯耀站出來後，即掀起藍營一 股參選熱潮。

前立委丁守中、行政院前發言人鄭麗文宣布參選後，張顯耀也投入 選戰，康繼文說，原本平靜無波的局勢，一下子熱鬧起來，前立委孫 大千、市議員鍾小平陸續加入市長初選，甚至有資深媒體人爆料馬吳 聯手5月徵召立委蔣萬安、前國民黨主席洪秀柱參選，以及前北市副 市長邱文祥躍躍欲試。

康繼文指出，正面看待多人表態參選，反映出藍營群眾對於民進黨 執政的不滿，以及對台北市長柯文哲市政荒廢的憤怒，正是所謂「情 勢大亂、局面大好」，藍營支持者急需要一場政治及時雨來緩解心理 的焦慮，因此，在情緒上更需要一位年輕活力、具有國際觀與執行力 的政治人物解決這些問題。

不過，康繼文分析，蔣萬安已表明不參與這場選戰，好事者不需再 試水溫，運作傳統勸進宮廷大戲，動機引人非議且圖窮匕現，讓民眾 厭煩，洪秀柱擁有前主席的政治高度，應扮演積極輔選的角色，下來 參賽不僅陷入「球員兼裁判」的疑慮，同時也讓國民黨的世代交替產 生斷層。

至於可能循「柯文哲模式」的邱文祥，康繼文說，本質上是民進黨 搞「在野大聯盟」樣版，用綠營邏輯嫁接在藍營土壤上，必然出現「 橘逾淮為枳」後遺症。

此外，沈智慧也說，張顯耀過去兩岸事務表現可圈可點，連檢察官 都在不起訴書中讚揚張對兩岸任務有貢獻，藍營有多人表態參選是好 事，但她希望國民黨改革要從台北市做起，舉辦2場參選人電視辯論 ，推派最好人選。

 "
39,Apple,台北市長最新民調 泛綠過半支持柯 老李也挺他,2018,3,10,"【曾薏蘋／台北報導】

民調大社會昨發布台北市長初選調查結果顯示，如果民進黨推出候 選人，台北市長柯文哲仍以42.4％支持度，領先前立委丁守中30.9％ 、立委姚文智13.5％。從交叉分析來看，泛綠民眾有50.4％支持柯文 哲，超過支持姚文智的30.3％。另，年底大選民進黨是否應繼續和柯 文哲合作，前總統李登輝昨面對媒體表態相挺，他表示，柯的支持度 不輸給什麼人，「應該要一起支持他！」

李登輝昨參加「台灣之友會」新春聯誼餐會前，被問到若民進黨推 人參選台北市長，要支持柯文哲還是民進黨？李登輝受反問，「民進 黨有人嗎？」他說，柯文哲是醫生出身的人，有辦法來管台北市，是 不錯的人選。

另外，根據民調大社會的調查結果，若民進黨決定禮讓柯文哲，在 柯、丁對決的情況下，柯文哲支持度為47.5％，仍領先丁守中的40. 7％，但領先幅度已明顯縮小。從交叉分析來看，姚文智支持者有30 .7％轉為支持柯，轉為支持丁則有48.3％。

如果針對國民黨有意參選者進行調查，結果顯示丁守中48.2％支持 度遙遙領先，其次依序為前立委鄭麗文6.2％、台北市議鍾小平4.7％ ，前立委孫大千和前陸委會副主委張顯耀分別只有2.3％、1.7％。

在民進黨部分，姚文智支持度較高，占43.9％；前副總統呂秀蓮則 以21.3％的支持度暫時落後。

面對近來民進黨內有不該繼續與柯文哲合作的聲音，民調顯示，4 5.3％受訪者認為民進黨應該提名自己的候選人，認為民進黨應繼續 跟柯文哲合作的有26.9％。

從交叉分析來看，不分政黨認同都認為民進黨應該推出自己的候選 人，其中泛綠民眾認同的比例過半55.2％，比例相對較高。調查也顯 示，滿意柯文哲的表現有47.7％，不滿意的比例占45.5％。

本次調查由大社會調查中心執行，訪問係於2018年3月6日至7日晚 間進行訪問。此次成功訪問1090位成年人，在95％信心水準下，抽樣 誤差於正負2.97％。調查以台北市住宅電話為母體，並採電話號碼尾 數2碼隨機方式進行。此次調查數據已針對受訪者性別、年齡及行政 區進行樣本代表性檢定後加權處理。

 "
40,Apple,民進黨要尷尬了 阿輝伯挺柯 要民進黨卡認真咧,2018,3,11,"【柯伶穎、曾薏蘋、張立勳／台北報導】

民進黨是否要繼續與台北市長柯文哲合作，引爆綠營矛盾。前天公 開支持柯文哲的前總統李登輝，昨被問到這樣做會不會讓民進黨尷尬 ？結果，李登輝直爽地說，「沒關係，讓民進黨尷尬才好，卡認真咧 ，都沒認真啊！」面對李登輝表態力挺，是否可安撫綠營基層？柯文 哲本人回應：「多少會吧」。

直爽稱讚 市長做得好

綠營民代近期不斷對外表示黨內「反柯」聲浪擴大，呼籲黨中央在 北市要與柯分手，自推人選。面對民進黨要如何處理與柯的關係，前 天晚間李登輝受訪時反問「民進黨咁有人？」還說醫生出身的柯文哲 ，能把北市治理成這樣，「我感覺不錯」，「他的支持度有56％，不 輸任何人，應該一起支持他。」

昨天，李登輝出席「台灣聯合國協進會」會員大會活動時，又被追 問「您昨天說支持柯文哲……」結果問題還沒問完，李登輝就直說「 對啊！」

當媒體又問，前天的挺柯說法會不會讓民進黨很尷尬？結果，李登 輝更明確地說，「沒關係，讓他們（民進黨）尷尬才好，卡認真咧， 都沒認真啊！對不對？」他也強調，應該要支持、要做的事情，「（ 柯文哲）市長做得不錯啊！對不對？」

民進黨咁有人 柯閃躲

面對李登輝表態支持，昨柯文哲出席北市創新實驗教育博覽會時回 應，李登輝是他看過的政治人物裡面，書讀最多、最有哲學基礎的人 ，在台灣政壇上，不管是支持或反對他，都會承認他是很厲害的角色 。

而在有了李登輝的相挺後，是否多少可安撫綠營基層？柯P聽到問 題後，停頓了一下才回「多少吧」。

但當媒體追問如何看待李登輝質疑「民進黨咁有人？」柯文哲警覺 到問題的敏感，不斷閃躲，轉移焦點問起身旁的記者感冒如何了，還 一度笑稱「想掐死」提問的記者；最後才四兩撥千金說「這題目很難 回答」。

姚強調 老先生誤會了

對於在綠營頗有號召力的李登輝挺柯，已表態參選北市長的綠委姚 文智回應，民進黨是「還沒有提名」，不是「沒有人選」，所以老先 生可能誤會了；而且，老先生的意思應該是「如果民進黨沒提名人， 他只好做出這個選擇」，未來會找時間拜訪李登輝。

此外，針對有民調指出，若民進黨不推人，柯文哲和國民黨的丁守 中民調會越來越近，姚文智強調，民進黨只要確定提名，現在「寄放 」在柯市長那裡的民調就會回籠；而在藍綠歸隊之下，就會是三足鼎 立的選舉，民進黨只要團結就會勝利。他說，這樣的民調其實沒什麼 變化，最大關鍵在提名，阿輝伯的誤會應該也是源自於此。

 "
41,Apple,莫等老李挺 國民黨應主動挺柯P,2018,3,11,"【張立勳、陳彥宇／台北報導】

國民黨台北市長初選12日公告，14至16日領表、登記，目前有意爭 取提名者眾，不過，藍營基層認為缺乏亮眼戰將，外傳黨中央將在初 選民調後，若所有人的民調支持度都未達3成，考慮徵召立委蔣萬安 出征，但此說被國民黨組發會主委李哲華駁斥。此外，看到老李挺柯 P，讓民進黨難堪，不具名藍營人士說，與其讓阿輝伯挺柯P，不如藍 營宣布挺柯P，與柯P結盟，對雙方更有利。

有意爭取國民黨提名參選台北市長者眾多，除前立委丁守中、行政 院前發言人鄭麗文，還包括陸委會前副主委張顯耀、前立委孫大千及 台北市議員鍾小平。另外，同屬泛藍的台大教授李錫錕，與前北市副 市長邱文祥同樣動作頻頻，雖未鬆口，但都成立媒體聯絡群組。

但藍營基層有聲音認為，現在浮出檯面的人選都沒亮點，戰鬥力恐 無法拚過柯P；因此，藍營已出現兩種說法，一是黨中央在初選民調 出爐後，若所有人支持度都未達3成，就徵召已宣布不選市長的藍委 蔣萬安。

不過對這說法，李哲華強調，倘若有2人以上參加初選，屆時支持 度會分散，怎可能要求民調超過30％？國民黨不可能設置這樣的規定 ，「就算是民進黨應該也沒辦法」。

另一說就是，與其無法與柯P競爭，不如學民進黨模式，國民黨就 直接與柯P商談結盟。不具名藍營人士指出，柯P不少論述、尤其兩岸 與藍營不謀而合，且台北市民藍大於綠，未來柯P更上一層樓不是不 可能，與其打完全沒把握的仗，不如主動求和，宣布挺柯P，如此對 國民黨來說也不是壞事，甚至會有更高的支持度。

 "
42,Apple,市黨部重申按機制走 吳敦義：我不能伸手進去,2018,3,12,"【周毓翔、張立勳／台北報導】

外傳國民黨在辦理台北市長初選民調後，若所有參選人民調支持度 均未達3成，不排除徵召立委蔣萬安出馬參選。國民黨主席吳敦義昨 出席青年活水營活動時被問及此事，吳敦義並未否認此事，僅強調這 是台北市黨部主委的工作，「我不能伸手進去，每個人有每個人的意 願跟考量。」

國民黨內有意投入台北市長初選的角逐者，可謂參選爆炸，不過一 直欠缺「亮眼」人選，雖然蔣萬安早已表態沒有參選意願，但外傳國 民黨可能會在民調結果出爐後，以所有參選人民調都未過整體的3成 為由，直接徵召高人氣的蔣萬安參選。

國民黨組發會主委李哲華澄清，沒有另外徵召的問題，台北市長的 提名將依初選決勝負。不過，吳敦義昨受訪時並未直接否認傳聞，反 而說這是台北市黨部主委黃呂錦茹在第一線的工作，「我不能伸手進 去，每個人有每個人的意願跟考量」，面對記者追問，吳敦義皺著眉 頭快閃離開。

外界認為國民黨最後會祭出「防磚機制」，徵召強棒蔣萬安出征， 但國民黨台北市黨部主委黃呂錦茹昨強調，12日將公告市長初選辦法 ，14至16日開放領表、登記，目前黨部依初選機制進行，沒有徵召蔣 萬安或其他人的規畫。

黃呂錦茹進一步說明，黨中央確實有「防磚機制」，但那是僅有1 人登記角逐提名時，黨內擔心該登記人被提名後實力不足，才會啟動 把關。

她表示，目前黨內包括前立委丁守中、孫大千、陸委會副主委張顯 耀、行政院前發言人鄭麗文和北市議員鍾小平有意參選台北市長，人 選已經爆炸，如無意外，就是照黨的機制，走到初選階段就是以民調 來決定勝負，沒有另外徵召的問題。

 "
43,Apple,蔣萬安沒意願 執意徵召難獲認同 國民黨議員憂選情,2018,3,12,"【陳燕珩／台北報導】

國民黨表態參選台北市長者眾，現階段卻缺乏能擊垮柯P的超級戰 將，外傳若各參選人初選民調不佳，黨可能徵召立委蔣萬安出征。藍 營北市議員普遍認為，國民黨年底選舉存在勝選機會，徵召強棒不失 為一個選擇，但重點是要先說服蔣萬安，否則現階段操作空間不大。

國民黨議員王欣儀認為，各個政黨為了選舉勝選，必然需要一些彈 性操作，不見得要墨守成規，就像民進黨上屆跟台北市長柯文哲合作 一樣，黨內要徵召也是一種方法，但最起碼蔣萬安必須要有意願，除 非市黨部能說服蔣參選，否則現在看來可能性不大，反倒像是外人想 擾亂藍營軍心、見縫插針的操作。

市議員戴錫欽則表示，柯文哲3年多來做得並不好，年底台北市長 選戰，國民黨存在勝選機會，黨內對於人選很慎重，盼跟新北選戰一 起扮演領頭羊角色，帶動各地方選情，因此想推出最強的參選人，鼓 舞更多有企圖心的人投入，這個出發點是好的。

他說，蔣萬安正式宣布退出市長選舉後，仍有人「不死心」，持續 放話要徵召蔣，這對國民黨整合不是件好事，恐怕對蔣而言也很困擾 ，盼黨中央和市黨部能「開大門、走大路」，把相關時程定好，透過 公平競爭選出人選，讓整個黨團結起來，共同支持初選勝出的人選。

「蔣萬安沒意願就不可能！」議員陳重文指出，藍營現在以前立委 丁守中民調最高，但部分人士不看好丁，仍頻放風聲拱蔣萬安，他認 為最終還是要回歸初選機制，若蔣有意願還好說服，人家擺明不想選 ，黨中央若仍執意用空降徵召方式處理，恐怕選民也不會認同。

 "
44,Apple,黨員登記 以1種選舉、1選區為限 國民黨市長初選 增列「鍾小平條款」,2018,3,13,"【張立勳／台北報導】

國民黨台北市黨部10日公告黨內市長初選辦法，備受注目的是增列 「鍾小平條款」，也就是黨員登記時僅能以1種選舉、1個選區為限， 2014年市議員鍾小平先參與黨內市長初選，落敗後又再登記參選市議 員，這次市黨部修改規則，令外界好奇鍾小平如何決定？鍾小平表示 ，他背負軍公教使命，犧牲議員連任要力拚市長。

是否政見發表 將協調

年底台北市長選舉，國民黨內表態參選者眾多，國民黨北市黨部昨 公告黨內市長初選事項，主委黃呂錦茹表示，14日至16日的上午10時 至下午4時，開放黨內有意參選台北市長人選領表、登記。已表態參 選市長的包括，前立委丁守中、前行政院發言人鄭麗文、前陸委會副 主委張顯耀、前立委孫大千和鍾小平。

黃呂錦茹說，登記截止後，在3月29日前邀集參選人協調決定是否 辦理政見發表，以及全民調的民調日期，最慢4月22日前完成民調作 業，預計5月初依民調結果公告提名人選。

鍾小平 選市長棄議員

此外，黃呂錦茹提醒，今年較往年不同的是，黨員登記須以1種選 舉和1個選舉區為限，例如登記2種選舉或2個以上選區，登記均屬無 效，也就是說，參選台北市長就不能再登記參選台北市議員。

外界認為，新增的規定是衝著鍾小平而來，被視為是「鍾小平條款 」；黃呂錦茹解釋，市黨部沒有針對誰，是依照公職人員選舉罷免法 規定。

鍾小平指出，他背負軍公教使命參選市長，犧牲議員是有代價的， 今年底的選舉不競選議員連任。

 "
45,Apple,預估產值10兆 卻招商掛蛋開園無期 士北科技園區延宕 花海遮羞,2018,3,15,"【張立勳／台北報導】

動土多年的北投士林科技園區，至今仍是一大片空地，市議員王鴻 薇、國民黨台北市長擬參選人丁守中14日指出，柯市府施工牛步，嚴 重阻礙城市發展，預估產值可達10兆，招商卻還掛蛋，甚至把寸土寸 金的土地，拿來辦花海節，痛批市府是在掩飾閒置與施政無能；市府 對此回應，承包商倒閉延誤進度。

議員譏諷另類柯P奇蹟

士北科技園區是台北市長柯文哲任內最重要的產業園區，王鴻薇與 丁守中昨前往會勘發現，柯文哲任期將屆，園區現在看到的卻是一片 草地與花海，完全沒啟動招商，沒有企業或公司與市府簽意向書，諷 刺產業園區變花海成為「柯P奇蹟」。

王鴻薇表示，依市府估計，廠商最快要等到2020年才有辦法進駐士 北科技園區，痛批柯文哲施政效率牛步，別再把「戰鬥市長」掛嘴邊 ，更離譜的是，在園區土地撒些草花種子舉辦花海節，根本是在掩飾 閒置和無能。

丁守中也指出，內湖科技園區閒置率不到1％，可見台北亟需廠辦 大樓，郝市府時期即規畫士北科技園區90.24公頃的區段徵收範圍， 並進行拆遷、整地工程，原定去年就能開放廠商進駐，結果一延再延 ，柯市府毫無績效管理機制與時間成本概念，台北市經濟等於一灘死 水。

市府稱包商倒閉才延誤

北市土地開發總隊代理隊長范乾峰解釋，士北科技園區配合當地居 民訴求，採先建後遷規畫，分2期進行拆遷及工程施作，由於安置的 專案住宅因承包商倒閉，延誤工程進度，重新招商後已完工。

他表示，目前辦理第二期拆遷戶安置，第一期工程已在驗收，花海 節使用的土地是第一期抵價地，上有第二期工程所需的暫屯土，移置 前為避免雜草叢生、塵土飛揚，才會暫時種植花草，進行綠美化。

 "
46,Apple,把時間留給家人 鄭麗文退選,2018,3,15,"【張立勳／台北報導】

國民黨台北市長黨內初選14日至16日展開領表、登記作業，行政院 前發言人鄭麗文14日透過幕僚表示，選市長必須負責，也要全力以赴 ，宣布參選後大多時間都留給家人，無法兼顧選舉，經過多番思考後 ，最後決定不領表，對一路支持的朋友感到抱歉。

去年10月，鄭麗文在國民黨內勸進立委蔣萬安投入台北市長選舉之 際，也宣布將爭取黨提名參選市長，直到今年2月初，鄭麗文在臉書 指出，因母親跌倒傷勢嚴重，雖然母親沒有生命危險，但送進加護病 房時，她發現本來只是輕微失智的母親竟認不出她了，宣布停止選舉 行程。

鄭麗文昨透過幕僚說，由於把時間留給家人，一直無法兼顧選舉， 對於一路支持她的朋友們，感到相當抱歉，她認為選台北市長必須負 責，也要全力以赴，是無法分心兼顧的事，經多番思考後，最後決定 不領表，退出市長選舉。

國民黨北市黨部昨開放領表、登記，丁守中、孫大千和張顯耀已領 表，孫規畫15日登記，丁、張預計16日登記，鍾小平則將在16日領表 、登記，經民調初選後，市黨部最快5月初公告提名。

 "
47,Apple,國民黨台北市長初選 孫大千搶先登記 丁守中今出馬,2018,3,16,"【張潼／台北報導】

國民黨台北市長初選14至16日領表、登記，前立委孫大千15日前往 市黨部辦理手續，成為首位登記參加初選者，丁守中、張顯耀、鍾小 平將預計今天前往黨部登記。至於現仍傳出國民黨可能徵召立委蔣萬 安出征，對此，副主席郝龍斌、市黨部主委黃呂錦茹都否認，強調會 按初選機制走。

今年藍綠陣營都有多人表態或者被點名參選台北市選戰，國民黨部 分包括前立委丁守中、前陸委會副主委張顯耀、台北市議員鍾小平以 及孫大千，原本要參加初選的前行政院發言人鄭麗文則已宣布退出。

孫大千昨天早上10時抵達市黨部，成為第一位登記參加初選的候選 人。他說，要打一場不一樣的初選，選舉事務、宣傳都會在數位平台 與社群網站上進行；這部分，他認為現任市長柯文哲是網路經營的先 驅者，的確有很多可以參考、試著超越的地方。

但孫大千登記時，還發生一段插曲。他繳交黨籍資料時，雖出示黨 證，但市黨部仍要求黨籍從桃園轉到台北，須有桃園市黨部蓋章，因 此，他必須返回桃園蓋印章。孫大千對此忍不住抱怨，「國民黨真的 是個太老的政黨！」

他也說，這次選戰可以發現黨內還是有個迷思，認為只要找到「救 世主」，例如蔣萬安、周美青，黨就有救了，但其實只要黨站起來， 誰都可以是強棒。

 "
48,Apple,無意戰高市 轉移陣地試水溫 選北市長 韓國瑜登記又撤回,2018,3,17,"【張潼、柯伶穎、林宏聰、李義／綜合報導】

國民黨台北市長初選16日最後一天開放領表、登記，截止前傳出震 撼彈，考慮要參選高雄市長的國民黨高市黨部主委韓國瑜竟現身登記 ，更弔詭的是，北市黨部證實韓確實繳交資料與保證金，但過沒多久 就撤回。事後韓國瑜堅稱「沒領表、沒登記」，讓藍營原本陷入混戰 的台北市長初選，更加令人霧裡看花。

綠完成整合 韓心灰意冷

據了解，韓國瑜原本盤算，倘若立委陳其邁與高雄市長陳菊之間心 結難解，團結的國民黨面對分裂的民進黨，或許有機會放手一搏，然 而，綠營初選結束後，韓國瑜四處向昔日綠委老同事探詢，得知民進 黨內部已整合，加上陳其邁拜會陳菊、陪花媽嫡系子弟兵掃街，雙方 初選裂痕顯然縫合，令韓國瑜心中涼了半截。

另外，韓國瑜的友人更透露，韓妻李佳芬在雲林創辦的雙語學校維 多利亞高中，從韓國瑜傳出要選高雄市長以來，屢屢接獲教育部「關 心」、「查水表」，妻子和女兒多次明確表達不支持他參選，由此看 來，他參選高雄市長的機率已微乎其微。

年底台北市長選戰，藍綠都有多人打算挑戰現任市長柯文哲。國民 黨昨完成初選登記，除前行政院發言人鄭麗文因家庭因素退出，包括 前立委丁守中、孫大千、台北市議員鍾小平、前陸委會副主委張顯耀 等4人，都依規畫登記參加初選。

不過，初選登記就在16日下午4時截止前，韓國瑜突然現身北市黨 部，不但領表填寫，還繳交百萬保證金，消息傳出後震撼台北政壇。

被蒙在鼓裡 黨也不知情

國民黨北市黨部主委黃呂錦茹證實，韓國瑜昨早北上黨中央開會， 下午的確有領表，也繳了保證金，但不到10分鐘，韓國瑜又把資料跟 錢都領回，還打電話通知她「已經撤回了。」至於韓國瑜為什麼來登 記，最後卻又撤回申請，她並不曉得。

弔詭的是，韓國瑜昨下午二度接受本報記者詢問查證時，他都堅稱 沒有領表，讓這起「意外狀況」，一時成為羅生門。黨中央事先也未 掌握韓領表登記的訊息，事後黨務主管第一時間回報黨主席吳敦義。

領表也繳錢 韓急踩煞車

韓國瑜表示，他只是到黨中央開會，沒有領表也沒有登記，還要記 者「放心」，不過，他也坦言，的確有很多朋友拱他參選台北市長， 自己原本也有打算，但最後仍急踩剎車，身為高雄市黨部主委應考量 大局，至於是否確定選高雄市，4月再說。只是當記者打算追問韓國 瑜說法為什麼與北市黨部不同？韓僅回應，手機快要沒電了，就未再 接電話。

 "
49,Apple,鍾小平騎單車 巡視「柯P荒政」,2018,3,20,"【張立勳／台北報導】

國民黨台北市長初選完成登記，參選人台北市議員鍾小平19日騎單 車遊台北，邀前市長郝龍斌站台，一起巡視台北市長柯文哲3年多來 的施政，要帶大家看看「柯P荒政」；對於國民黨傳出有「倒丁聯盟 」，另名參選人前立委丁守中表示，對流言、放話都不在乎，就是朝 自己的目標努力前進。

上周國民黨台北市長黨內初選登記截止，除了鍾小平、丁守中，還 有陸委會前副主委張顯耀與前立委孫大千加入戰局。

鍾小平昨舉辦「單車遊台北」造勢活動，騎單車透過臉書直播和大 家談柯文哲從五大弊案到五大案、招商成績不佳、交通、工程延宕與 萬華遊民等問題，他痛批，柯文哲3年來真的荒唐，把北市搞得生靈 塗炭，沒有辦法想像台北在馬郝執政時打下那麼好的基礎，如今卻淪 為三流城市。

郝龍斌舉例，像是大巨蛋，至今柯文哲還是沒講清楚北市府為何勒 令停工，3年來又做了什麼改變，然後最近又偷偷復工，包括北藝、 北部流行音樂中心工程都嚴重落後，可見現在的行政效率是很差的。

北市府發言人劉奕霆回應，市府堅持安全且合法的大巨蛋，已排入 都審會審查，內湖交通也規畫許多公車路線、橋梁拓寬，北藝工程正 積極趕工當中，美河市北市府亦有經仲裁討回30多億元，他強調，市 府面對問題、解決問題，不理會其他政治口水。

此外，丁守中昨接受廣播專訪，被問及國民黨傳出有「倒丁聯盟」 ，丁守中說，他現在對流言、放話都不在乎，就是朝自己的目標努力 前進，與其每天為了傳言傷腦筋，不如鎖定選舉前進。

 "
50,Apple,錕P3點批柯 稱國民黨「不夠狂」,2018,3,24,"【張潼／台北報導】

台大教授李錫錕擬在周日宣布參選台北市長，他23日先上廣播節目 接受專訪，向現任市長柯文哲「下戰帖」，提出3點柯離譜、不適任 的原因；接著又直言，國民黨DNA裡面沒有冒險精神、「不夠狂」。 他強調，接下來要從網紅變成候選人，讓全體市民都理解他。

李錫錕表示，他教政治學40年，課堂上都挑熱門的新聞來舉例，一 開始不是要針對柯文哲，但偏偏柯可以舉例的地方太多了，導致最後 很多人問他「那你會做得更好嗎？」錕P笑說，別人他不敢講，但一 定可以做得比柯文哲好。

他進一步舉出3項他認為柯文哲不專業的地方。首先，英國外賓來 訪贈表，卻遭柯文哲說是破銅爛鐵；第二，有事柯媽媽、柯太太就現 身滅火，這也很離譜，又不是她們競選，今天選票蓋在那人（指柯文 哲）頭上，就應該要承擔、負責，結果有事卻是媽媽、太太出來，這 是政治歷史上所沒有的；最後，柯文哲面對議會吊兒啷噹，還會說議 員質詢時間到了，但其實議會代表民意，藐視議會相當嚴重。

話鋒一轉談到國民黨，因市黨部近日決定，年底議員提名席次僅3 1席，等於未達總席次63席的一半，即使全員當選，也無法獨立爭取 正副議長資格，引發批評。身為終身黨員的李錫錕即便打算以無黨籍 身分參選，他仍指出，這代表國民黨習慣贏、怕輸，DNA裡面沒有冒 險精神。

李錫錕說，很多人稱他「最狂教授」，所謂狂的意思就是要做自己 、敢冒險，國民黨給人的感覺就是「什麼都有但不狂」，就連提名也 不敢冒險。至於現在4位參加國民黨市長初選的候選人，民調最高的 是前立委丁守中，但錕P說，對他來說，競選對手就只有柯文哲1人。

 "
51,Apple,張顯耀認應有策略 市黨部不理 藍北市長協調會爆口角 民調延後,2018,3,30,"【張立勳／台北報導】

國民黨台北市長黨內初選29日舉行協調會，市黨部希望4月22日完 成民調決定提名人選，但參選人有不同意見，氣氛一度劍拔弩張，最 後決議民調時間延至4月29、30日及5月1日進行，5月2日公布結果， 民調前將有2場電視辯論會。

藍營登記參與台北市長黨內初選的除了市議員鍾小平、前陸委會副 主委張顯耀，還有前立委孫大千和丁守中。國民黨台北市黨部主委黃 呂錦茹表示，原先預定4月22日民調是因為基層都等不及人選出線了 ，如果再延後太久，參選人跑基層時間也會不夠，她強調，討論過程 雖然大家聲音比較大，但都很平和。

昨協調會上鍾小平和張顯耀都表達不滿。鍾小平認為，市長初選在 3月16日才登記，4月22日就要提名，時間太早，且民進黨是否禮讓台 北市長柯文哲，至少要5月才攤牌，應要等民進黨決定人選，國民黨 再推人。

張顯耀也直言，國民黨在台北市有機會勝選，必須有策略與計畫， 不該急就章，才能取得話語權，但市黨部未採納，他憤而離場。他批 評，市黨部好大的官威，對台北市長黨內初選民調機構與時間的選擇 ，完全不參酌參選人意見，難怪台大教授李錫錕會決定不參加黨內初 選。

丁守中由總幹事潘家森代表出席，潘說，國民黨身為在野黨、挑戰 者，處於仰攻狀態，民調愈早愈好、愈有利，不過黨部已有協調結論 ，丁守中團隊也坦然接受。孫大千則認為，初選拖太久也沒意義，對 協調會的結果沒有太多意見。

 "
52,Apple,全面復工遙無期 藍營參選人現勘 大巨蛋停工 除鏽修繕須17億,2018,4,11,"【陳燕珩／台北報導】

大巨蛋案延宕多時，北市府原定4月3日舉行都市設計審議會，不料 遠雄在審查前夕撤件，全面復工遙遙無期。國民黨台北市長擬參選人 丁守中與市議員王鴻薇等人10日現勘大巨蛋，遠雄發言人楊舜欽指出 ，停工後除鏽和結構體等修繕經費達17億，目前自行吸收，未來考慮 納入仲裁事項，與市府協商。

質疑為何不能辦演唱會

北市都發局前發函遠雄，直指大巨蛋違反「建築技術規則」規定， 逃生梯動線、觀眾席位置不符規範，恐不能辦演唱會。遠雄則認為， 2011年就已拿到建照，現在檢討建築技術規則，等於質疑建照適法性 ，已超出都審審議範圍，決定釐清爭議後再遞件，審議因此停擺。

丁守中質疑，大巨蛋可以舉辦更多人的運動賽事，憑什麼不能辦演 唱會？他認為市府應先讓大巨蛋復工，若對容留人數、公安有疑慮， 發放使用執照時就可限制，不要再放著擺爛。另外，遠雄去年評估光 是除鏽就要4億元，現在恐暴增到10億，難道要市民埋單？

認市府應先讓遠雄復工

楊舜欽說，停工愈久就需要愈高修繕費用，原預估4億除鏽經費只 含蛋體，加上外觀鈦板需要6億，另還有停工後的結構修繕、零件置 換和防火披覆等，整體要17億元，還不包括其他停工損失，目前均由 遠雄自行吸收，未來會考慮與市府協商仲裁。

王鴻薇則怒斥，大巨蛋已成為「擺爛紀念館」，原本將進入都審會 審查，遠雄又撤件，目前都發局已請內政部營建署針對法令釋疑，若 中央認為北市可審議，遠雄是否會回到都審會送件？對此，楊舜欽則 說，若中央有其他解釋，遠雄會尊重。

北市建管處則強調，大巨蛋違反「建築技術規則」規定，在台建中 心審查時，就已經向遠雄提出質疑，並非都審前才突然提出。

 "
53,Apple,藍北市長選將辯論 擬找憲哥利菁提問,2018,4,14,"【張立勳／台北報導】

國民黨台北市長參選人電視辯論會，13日經協調後決定舉辦2場， 首場21日由中視及中天共同承辦並轉播，最受矚目的是，提問人名單，除了學者、 媒體和一般市民，可能還會有綜藝天王吳宗憲和女兒吳姍儒、天后利 菁。

藍營北市長初選有前立委丁守中、孫大千、前陸委會副主委張顯耀 與北市議員鍾小平等4人登記，將在4月29、30日與5月1日進行民調。

民調前參選人有意進行2場電視辯論會，昨經參選人協調後，2場電 視辯論會時間訂在4月21日、28日下午2時到4時進行，分別由中視（中天）電視與TVBS承辦。

提問人名單當中，包括有教授賴岳謙、媒體人、名人及市民提問， 吳宗憲父女檔與利菁也可能加入。

協調會僅有鍾小平出席，其餘參選人都派代表參加，對於藝人當提 問人會不會失焦或不懂市政？他說，由藝人提問市政議題滿有趣的， 打破過去只有精英提問人，就像很多不懂政治的小朋友，也把票投給 柯文哲，協調會中甚至有人建議把已宣布參選台北市長的台大教授李 錫錕找來當提問人。

國民黨市黨部主委黃呂錦茹說，提問人選很多，名人市民提問這部 分是電視台建議的名單，有藝人和網紅，她也覺得很有趣，但提問人 最後都將由電視台和參選人協調，市黨部不會過問名單。

 "
54,Apple,指選舉經費太高 是政治敗壞的開始 拿人手短 柯擬抵押房產籌錢,2018,4,15,"【張潼、楊孟立／台北報導】

外傳台北市長柯文哲為籌年底選舉經費，打算抵押自己的房產。他 14日受訪時雖僅說錢的事到時候再講，卻也講，選舉經費太貴是台灣 政治敗壞的開始，拿人手短，以後會很難執政，要想辦法做降低競選 費用的表率。

柯盼費用 不超過3千萬

柯文哲2014年參選時，就主打競選經費應公開透明，選後也確實在 官方網站上，貼出經費明細，供外界檢視。日前有消息傳出，柯今年 競選連任，除了考慮將選舉活動起跑日期壓在11月之後，盡量不要耽 誤市府行政工作，經費更要控制在3000萬元以內，甚至不排除拿自家 房屋抵押，籌措經費。

對此，柯文哲昨天並未正面回應是否真打算拿位在信義路二段的房 子做抵押，僅說錢的事到時候再講。不過他表示，他的確想做降低競 選費用的表率，因為台灣政治敗壞的開始，就是從選舉經費太高開始 ，且如此一來，一般人要從政也不容易。

但他今年還是會開募款帳戶，因為選舉相關經費依法必須從募款帳 戶支出，以後才能申報。

有房仲業者評估，柯文哲的住宅位在信義路二段精華區，現值約6 500萬元，如果貸到8成，大概是5000多萬元。但若房貸還未還清，又 再去貸款，可能導致利息飆高。

藍營批柯 作秀意味濃厚

對於柯打算拿房子抵押以籌措經費的做法，國民黨丁守中與張顯耀 皆不以為然。丁守中表示，這番話應是作秀成分居多，柯募款能力明 明很強；張顯耀則建議，的確可以修《選罷法》規範競選經費的使用 ，但柯應先對外說明之前曾被名嘴姚立明等人質疑的競選經費問題， 以昭公信。

國民黨立委李彥秀不以為然地說，柯文哲都已經是第二次選舉，現 在這樣講都是後話，無非是要挑起議題，講一些支持他的群眾喜歡聽 的話。民進黨台南市長參選人黃偉哲則說，柯文哲的說法有一部分合 理，最好是由政府規定選舉經費上限並嚴格執行，像是日本眾議員選 舉就有規定發傳單的數量，而且每張傳單都有編號，「只要政府嚴格 限制選舉花費，候選人就不需要收取大筆政治獻金。」。

 "
55,Apple,決心參選首都市長 賭上政治生命 選北市若第3 姚文智退出政壇,2018,4,20,"【張潼、楊孟立／台北報導】

爭取參選台北市長的民進黨立委姚文智在政論節目上發下豪語，如 果與現任市長柯文哲、藍營對手丁守中3人角逐市長，不幸選成第三 名，「我辭立委，不接受任何安排，永遠退出政治圈！」對於姚展現 決心，柯不願多回應，還拿幕僚當擋箭牌，直說，「我們發言人告訴 我，千萬不要評論。」

被酸講幹話 嗆必照做

節目主持人向姚文智提問，如果最後真的獲得民進黨提名，但卻選 成第三名，輸給柯文哲與丁守中，怎麼辦？姚回答，「我永久退出政 治！」他19日下午又被問到此事，再度重申，如果真的選到第三名， 「我辭立委，不接受任何安排，永遠退出政治圈」、「我應該離開民 進黨團隊，應該被唾棄。」

不過，因民進黨前輩謝長廷、蘇貞昌過去也都曾說過要「退出政壇 」，最後卻仍活躍在政治圈，有網友對於姚文智的言論不以為然，認 為政治人物說要退出政壇都是在講幹話。姚文智對此仍說：「那就想 辦法讓我被提名，想辦法把我弄成第三名，我一定照做。」

妙回豪語 柯拿幕僚擋

姚文智還說，若是他被提名，三足鼎立的狀況之下，民進黨至少也 會坐二望一，不可能第三名，如果真的第三名，會退出政治，且會退 得一乾二淨；媒體又問，擔不擔心黨內最後提名其他人選，讓他成為 「吳秉叡第二」？姚文智說，自己已經下了這麼大的決心，就讓大家 自己去評斷。

至於柯文哲怎麼看待姚文智的「豪語」？他妙回，「我們發言人告 訴我千萬不要評論」、「我沒這麼笨，發言人一再交代不要回答」。 不過，對於姚文智4月22日發起反柯遊行，他還是忍不住說，政治上 可以有任何政治主張，但用反對誰來當主張，蠻奇怪的。

 "
56,Apple,藍北市初選辯論 張顯耀端牛肉 兩岸投資一條鞭,2018,4,22,"【林縉明／台北報導】

國民黨台北市長初選第1場電視辯論會21日舉行，陸委會前副主委 張顯耀提出「打造台北曼哈頓計畫」，強調有信心憑藉曾任職海基會 、國安會經驗，推動台北市與大陸城市交流，在兩岸條例下於大陸多 處設置兩岸經貿辦事處，方便市民到對岸投資，為兩岸僵局破冰。

破僵局 打造台北曼哈頓

有意爭取國民黨台北市長提名的張顯耀，昨與前立委丁守中、孫大 千、台北市議員鍾小平首度進行電視辯論會，透過申論、名人和主持 人提問、交叉詰問和總結等5階段，各自發表對台北市未來施政願景 。

張顯耀指出，他決心參選有3個原因，第1點就是要撥亂反正，終結 台北市長柯文哲無厘頭的治理模式；第2點，身為國民黨中生代戰將 ，有使命幫台北市民贏回執政權；第3點則是開創台北新經濟，打造 首都大格局，不要讓台北繼續沉淪下去。

張顯耀說，台北需要有兩岸經歷的市長，因為他曾任陸委會及海基 會，所以能夠對症下藥。他認為，兩岸經濟對接是台北經濟發展重要 關鍵，當選市長後不僅要辦雙城論壇，還要跟北京、天津、重慶、深 圳等地加強交流，並設置經濟辦事處，讓民眾到對岸投資能「一條鞭 」處理事務。

轟柯沒成績 大巨蛋擺爛

他說，柯文哲上任後最大問題就是施政沒成績，導致國際競爭力下 滑，參與式預算3年多不曾執行過，不能解決問題是柯P罩門，尤其柯 聲稱砍老人津貼可以省7億，但大巨蛋擺爛造成的損失就逾350億。

面對孫大千提問柯P施政是否有值得延續的政策，張顯耀說，唯一 可取的是道路挖補統一作法，但前市長郝龍斌任內已推動，若當選會 持續辦理，同時恢復老人津貼及盤點學校閒置教室開辦托嬰中心，讓 年輕人安心工作。

當選後 恢復老人津貼

丁守中則主張加速北市都市更新，以「1坪換1坪，2年內搬新家」 為目標，提升市民居住品質；孫大千希望藉由雙城論壇，擴大上海與 台北合作層面，例如電影節、電競產業等，提供文創產業及電競人才 發展空間。

鍾小平表示，他若當選市長不僅要重新發放老人津貼，還要加發年 輕人津貼，並推行0至5歲免費公托中心，落實照顧各年齡族群。

 "
57,Apple,民眾爆料 綠議員早上反柯 晚上同桌,2018,4,24,"【陳燕珩、吳堂靖／台北報導】

民進黨立委姚文智22日舉辦「機蛋大遊行」，號召民眾反台北市長 柯文哲，黨內20多名議員到場相挺。不過，卻有民眾爆料，有3名議 員早上反柯，晚上卻在地方行程與柯同桌餐敘，民進黨北市黨部主委 黃承國還陪柯文哲逐桌敬酒，相挺意味濃厚；對此，黃承國解釋，他 是該宮廟主委，難道要迴避躲起來嗎？

姚文智爭取民進黨台北市長提名，前天號召「柯黑」上街頭，黨內 25名議員有21名參與，營造大團結氛圍。不過，民眾爆料指出，有3 名議員在遊行結束後，晚間赴文山區參加「天上聖母萬壽平安餐會」 ，竟看見柯文哲也在場，黃承國還陪同逐桌敬酒，柯更上台高唱〈用 心良苦〉，氣氛融洽。

黃承國解釋，柯文哲每年都會參加該活動，他是宮廟主委，基於禮 貌當然會陪同敬酒，當晚姚文智也有到場，只是先離去，未與柯碰面 。他強調，自己沒有講過挺柯、反柯，就算是國民黨的市長來，他也 會陪同，與黨派或是否禮讓柯沒有關係。

至於被點名的3名議員紛紛喊冤，王閔生說，當晚是地方重要行程 ，有1500名民眾在場，不管柯文哲有沒有出席，他每年都參與，且現 場也有藍營議員，難道國民黨也支持柯P？盼外界不要太政治解讀。

簡舒培無奈說，該活動是地方盛事，事前不知柯在場，也是應廟方 安排才坐在主桌，全程與柯幾乎零互動，對於爆料內容匪夷所思；李 慶鋒則說，宮廟餐會多，到場才知柯出席，且柯一上台致詞，議員就 去其他桌敬酒了，沒有同台同桌問題。

至於，民進黨基層反柯聲浪漸大，黨內前派系大老日前嗆聲，「不 管民進黨提不提名，都已經決定將投丁守中一票。」對此，柯文哲昨 不解說，「投丁守中不投柯文哲，邏輯很奇怪。」被問及如何化解與 綠營矛盾，柯強調，離投票還有7個多月，很多東西還可以努力化解 ，辦法是人想出來的，每天都在奮鬥。 飲酒過量 有害健康。

 "
58,Apple,藍營北市長初選辯論最終場 張顯耀籲 「兩岸破冰」台北先行,2018,4,29,"【吳堂靖／台北報導】

國民黨台北市長初選最終場電視辯論會28日圓滿結束，前陸委會副 主委張顯耀喊出「兩岸破冰、台北先行」。他直言，所謂台灣價值或 台北價值，就是要捍衛人民生存、安全、經濟發展，反觀現在兩岸關 係緊張、政府不斷挑釁對岸，既無法照顧國家安全，經濟又哀鴻遍野 ，他當選後，必會加強與大陸交流，以捍衛這些核心價值；此外，還 要成立「市長專案管理室」提升行政效率。

國民黨今天起將展開為期3天的初選民調，預計5月2日公布由誰出 線挑戰台北市長柯文哲。張顯耀、前立委丁守中、孫大千，以及台北 市議員鍾小平等4位選將昨出席民調前最後一場辯論會，內容聚焦台 灣價值、兩岸關係、如何爭取流失的青年選票，另也討論社子島、內 湖塞車等市政議題。

人民安全 「台灣價值」所在

提問人北市議員王鴻薇首先請4人說明自己的台灣價值、台北價值 。張顯耀強調，中華民國的生存、安全、經濟發展就是台灣價值，而 台北價值就是捍衛台北市生存、安全、經濟發展；當生存、國家安全 、經濟都出問題，這叫台灣價值嗎？若由他擔任市長，將扮演兩岸破 冰、台北先行的角色。

張顯耀提到，大陸祭出惠台31政策，如果有助城市發展，應積極對 接處理，因為目前台灣仍然是華人流行音樂重鎮，北市也聚集很多電 影電視人才，在兩岸甚至亞太地區都是一流，要協助他們進入大陸市 場。所以，當選後，將會與大陸協商，業者可以直接去成立公司，也 能擁有台劇固定播放的時段。

允諾年輕人 住者有其屋

爭取青年選票與市政議題部分，張顯耀強調，年輕人面臨高房價、 低薪、育兒等問題，當選後要投資年輕人，讓他們找得到工作，住者 有其屋；社子島的開發，則要成立「專案管理辦公室」，連結市府局 處首長提升行政效率。

老將丁守中則提出，要在關渡平原建設影視城，壯大台北產業實力 ，兩岸關係上，也不只要繼續推動雙城論壇更要「多城」，大陸是台 商投資最多的地方，不能搞對立；鍾小平則數度拋出當選後要重新發 放重陽敬老金，且一次發4500元，要把柯文哲取消掉的都補回來，另 外還要增加社子島開發容積、實價徵收關渡平原作為永久農業區。

孫大千則說，國民黨失去與年輕人對話的能力，應透過網路傳達正 確態度，爭取青年選票。另外，他呼籲民眾可多參加音樂會，例如昨 晚在凱道舉辦的「藻礁永存音樂會」，或拍攝媲美韓劇的影片行銷台 北市。

 "
59,Apple,鍾小平願整合管 黨部:不做二階民調,2018,4,30,"【陳燕珩、張潼／台北報導】

「拔管」風波延燒，國民黨有聲浪力拱管中閔參選台北市長，不過 黨內初選民調5月2日就出爐，參選人之一的台北市議員鍾小平29日出 面表態，若自己在初選出線，願與管中閔進行二階段整合，「我當他 的副市長也行。」不過，國民黨北市黨部主委黃呂錦茹強調，初選結 果誰勝出就提名誰，未規畫第二階段整合。

鍾小平昨率9名里長喊話，要國民黨硬起來，不要再當窩囊廢，若 他初選勝出，願與管中閔進行二階段整合，民調輸管就退選。他還譏 說，初選若由丁守中勝出，丁一定會變成「釘子戶」，不僅會硬幹到 底，還會「一哭二鬧三上吊」，屆時管中閔想選也沒機會；對此，丁 守中昨透過幕僚表示，不予回應。

不過對於鍾小平的說法，國民黨北市黨部主委黃呂錦茹強調，目前 沒有二階段規畫，昨晚展開連續3天初選民調，5月2日黨內台北市長 人選就會出爐，誰出線就提名誰，一切回歸選舉機制處理，市黨部也 未與管中閔接觸。

針對拔管事件，台北市長柯文哲前天直批「這是哪個白癡決定的政 策？」昨他收斂砲火，卻還是忍不住說，很多事一旦做了，就怎麼做 都不對，且此案拖得太久，大學自主在台灣已變成新的政治文化或新 的傳統，一下要用行政去干預，反彈一定很大，雖不至於引發另波大 規模學運，但「現在這樣很難收拾。」

柯文哲也說，這件事很像棒球隊在打季後賽，一場一場累積，政府 沒辦法每件事都做對，但應避免累積很多錯誤。況且若管又參加遴選 ，還選上，那政府不是更難看？實在「看無」。他強調，自己與管見 過2次面，兩人沒有深交，雖不會到場與台大師生一起聲援管中閔， 但仍覺得怪怪的。

 "
60,Apple,藍「對手」出爐 柯P只說「先上工」,2018,5,3,"【陳燕珩／台北報導】

國民黨台北市長初選由前立委丁守中出線，據黨內民調結果，丁守 中與現任市長柯文哲民調數字在伯仲之間，加上民進黨選對會2日討 論台北市長人選，多數成員傾向推自己人，局勢恐對柯不利；柯文哲 昨未安排受訪，上午出席活動時被追問，僅說「今天先上工」，未做 其他回應。

丁守中一如外界預期勝出，國民黨北市黨部黃呂錦茹表示，從3份 民調來看，丁與柯實力五五波，若由兩人對決「丁守中有勝選機會」 ，假如民進黨自推人形成三強鼎立，國民黨勝算更大。

柯文哲昨僅安排里長座談行程，未開放媒體聯訪，此後沒有任何公 開行程，上午他步入座談會場時，被媒體追問選舉議題，柯僅撇頭看 了一眼，並表示「我們今天先上工」，隨後快步離去，未多作回應。

北市府發言人劉奕霆則強調，柯文哲態度不變，外界的因素無法控 制，把每天的市政做好，就是連任最好的準備。

國民黨決定提名丁守中後，展現出基層凝聚力，議員王鴻薇說，丁 守中民調表現不錯，加上民進黨提自己人聲浪大，一旦三足鼎立，台 北市選情會出現翻天覆地改變，首先柯文哲的看好度會立刻下降，且 民進黨再怎麼差，自提人選也會有20％支持度，票分下來，柯文哲勝 選機率大幅降低，目前的局勢發展，讓藍軍士氣大增。

民進黨北市議會黨團總召李慶鋒則說，不管禮不禮讓柯文哲，對民 進黨都是辛苦局面，三足鼎立比兩強相爭複雜得多，將牽動淺藍、淺 綠等票源流動，但即便如此，也不代表一定會讓丁守中漁翁得利，畢 竟目前民調無法反映出民進黨確定提人後的態勢，只盼黨內盡快底定 ，否則無法往前走。

 "
61,Apple,民調支持率近5成 丁守中出戰北市,2018,5,3,"【記者潘維庭／台北報導】

國民黨2日公布台北市長黨內初選民調結果，由前立委丁守中以平 均支持率47.634%勝出，預計在9日的國民黨中常會通過提名。丁守中 表示，會積極團結整合泛藍，推出好的公共政策爭取中間選民，讓外 界看見爆發力。在兩岸政策上，丁守中先前曾表示，若自己當選台北 市長，會繼續加強「雙城論壇」交流，不能停辦；其實包括北京、深 圳都有很多台商，台北都應該加強合作交流，甚至局處實務階層合作 也應加強。

國民黨台北市長初選共有丁守中、台北市議員鍾小平、前立委孫大 千、前陸委會副主委張顯耀參加，在經過2場電視辯論會、4月29日至 5月1日初選民調後，國民黨台北市黨部主委黃呂錦茹在中央黨部召開 記者會，公布民調結果。

透過3家民調公司所做民調，丁守中平均支持率47.634%排名第一， 其次是孫大千18.205%、張顯耀17.235%、鍾小平16.926%；初選結果 由丁守中勝出。黃呂錦茹也表示，丁守中和現任台北市長柯文哲的民 調對比，都是維持在伯仲之間。

由於外界仍猜測藍營是否有其他人選，黃呂錦茹也表示，黨內初選 已經底定，台北市黨部沒有規畫二階段整合；至於在「拔管」風波後 傳出被勸進參選的管中閔，她認為管中閔長期在學術圈不受政黨影響 ，這時候更不會去干擾他；她也讚美丁守中始終如一、穩紮穩打，是 非常好的人選。

先前外傳，台北與上海的雙城論壇今年可能停辦，但丁守中認為， 台海情勢趨於緊張時刻，兩岸愈應有民間交流，他主張雙城論壇不但 不能停辦，而且一定要辦，不能讓柯文哲「瞻前顧後、選舉算計」。

丁守中也批評行政院長賴清德，先前在立院一連串關於「台獨工作 者」的談話，大搞實質「去中國化」，只會造成兩岸不必要的緊張。

 "
62,Apple,丁守中戰柯P 實力伯仲之間 藍營台北市長初選 結果揭曉,2018,5,3,"【王正寧／台北報導】

國民黨台北市長黨內初選結果出爐，一如預期，前立委丁守中以4 7.63％、近半的支持度，遙遙領先其他3位對手約30個百分點順利出 線。丁守中表示，艱困選戰才要開始，將先鞏固泛藍陣營，並用政策 爭取中間選民，對於淺綠的選民也會以過去立法院紮實的問政，對比 台北市長柯文哲毫無核心價值。

鞏固泛藍 爭取中間

在初選結果確定後，國民黨預計下周三通過提名。組發會主委李哲 華表示，政黨對比部分是以柯文哲為對象，在民進黨認為主要對手是 國民黨的情況下，不會推人的機會較大；至於丁、柯的原始民調數字 ，他則持保留態度，等民進黨決定是否派人來說；但據悉，民調顯示 兩人目前呈現五五波態勢。

五度表態參選台北市長，如今終於一償宿願的丁守中說，柯文哲掌 握行政資源，是一場不對稱選戰，在初選過程中，另外3位參選人提 出好的建議會納入市政白皮書，也會邀請會邀市民與另外3人加入團 隊。

勤跑基層 充滿自信

但他認為，柯P並沒有想像強，雖然他的媒體與網路策略強，但基 層不喜歡這種只會說幹話、打高空的人；他批評柯在媒體民調是六都 最後一名，屬於放牛班。

丁守中強調，「我充滿自信，在基層跑反應都很好」，會讓外界看 到爆發力，有信心得到選民認同。面對他的爆發力被質疑，黨務人士 說，「丁守中沒有外界想像中的弱」，他以此次調查為例，整體趨勢 是往上，且民調表態率將近7成，與實際投票率差不多，與柯的差距 接近誤差範圍。

年輕族群 努力拉近

黨務人士表示，原本支持柯文哲的藍、綠、白色力量三股勢力，在 丁守中確定提名、民進黨基層對柯不滿情緒高漲下，藍綠將各自歸隊 ，剩下的白色力量依舊能像4年前一樣強烈支持柯文哲嗎？因此柯的 支持度呈下降趨勢，選情並沒有那麼穩。

不過，該黨務人士也坦言，丁守中在年輕族群這塊比柯文哲弱，未 來必須強化與年輕族群溝通，所提市政願景也要符合年輕族群想法。 此外，丁守中與新北市長被提名人侯友宜未來在政策、議題上包括空 汙問題等必須互相合作，打區域作戰；在北北基桃大生活圈下，國民 黨也將研議推出區域共同聯合政見。

 "
63,Apple,2「倒丁」勢力相挺或掣肘？ 4年磨一劍 整合國民黨是首要考驗,2018,5,3,"【王正寧／台北報導】

前立委丁守中以壓倒性的距離，在國民黨台北市長黨內初選中勝出 。從1994年首度表態問鼎大位至今，此次終於獲得提名，但初選過程 一路被質疑爆發力不足、一直有所謂「倒丁」勢力掣肘。24年磨一劍 ，出鞘是鋒利或已鈍化，如何讓小雞安心，能否整合黨內是首要觀察 指標。

丁守中在政壇初試啼聲，是1989年在未獲國民黨提名下，挾著自身 高學歷與清新形象的優勢，突破黨部封殺參選立委成功，同時也造成 了黃復興提名人的落選，當時媒體首度以「鐵票生鏽」作標題，來凸 顯這股震撼的強度；而丁守中的當選，展現的正是台北市民對於改革 派的認同。

雖然從政路一舉中的，然而，丁守中的市長卻一路顛簸，歷經199 4年的黃大洲、1998年的馬英九、2006年的郝龍斌到2014年的連勝文 ，丁守中可謂無役不與，但始終欠缺臨門一腳；屢敗屢戰的毅力，也 被戲稱是台北市長的「釘子戶」。學者性格所致，丁守中在立法院很 少有煽動語言，或者激情質詢，甚至與選民搏感情都有些不夠自然。 而出道甚早的他，在第8屆的立法院中，資歷只在當時立法院長王金 平之下，但他卻是當時台北市最年輕的立委，因為少年得志，人和問 題也成為丁守中的致命傷。

因此，在丁守中五度宣布參選，就一直有反丁的力量在集結。不論 是拱前行政院長張善政、「人氣王」立委蔣萬安、前第一夫人周美青 出馬，甚至連前市長郝龍斌都被點名「回鍋」，千方百計為黨尋找A 咖。

加上丁守中在2016年連立委選區都失守，和其他參選人孫大千、張 顯耀還被調侃是「失敗者聯盟」，黨內雖有人一路唱衰，但在4人競 逐局面下，丁守中反成為A咖級的選將。

初選雖得到黨的提名，但「倒丁派」能否就真的回流全力挺丁？外 界亦有人質疑如果母雞不夠力，小雞恐怕只能「隨人顧性命」。未來 丁守中與黨籍市議員參選人如何發揮相乘戰力，他又如何扮演全台領 頭羊的角色？這些考驗，就是迫在眉睫。

 "
64,Apple,改建、補助沒下文 攤商怨,2018,5,3,"【吳堂靖／台北報導】

台北市7處公有市場明年面臨租金調漲，其中東門市場漲幅高達40 8％居冠，但市場因歷史悠久、建物老舊面臨改建作業，市府當初雖 承諾改建前不漲租金，但現在卻又以「改建預算尚未編列」為由，對 租金調漲與否避而不談，攤商質疑柯文哲政見是否又打了折？

東門市場距離柯文哲家僅100公尺，國民黨台北市長參選人丁守中 去年底更曾率隊前往視察，直指市場不但老舊不堪、電線雜亂，就連 公共消防設備也不足。

當時就有攤商抱怨，柯P只會拿著一張同意書請攤商簽名同意都更 ，但卻沒提出後續規畫，包含中繼市場、攤位補助、以及新市場建築 外觀都沒有，「虧柯P就職3周年還敢把市場改建政績拿出來自誇！」

事後，東門市場與南門市場面臨改建，卻遲遲找不到中繼市場，最 終由行政院以每年4000萬元的租金，租借華光社區特二基地做為中繼 市場使用，然而攤商私下反彈大，認為兩個市場根本「郎無情、妹也 無意」硬湊在一起，最終可能會有一方關門大吉。

如今面臨調漲租金之際，北市府不但未能承諾改建市場不調漲租金 ，又稱東門市場改建規畫預算尚未編列，也再度讓攤商質疑柯文哲及 北市府對於照顧攤商的決心。

 "
65,Apple,綠施壓？柯P無感,2018,5,5,"【張潼／台北報導】

國民黨確定由前立委丁守中披藍袍參選台北市長，民進黨卻仍對是 否再禮讓柯文哲舉棋不定。柯4日被問到會不會覺得綠營放話頻頻， 像是在對他施壓？他僅說，不會啦，反正每天都往前進嘛！

國民黨初選結果出爐後，民進黨也召開選對會，討論台北市長選舉 ；不僅如此，綠營人士1日晚上先與柯文哲密會，蔡英文總統3日也在 官邸約見選對會成員，加上柯建銘、段宜康、王定宇等立委陸續對外 發言，稱禮讓空間越來越小，甚至絕對不會禮讓，在在讓外界認為， 這是綠營在對柯文哲「軟硬施壓」。

媒體昨問柯文哲要不要「補考」台灣價值這道題目，或是否將發表 重大談話以爭取與民進黨合作機會？柯文哲僅表示，台灣價值不是都 講清楚了嗎，其實以台灣為主體就可以了，講那多幹嘛？

有意爭取黨內提名的立委姚文智、前副總統呂秀蓮昨則與社民黨召 集人范雲同台參加「2018台北市長選舉跨黨派辯論會」。3人一致批 評柯文哲施政不佳，但姚文智與呂秀蓮也在松山機場遷建等議題上針 鋒相對。

 "
66,Apple,整合卡卡 馬丁互動冷,2018,5,5,"【吳堂靖／台北報導】

前立委丁守中在國民黨台北市長初選民調，以破4成支持度出線。 不過，先前曾多次被批「魅力不夠」的他，似乎仍不受黨內力挺，4 日出席松山慈惠堂母娘文化季與前總統馬英九同台，雙方不僅一前一 後出席，空檔也未多作交談，原定出席的前立法院長王金平更臨時喊 卡。但丁守中澄清，馬有鼓勵他「有志者事竟成！」

丁守中昨天與馬英九同框，兩人互動成關注焦點，丁守中率先抵達 會場受訪，馬則在眾人簇擁下進入寺廟，不過，從進場、上香到獻果 期間，2人卻沒把握空檔交談，更沒有交頭接耳、挽手等動作。接著 馬英九致詞時，僅提到一次「丁守中為市長候選人」，未如慣例大力 拉票，馬甚至數度拋下丁守中，自己與民眾握手，僅在最後扶轎過程 出言提醒丁「小心！」活動結束後，馬也先行離去，留下丁獨自受訪 。

媒體詢問丁守中，2人換裝的10幾分鐘過程中，是否有藉機討論選 情？丁表示，僅討論信仰議題，沒有聊選舉，但馬以「有志者事竟成 」勉勵，也有說未來會幫忙。

 "
67,Apple,北市長選戰 綠篤定自提人選 比藍綠更重要是黑白 柯Ｐ就是不就範,2018,5,6,"【張潼、曾薏蘋、朱真楷／台北報導】

民進黨北市長布局陷膠著，綠委郭正亮斷言，民進黨已確定北市自 提人選，接下來得思考是否複製2014年的兩階段整合。面對僵局，柯 文哲陣營坦言，一旦整合失敗，選情將很複雜；據了解，柯已委託相 關人士本周主動與民進黨接觸，「看民進黨要怎做，去討論看看」。

主導綠營選戰的民進黨選對會，上周由核心成員洪耀福、林錫耀、 陳明文及黃承國私下拜會柯文哲研商整合。據了解，儘管外界不斷傳 出民進黨將自提人選，但與柯合作一直是黨高層最想要的結果，雙方 迄今仍未放棄。

據指出，這段時間，柯派出民進黨籍副市長陳景峻，與民進黨基層 溝通，但在北市大同等深綠區，反柯力量大，讓陳穿梭的非常辛苦。

可能複製2014兩段階整合

知情人士說，柯本人對反彈力量並非沒感覺，但仍無法關緊嘴巴， 也無法跟民進黨同一口徑，用自己觀點詮釋，持續惹惱綠營基本教義 派。只是名嘴的推波助瀾，確實讓柯覺得自己不論說什麼都被刻意放 大，甚至大到無法解釋。

但繼綠委段宜康上周稱民進黨定自提人選後，郭正亮昨直言，民進 黨已確定自提人選，但自提後會思考「如何讓丁守中敗選」；換言之 ，自提後同樣得思考與柯整合。這是否代表將複製2014年模式，先選 出自家候選人，再與柯互比民調，最後贏者代表出征？郭正亮說，「 我只能說大家有警覺到要不要這樣做，但目前尚未正式討論，況且這 也要所有候選人都同意才能做」。

面對僵局，柯文哲昨受訪難掩無奈表示，把該做的事做好就好了。 但他坦言，他知道在所謂談合作期間，「應該要怎樣怎樣」，但覺得 該講的還是要講，這可能是外科醫師的務實性格；如拔管案，他認為 管中閔若當校長的確會有爭議，但不當併發症更高。

柯：該講的還是要講

對於柯是否還認為民進黨是盟友？他未正面回答，僅說從盟友到絕 對敵人，中間還有光譜，所以儘量爭取善意；至於自己是否還屬「墨 綠」，「我後來發現，比藍綠更重要是黑白，比統獨更重要的是是非 」。

面對整合與否牽動選情變化，柯幕僚評估，若民進黨自提參選人形 成「三足鼎立」，的確會讓局勢「較複雜」。但目前無論內外民調， 柯支持度仍領先丁守中及民進黨檯面上參選人，領先丁約7％至10％ ，領先姚文智更有13％至15％。

該幕僚說，柯認為若能與民進黨再合作「問題最小」，只不過決定 權不在柯而在民進黨，現只能「繼續等人家通知」。親近柯人士透露 ，柯並未因此緊張，因柯的個性就是這樣，既然緊張不能解決問題， 不如不要緊張。

（相關新聞刊A3）。

 "
68,Apple,綠戰將「要夠強」 對丁守中才有利,2018,5,6,"【張潼／台北報導】

多位民進黨人士近日對外宣稱「禮讓柯文哲空間越來越小」，但此 說法也引發部分綠營支持者憂慮，一旦形成「三足鼎立」，反讓國民 黨參選人丁守中得利；對此，丁直言，如果民進黨推派的人選夠強， 的確會產生選票分散的影響，但對藍軍來說，還是場艱困選戰。

丁守中已確定披藍袍參選首都市長，若民進黨最終也決定自提參選 人，等於國、民兩黨和柯文哲3人對決。由於柯文哲3年多前依靠綠營 基本盤和中間選民支持當選，一旦三足鼎立，民進黨參選人與柯文哲 的選票勢必有部分重疊，外界評估，這種情勢對丁守中最為有利，甚 至出現「不禮讓柯文哲就是禮讓國民黨」的說法。

丁守中5日接受本報訪問時指出，現在的情勢「由不得我們」，因 為提不提人選非藍營能控制，唯一能做的就是全力鞏固正藍支持者， 同時強打優質政見吸引中間選民支持。

不過，丁守中也坦言，如果民進黨自提參選人，且是「很強的人選 」，例如行政院長賴清德，將使民進黨基層士氣大振、吸走更多柯文 哲選票，「選票分散效果的確會更明顯」；換言之，對國民黨也較有 利。

至於民進黨檯面上的人選如前副總統呂秀蓮、立委姚文智是否都「 不夠強」？丁守中並未正面回應，僅說自己的民調目前的確算高，但 民調起伏變化高興1天就好，這仍是場艱困選戰，柯文哲掌握行政資 源、國民黨又被執政黨卡得死死的，要戒慎恐懼。

丁的幕僚則進一步分析，如果是姚文智、呂秀蓮，選票分散的效果 有限，不見得就是國民黨得利，但若真的是賴清德、總統府祕書長陳 菊等強棒，的確就會對藍軍較為有利。

 "
69,Apple,藍40趴就贏 綠委盼與柯談整合,2018,5,6,"【朱真楷／台北報導】

民進黨與柯文哲即便分手也終將復合？民進黨立委郭正亮昨表示， 今年國民黨在台北市的得票率不太可能低於40％，民進黨若堅持推人 ，也不可能沒有20％，換言之，3角鬥的結果，丁守中幾乎就能確定 當選。因此，民進黨雖應該自提人選，但絕不能為了自提而自提，接 下來該如何與柯整合，才是重中之重的關鍵。

郭正亮分析，台北市長選舉若有3個主要候選人，那就看誰能拿到 40％。問題是，民進黨支持者必須理解，2014年的選舉是既有太陽花 學運餘波，國民黨又是派出有史以來最弱的候選人，但今年整個大環 境已反過來變得對國民黨有利，尤其7月後年金改革造成的效應開始 湧現，國民黨難道還無法在軍公教大本營的台北市拿下40％？「別的 地方我不敢說，但台北市不太可能」。

郭正亮直言，民進黨雖已確定自提人選，但如果要達成制勝策略， 就不能只是為了自提而自提，終究還是得思考與柯文哲整合的問題。

郭正亮解釋，民進黨與柯文哲的整合會直接牽動3個問題。第一， 民進黨能不能讓丁守中敗選；第二，雙方若整合失敗，等於宣告民進 黨候選人在未來的選舉過程，必須不斷的攻擊柯文哲，問題是，當「 柯粉」群起反彈，對民進黨籍北市議員候選人會是好事情嗎？

第三，假設丁守中在3角鬥的情況下勝選，而國民黨新北市長候選 人也勝出，「藍軍一口氣拿下人口數破600萬的雙北，難道不會衝擊 民進黨的2020」？更甚者，民進黨若無法整合柯文哲，任由台北市各 行其事亂哄哄，這對新北市的選情會是好事？。

 "
70,Apple,頻被追問「台灣價值」 綠禮讓有條件 以意識形態取暖 柯稱不需要,2018,5,7,"【林縉明、張立勳、郭建伸／台北報導】

民進黨執政後，兩岸陷入僵局，台北市柯文哲拋出「兩岸一家親」 說法，引發深綠人士不滿，外傳柯若承認台獨，民進黨可能會禮讓， 柯6日表示，台灣民主自由開放，不需要用意識形態檢視或互相取暖 換得認同；對此，表態參選台北市長的綠委姚文智說，如果把台灣價 值當作卑微的取暖，「就太小看我們（民進黨）了！」

柯尊重綠營 籲跳脫框架

針對兩岸問題，柯文哲始終保持開放態度，被綠營支持者質疑與民 進黨立場不同，甚至屢被逼問何謂「台灣價值」？柯始終未正面回應 ，對於外傳若柯表態支持台獨，民進黨可能會禮讓，他說，台灣民主 價值得來不易，不需要用意識形態互相檢視、取暖，成為結黨結派的 因素。

柯文哲認為，台灣價值不是由台北市長來回答這個問題，至於民進 黨禮讓或不禮讓，都尊重對方想法，按照步調做自己的事情，若做得 好，人家自然會選你，而不是每天想著三角聯盟或兩極對抗，台灣應 跳脫政治框架。

姚反駁柯P 太小看我們

對此，姚文智批評，台灣價值對他而言幾乎不用思考，不可能作為 結黨營私或取暖的工具，而是他們衷心的信念；如果把台灣價值當作 卑微的取暖，「就太小看我們（民進黨）了！」

姚文智強調這絕非意識形態，還會影響到台北市政與其他國際城市 的互動，「柯市長你真的跟我們完全不一樣！」

姚文智也抨擊，柯文哲當年選舉說「改變台灣從首都開始」，但當 柯走不同道路後，嘴巴吐不出首都兩個字，「難道講首都兩個字是取 暖嗎？」

選對會徵詢 姚直球對決

由於民進黨選對會召集人林錫耀、陳明文將於7日徵詢表態參選台 北市長的黨內同志姚文智、呂秀蓮及蘇煥智，姚文智表示，他一直都 有信心，會向選對會充分說明意志與信心。

雖然民進黨自提人選似已成趨勢，但內部仍有意見指出，提名姚文 智恐引發棄保效應，造成國民黨丁守中勝選；姚文智說，民進黨提出 堅定的台灣價值，並把台北規畫為國家首都，「根本不用考慮棄保， 只要直球對決。」

至於台北市長是否繼續與柯文哲合作？蔡英文總統昨在電視專訪中 表示，民進黨的傳統，黨主席必須要尊重選對會的決策。

 "
71,Apple,攜手合作 施壓民進黨 雙北共榮 侯丁連線共推政見,2018,5,7,"【陳俊雄、林縉明／綜合報導】

針對年底大選，國民黨分別提名侯友宜、丁守中參選新北及台北市 長，未來藍營在雙北選戰也將出現合作模式，「侯丁連線」逐漸成形 ，尤其侯友宜挾高人氣，勢必會牽制綠營在北台灣的布局，甚至對民 進黨台北市長是否自提人選形成一股壓力。侯昨日表示，將與丁守中 共同推出好的政見，造福雙北市民共生共榮。

侯友宜6日參加土城三元宮天上聖母聖誕的遶境活動，與新北市長 朱立倫一同到場並共扶鑾轎，受到民眾熱烈歡迎並爭相和他合影。朱 立倫也在致詞時勉勵侯友宜，要他當選後再回來還願。並和侯共同祈 求媽祖庇佑新北，讓市政建設順利、發展進步，市民平安健康。

國民黨雙北市長參選人均已底定，未來國民黨在雙北選戰將採取合 作模式，侯友宜表示，「見面會先以政見討論為主」，由幕僚先行討 論後，等到有好的共同政見推出來，就會和丁守中站在一起，為造福 雙北市民創造更多福祉、共生共榮。

丁守中說，雙北是共同生活圈，很多公共政策需要互相合作，所以 一定會共同推出好政策，而且與侯友宜是好朋友，溝通順暢。

至於是否已經與侯友宜達成政策共識？丁守中表示，目前雙方還沒 聯繫，預計等到5月9日中常會正式提名他代表藍營出征台北市後，黨 部會安排兩人碰面，屆時才會交換意見，擬定未來雙北政策合作方向 。

 "
72,Apple,台北市長 民進黨傾向自提 最強人選 國民黨鎖定賴清德,2018,5,9,"【王正寧、曾薏蘋／台北報導】

國民黨中常會預定在今正式提名前立委丁守中出戰台北市長。丁守 中昨前往黨中央向黨主席吳敦義請益，針對民進黨傾向自提候選人， 與會人士普遍的共識，就是行政院長賴清德才是民進黨所謂最強人選 。

吳敦義勉丁 母雞帶小雞

吳敦義強調，年底台北市長選戰對國民黨非常重要，要求丁守中一 定要全力求勝，也要扮演稱職母雞，讓黨提名的33席市議員參選人全 壘打。至於丁希望借用國民黨八德大樓閒置空間作為競選總部，也獲 吳同意。

陪丁守中前往黨中央的市黨部主委黃呂錦茹表示，吳敦義期勉丁守 中按部就班、穩紮穩打，除了打贏台北市長選戰之外，也能夠發揮母 雞帶小雞功能，讓國民黨提名的33席市議員參選人都可以勝選。

丁競選總部 借八德大樓

礙於經費問題，丁守中也向吳敦義商借中央黨部的閒置空間，作為 競選總部，「看哪裡有空的房間，就用一下」；吳則回應「若合適就 同意」。

「綠白」關係交惡，民進黨基層籲求黨中央不再禮讓台北市長柯文 哲，應推出自己的參選人。黃呂錦茹轉述，國民黨內部目前仍鎖定「 柯丁對決」，若民進黨要推派人選，研判應該會找最強的人選，而這 個人選最有可能是賴清德。

對於賴出馬與否，吳敦義並未表示看法，但坦承賴清德確是檯面上 實力最強人選。

鐵三角斷鏈 綠稱不可能

自賴清德去年9月北上任閣揆以來，民進黨基層一直有人認為他是 征戰新北市或北市的最強人選，但立委段宜康最近受訪時說，不可能 。段宜康說，賴清德任閣揆的風評還不錯，若為了台北市長選舉換掉 一位風評不錯的行政院長，要找誰來當行政院長？這選項幾乎不存在 。

何況「蔡賴菊」鐵三角剛成立，黨政人士表示，2018年選戰勢必得 靠「鐵三角」全台走透透，如果為了一個台北市要讓「鐵三角」解體 ，茲事體大，這種決定怕非蔡英文當前的優先選擇。

民進黨選對會預計在下周三決定台北市長是自提或禮讓，國民黨對 縣市長提名布局即將完成，吳敦義將在明晚宴請包括連戰、吳伯雄、 馬英九、朱立倫與洪秀柱等歷任黨主席，除說明提名狀況與國民黨困 境外，也將邀請歷任黨主席加入縣市長選舉中央輔選團，為打贏年底 選戰努力。

 "
73,Apple,藍色小雞群聚挺母雞 要贏回台北 丁守中初選3份民調 都贏柯P,2018,5,10,"【陳燕珩／台北報導】

國民黨台北市長參選人由前立委丁守中出線，他9日首度以「母雞 」身分拜會市議會國民黨團，宣示將與議員合作打「團體戰」。市黨 部主委黃呂錦茹會中透露，上周公布初選結果，黨內稱丁與柯文哲民 調伯仲之間，是「保守說法」，其實丁守中3份民調都贏柯P，因此國 民黨一定要有信心，團結贏回台北。

丁守中昨與黃呂錦茹聯袂前往議會，一同參與國民黨團大會，除議 長吳碧珠出國、議員陳重文請假，其餘23名議員全數參與，給足丁面 子。甚至連初選對手鍾小平也現身力挺，大喊「丁丁凍蒜」，展現十 足團結力。

黃呂錦茹強調，上周黨內公布3份初選民調，其中丁守中與柯文哲 對比式民調全勝出，其中1份小贏0.6％，另外2份民調大勝7到8％， 讓她也嚇了一跳，相信只要接下來穩紮穩打，避免發生錯誤，年底很 有機會勝選，尤其基層士氣現在很旺，大家會團結一心，把台北贏回 來。

談到如何布局選戰，丁守中認為，現階段態勢還不明朗，等民進黨 提名底定，看是兩組捉對廝殺或三足鼎立，會有不同策略。即使民進 黨傳出自推人選聲浪，他仍認為，那只是放空氣對柯文哲施壓，最終 還是會禮讓，因此他只鎖定柯P為對手。

他還說，昨與議員充分交換意見，未來將打團體戰，會在各選區聯 合造勢，與議員一起在議會開記者會，尤其很多議題擴及雙北，未來 可鎖定與民眾相關的大議題推動。

黃呂錦茹則強調，她與黨中央高層討論，未來丁守中主打的議題， 會貼近議員問政，同時也會好好檢討柯文哲施政，針對5大弊案等議 題主動出擊，必要時會請前市長郝龍斌提供相關資料，請黨內智庫、 議員協助攻防，一起團結打選戰。

 "
74,Apple,「政治水母」打碎人民信任 讓年輕世代失望 期待跳脫藍綠 在柯手中毀了,2018,5,10,"【張潼、陳燕珩／台北報導】

台北市長柯文哲選情不妙，9日緊急上深綠電台欲挽回綠營支持， 他在訪談中為兩岸論述道歉，表態2020支持蔡英文，頻對民進黨低頭 。對此，國民黨台北市長參選人丁守中痛批，柯為了算計民進黨禮讓 與否，改變說法，這樣的政治性格不知如何讓人信賴？前立委孫大千 也直言，柯文哲一句「失言」道歉，親手瓦解掉台灣年輕世代希望跳 脫藍綠統獨的一絲期待。

兩面討好 失去中心價值

丁守中表示，政治人物的考驗，就是在壓力下是否改變自己的價值 。如果可以在中共壓力下說兩岸一家親，又可以在民進黨壓力下為了 說兩岸一家親道歉，這個人的格局就不用多說了，他講的話恐怕兩邊 都不會相信了。很多政客的盲點，在於認為可以兩面討好，甘蔗兩頭 甜，卻常常因此失去了中心價值，變成漂浮的水母。

先前也打算參選台北市長的孫大千表示，為了爭取禮讓，柯文哲認 「（兩岸）床頭吵床尾和」是失言，也對兩岸一家親的說法引起不爽 感到抱歉、歹勢，這種進退失據的發言，將讓柯從原本的主動變成被 動。

搖尾乞憐 實在太沒格調

他直言，柯文哲原本藉由「兩岸一家親」的兩岸論述，在藍綠對立 間取得了一個受到民眾認同的制高點，在過去民進黨幾度脅迫利誘下 ，柯文哲始終堅持到底，毫不退讓，進一步爭取到大多數對傳統統獨 主張厭倦的選民的尊敬。然而，柯文哲一句「失言」道歉，更親手瓦 解掉台灣年輕世代希望跳脫藍綠統獨的一絲期待。

孫大千還說，如今柯文哲的軟弱，不但不能換得深綠反柯人士的衷 心支持，反而會徹底失去淺藍和中間選民的肯定。柯文哲的「低聲下 氣」，親手終結了「柯文哲時代」。

國民黨議員王鴻薇痛批，柯文哲向民進黨「搖尾乞憐」的舉動，實 在太沒格調，為求禮讓竟可以打翻過去的論述，叫支持者情何以堪。 她強調，過去柯能吸引淺藍、中間選民，就是因他的兩岸論述處理得 比民進黨柔軟，現在竟要收回道歉，這只會被選民徹底唾棄。

 "
75,Apple,蔡正元轟馬家軍 搶地盤沒智慧,2018,5,10,"【王正寧／台北報導】

前總統馬英九在台北市議員選舉推出所謂「馬家軍」，前國安會祕 書長金溥聰在初選民調前夕，更是親自「下海」陪「正馬軍」掃街。 此一大動作引發黨內反彈，國民黨政策會前執行長蔡正元開第一炮， 質疑馬英九靠著蔡英文總統施政不力人氣剛回升，就大搞「馬家軍」 ，實在沒什麼政治智慧。

面對馬英九推人「搶地盤」，蔡正元透過臉書表示，馬英九有意無 意地在台北市若干議員選區，安排「馬家軍」參選人，8日還出動「 當年的地下總統」金溥聰陪同掃街拜票，看在其他曾與馬英九胼手胝 足過的市議員參選人眼裡，真是百味雜陳，怎麼可能心無芥蒂。

之前黨內就有中常委質疑馬英九推的人都是選台北市最藍的區，但 馬嫡系、總統府前副祕書長羅智強則回嗆，「大安文山是我20年的家 」，此話一出等於暗批另一位「馬家軍」是「空降」，讓內部矛盾搬 上檯面；據悉，原本羅智強就是被喬到其他選區。

雖然重出江湖的金溥聰呼籲團結，但蔡正元反批，馬英九好不容易 靠著蔡英文胡搞人氣開始回升，就開始搞「馬家軍」，實在沒什麼政 治智慧；馬英九是當過總統和黨主席的人，這樣搞讓其他人敢怒不敢 言，這不會使國民黨更團結。

國民黨中常會昨天並通過提名丁守中參選台北市長、徵召立委楊鎮 浯參選金門縣長。

 "
76,Apple,交叉輔選 丁丁跨淡水河拉抬葉元之,2018,5,10,"【王揚傑／新北報導】

國民黨新北市長參選人侯友宜日前數次到台北市為同黨議員參選人 站台，國民黨台北市長人選確定由丁守中出線後，丁9日首度到新北 幫市議員參選人造勢，並選上朱立倫、侯友宜嫡系的前新北市府副發 言人葉元之，給足朱、侯面子，也象徵年底選舉雙北勢將合體應戰。

丁守中首先稱讚葉元之長期協助朱立倫，市政經驗嫻熟，擔任市議 員一定非常稱職，而且葉元之的RAP在網路上非常有名，他還和葉元 之現場合作說唱一段葉版RAP「葉元之YA、原汁原味」。

丁守中與侯友宜以「母雞」之姿，互相拉抬對方「小雞」，對此丁 守中表示，新北、台北本就是一個生活圈，本來就會推出共同政見， 雙北須一起努力，他已和侯友宜通過電話，很快也會碰面，要雙拳變 四手一起拚雙北的驕傲和市民的幸福。

葉元之也稱讚丁守中從政多年，一直是年輕人學習的對象，不僅表 現優秀，更是人氣王，很高興能請到丁來站台，他和丁守中系出同門 ，都是台大政治系，但丁守中對他而言是師長級人物，還有很多要向 師長學習。

葉元之強調，雙北本來就合作密切，像公車票價、捷運等議題，都 需要台北市的支持，把國民黨在新北市的議員數衝高，日後議會在促 進雙北合作就能更順暢；葉元之說，之前都是侯友宜到台北市站台， 以後也要請丁守中多來新北幫忙站台，才公平。

丁守中傳授葉元之選舉祕訣，建議把選區分成50條大街，勤跑基層 ，特別是樓上住家、樓下店面或後面住家、前面店面的這種家庭，要 盡量去跑；丁守中提到，他已和國民黨主席吳敦義討論黨部如何充分 協調配合，開始全力衝刺。

 "
77,Apple,黨籍議員嗆 禮讓柯P是跟魔鬼交易 民進黨若提名 柯媽嗆互不相欠,2018,5,11,"【張潼、陳燕珩、鄭舲／台北報導】

台北市長柯文哲自詡「白色力量」，卻被質疑，他為了與民進黨交 換禮讓空間，不惜向綠營低頭。民進黨議員卻不領情，批他見人說人 話見鬼說鬼話，中央若選擇禮讓，就是在跟魔鬼交易。柯文哲言論惹 來藍綠批評，過去他常被嘲諷，每當失言、「出包」，柯媽何瑞英與 妻子陳佩琪就會出面「救援」；而這次，何瑞英果然連續兩天受訪， 昨上政論節目、今日中午接受廣播節目專訪。

未連任選總統 也有可能

何瑞英昨在節目中被問到與民進黨是否要繼續合作，她說，「如果 你要提名，以後我們互不相欠。」被問到若柯未能成功連任是否可能 選總統？她也說，對，可能也是有啊！選不上再說，不用現在說得這 麼白。

接著何瑞英還槓上提問的里長。里長祥說，柯文哲已經變質了，這 次民進黨一定會推人，柯媽有些動怒地說，「沒這種事情，沒有變質 ，但你要去支持，50幾個里要去支持也沒關係，我跟你說，你說他不 好，是哪裡不好？」

而前副總統呂秀蓮昨天則表示，柯文哲終於覺悟，知道蔡總統已經 體察民意，決定不禮讓，「所以慌了，準備繳械投降」，但已too l ate（太晚了）。因為禮讓，對蔡總統競選2020年連任絕對會引起很 大的衝擊。

白色力量假的 藍營痛批

民進黨議員王世堅也嗆聲，今天到選對會，一定會提出強烈反對禮 讓柯文哲，因柯是標準的見人說人話、見鬼說鬼話，為政治利益什麼 都做得出來；他呼籲黨中央，不要再跟魔鬼交易，選民要民進黨教訓 柯文哲，若黨不從，「選民會反過來教訓民進黨。」

丁守中更痛批，柯文哲近日言論代表政治人物沒有自己的核心價值 ，在一方壓力下出賣自己的政治主張，就是「政治水母」，這種人為 了自身利益，未來也有可能出賣台灣和市民的利益。大家會看破柯文 哲的手腳，白色力量顯然是假的、已經成為夢幻泡影，選民選票不會 投給他。

前立委孫大千更痛陳心聲，強調自己是藍營人士中少數一直給予柯 正面評價的人，沒想到柯文哲為求連任、放棄理念，尤其兩岸一家親 論述原本可望成為台灣人民的最大公約數、化解兩岸僵局，柯自己卻 改口說這番話是為了讓世大運過關的應付說詞，恐怕澆熄淺藍、淺綠 、中間選民對他的熱情，因為，「這和兩面討好、左右逢源的政客有 什麼不一樣？」。

 "
78,Apple,丁守中偕議員參選人 站出來 國民黨選將發起 雙北反深澳連線,2018,5,13,"【張潼／台北報導】

國民黨台北市長參選人丁守中12日與雙北議員參選人張斯綱、李明 賢、葉元之舉行記者會，批台北市長柯文哲、新北市長參選人蘇貞昌 在深澳電廠議題上態度含糊；為了大台北民眾健康與環境，他們也呼 籲中央應重啟環評，當選後還要組成「雙北反深澳連線」、共同監督 。

保障市民 拒用肺發電

活動發起人、士林北投區議員參選人張斯綱指出，台北距離深澳電 廠36公里，包含新北市政府與相關環保團體在內，都對燃煤電廠有很 大疑慮，只是，柯文哲與民進黨眉來眼去，對深澳電廠議題不敢強烈 批判，未來若國民黨能夠當選市長和議員，將與新北市組成監督連線 ，保障市民健康。

出席力挺的丁守中進一步表示，林口原有60萬千瓦燃煤電廠，趁著 汰換機組時變成240萬千瓦，已增加4倍，深澳如果又要有燃煤電廠， 台北周遭可說是全世界燃煤電廠密度最高的區域，將永遠不見天日。

丁守中直言，現在台灣肺癌機率已是最高，如此一來民眾健康會更 暴露在危機之中，因此堅決反對深澳燃煤電廠。尤其看到行政院長賴 清德說汽機車排汙更多，燃煤電廠只占4分之1，國人肺癌機率已經那 麼高，竟然還要把燃煤電廠加諸在民眾身上？完全沒有邏輯，不關心 市民幸福與健康。

批蘇「現在空空空」

出席記者會的李明賢、葉元之也都反對會造成汙染的深澳燃煤電廠 ，強調應重啟環評。葉元之說，新北市府曾委託學者做研究，一旦啟 動深澳燃煤電廠，PM2.5會增加超過6毫克，比台電研究數字多3倍， 如不重啟環評、「收回成命」，恐對人體造成嚴重傷害。

2人還批蘇貞昌在此議題態度含糊，稱「安全無汙染才支持」，那 現在既已證明不安全、會汙染，蘇貞昌應該清楚說明立場，不要「以 前衝衝衝，現在空空空」。

 "
79,Apple,賴神神話 過不了濁水溪,2018,5,14,"【郭建伸／台北報導】

民進黨至今尚未決定2018台北市長人選，由於黨中央表示會推出「 最強人選」，基層有人主張應徵召行政院長賴清德，不過根據旺旺中 時最新民調指出，如果在丁、柯、賴等三足鼎立下，賴僅獲1成3支持 率，遠輸柯文哲的32％及丁守中的40％，其餘1成4則是沒反應或都不 支持，等同賴神一過濁水溪民調就被打趴。

雖然賴清德說過很多次，現階段要做好行政院長，目前沒有規劃等 ，但鑑於賴清德在台南市長任內，對於北上擔任閣揆的說法，屢次否 認，但最後確是閣揆的經驗，國民黨仍將北市競選最強對手鎖定是賴 。

若把賴清德列為民進黨籍台北市長人選，藍綠得票板塊變動仍不大 ，丁守中跟柯文哲的民調雖分別掉了2.7百分點與4.5百分點，但賴僅 獲13.2％支持，仍遠輸柯文哲18.8百分點。

過去民進黨的論調是在台北市最低都會有3成支持率，2002年李應 元選台北市長時僅拿下35.89％得票率，「綠白」分手，民進黨至少 可守住基本盤，但根據旺旺中時公布的民調，並未反映出此優勢。

 "
80,Apple,柯兩岸論述不變 重申五個互相 未否定兩岸一家親 雙城論壇可望獲陸方放行,2018,5,14,"【記者呂佳蓉／台北報導】

台北市長柯文哲昨日重申，他的兩岸論述沒變，就是互相認識、互 相了解、互相尊重、互相合作、互相諒解等「五個互相」；今年雙城 論壇還是要舉辦，只是時間與地點還要再商量。

據有關人士指出，柯文哲對綠營的道歉或說明，並沒有否定兩岸一 家親，所以大陸對柯文哲是原則放行、持續觀察的開放態度。目前雙 城論壇會續辦，時間落在7、8月間，目前兩地仍在討論中。

有黨籍民眾不到百萬

柯文哲昨日上午於國父紀念館參加法鼓山「2018心靈環保家庭日─ 平安幸福禪悅趣」活動。會後記者詢問，有關台北市長選舉，民進黨 傾向自提參選人，柯文哲表示，他就是盡力而為，若行的話會尋求所 有人支持；他也強調，台灣被6%深藍、深綠支持者綁架，「台灣有2 300萬人口有黨籍的加起來有100萬嗎？一定不到，大多數台灣人一定 沒有黨籍。」

有鑑於在9日播出的電台專訪，柯文哲向對兩岸一家親言論感受不 佳的民眾道歉，外界認為，柯文哲沒有核心加值，兩岸政策擺盪。他 會後受訪時說，兩岸論述沒變，就是互相認識、互相了解、互相尊重 、互相合作、互相諒解。

淡定看丁守中高人氣

面對記者詢問，12日出席台北市信義區景聯里母親節慶祝活動時， 藍營支持者熱烈回應國民黨台北市長參選人丁守中，並對丁守中大喊 「凍蒜」，柯文哲是否有被吃豆腐的感覺，柯文哲若無其事地回應稱 ：「不然要人家喊他甚麼？」，「還好啦，選舉到了，以後會常遇到 。」

柯文哲參加法鼓山「2018心靈環保家庭日─平安幸福禪悅趣」活動 ，除在現場敲鐘以外，還參與「用心吃飯」、「手護平安」等活動， 細細品嘗葡萄乾，體會用心吃飯，也用手沾顏料，繪製蝴蝶手印畫。

 "
81,Apple,北市長選情大逆轉 丁守中贏柯P 賴神,2018,5,14,"【崔慈悌、陳燕珩／台北報導】

台北市長選情大逆轉。根據旺旺中時媒體集團最新民調，國民黨提 名的丁守中PK柯文哲，丁以42.7％比36.5％勝出，即使綠營自提賴清 德應戰，丁仍以40％支持度，勝過柯P的32％與賴揆的13.2％，換句 話說，民進黨無論是否支持柯文哲，丁守中都會贏。

《時報周刊》今年初曾委託艾普羅針對台北市長可能人選進行民調 ，當時台北市長柯文哲領先藍綠群雄，獲得24.2％的支持度，比丁守 中的12.4％與賴清德的10.2％高出一倍。

無論綠是否提人選 丁都勝出

但4個月後，選情已出現截然不同的情勢。在民進黨基層要求黨中 央自提人選壓力下，柯文哲為爭取綠營支持，在深綠廣播電台受訪時 ，為「兩岸一家親」的說法向不滿民眾致歉，柯在兩岸政策上的反覆 ，不僅重傷自己，更催化選情。

根據旺旺中時委託艾普羅所作的最新民調，如果明天就是投票日， 台北市民69.4％表明「一定會」去投票，「可能會」投票的有5％， 「不一定或看情形」有15.7％，「不會投票」的不到1成。意謂著由 於選情緊繃，刺激選民投票意願明顯提高。

民進黨如選擇繼續禮讓柯文哲，將形成「柯丁對決」，有36.5％支 持柯文哲，42.7％選擇丁守中，丁贏柯6.2個百分點。

而如綠營徵召賴清德應戰，形成藍綠白三強，結果丁守中仍以40％ 的支持度贏過柯文哲的32％及賴清德的13.2％。賴清德的「台南經驗 」，台北市民不買帳，落居第三。

細分各行政區，柯丁對決，柯在信義、中山、中正、大同、萬華、 南港和士林較具優勢，丁則在松山、大安、文山、內湖和北投取得領 先；賴清德加入戰局則只在綠營大本營的大同區取得領先，其餘各區 對柯丁兩人都不具威脅。

值得注意的是，民進黨過去在台北市擁有3成基本盤，此次民進黨 基層支持者強烈要求自提人選，也是認為綠營無論推誰參戰，至少都 能拿到3成以上選票。

但民調卻顯示，台北市民自認政黨理念及主張接近泛藍者有35.6％ ，與過去差距不大，但自認傾向泛綠者僅17.3％，自認中立者45.7％ ，另有0.2％是其他政黨，拒答的有1.2％。中央執政不力及柯市政績 效不佳，綠營在北市基本盤大幅鬆動，已衝擊綠營和柯P選情。

民進黨3成基本盤 大幅鬆動

針對民調結果，北市府發言人劉奕霆回應，民調起起伏伏，市府會 作為參考依據，市長仍會努力推動市政，爭取更多市民支持。

丁守中則表示，自己內部做的大樣本、滾動式民調，結果差不多也 是如此，「但我們戒慎恐懼」，他會持續努力爭取選民認同。

（相關新聞刊A3）。

 "
82,Apple,怕得有理 綠不挺 柯選票跌兩成,2018,5,14,"【崔慈悌／台北報導】

民進黨選對會周三(16日)將確認是否自提台北市長人選。根據旺旺 中時民調，若柯文哲取得民進黨支持，與丁守中兩人對決，柯可拿到 62.5％泛綠選票，但綠營若推賴清德出馬，柯P泛綠選票將只剩44.5 ％，大跌近兩成，柯文哲怕民進黨不支持確實有根據。

民進黨選對會日前陸續與基層台北市議員、里長完成座談，周三將 向黨主席蔡英文提出是否自提人選的建議案，再由蔡英文決定黨內支 持的人選及對外公布的時間。

民進黨高層透露，為避免黨內鬧分裂，基層多數主張自提人選，並 認為柯文哲支持度不若以往，沒必要為了柯P得罪自己人。但若捨棄 柯P，在藍營丁守中民調穩定向上，綠色選票被瓜分情況下，黨內也 擔心台北市將變成藍天，「確實陷入兩難」。

根據旺旺中時最新民調，如果民進黨不自提人選，年底台北市長選 舉，僅由無黨籍的柯文哲與國民黨提名的丁守中對決，政黨傾向泛藍 的台北市民僅21.6％支持柯P，支持丁守中的有71.9％。

在泛綠族群方面，有62.5％支持柯P，支持丁守中的僅10.3％，其 他政黨和中立族群則有39.7％支持柯P，28％支持丁守中，顯然支持 柯文哲的仍以泛綠和中立選民為主，柯P能拿到的泛藍選票有限。

如果民進黨決定自提人選，並假設推出綠營最具人氣的賴清德，在 三人爭搶情況下，柯文哲能拿到泛藍民眾21％的支持，丁守中拿到7 2.2％；其他政黨和中立選民中，柯P可取得37.4％的支持，丁守中有 23.8％，兩人在泛藍和中立群眾的選票變化不大。

但在泛綠族群方面，柯文哲僅能拿到44.5％的支持，雖然仍高於賴 清德的40.9％，但因賴揆瓜分了綠色選票，三人爭搶與柯丁兩人對決 相比，柯P在泛綠群眾的支持度跌了18個百分點。

從民調來看，民進黨是否自提人選，對柯文哲的支持度確實會造成 影響，這也難怪柯P對是否能取得民進黨支持「還是很怕」。

 "
83,Apple,蔡政府執政不力 民怨沸騰 藍軍歸隊 丁守中倒吃甘蔗,2018,5,14,"【周毓翔／台北報導】

前立委丁守中再戰北市，原先外界都不看好其爆發力，但丁守中通 過國民黨初選後，氣勢如虹，依據旺旺中時媒體集團的最新民調顯示 ，無論是丁、柯對決，或是丁、柯、賴等三人對決，丁守中皆能獲得 7成以上泛藍支持，顯見藍軍已經歸隊。

依民調結果顯示，柯丁對決下，丁以42.7％勝過柯的36.5％，丁拿 下泛藍選民71.9％的支持，柯在泛藍選民中只能拿到21.6％。對柯更 不利的是，即使因「兩岸一家親」等言論向綠選民道歉，在泛綠支持 者中他也不過拿下62.5％。

柯文哲在台北市原本是藍綠通吃的局。人氣如日中天的立委蔣萬安 原先被看好代表國民黨參選台北市長，但據了解，當時有部分藍營里 長及基層黨員挺柯，想跟柯合作，認為這局應該保護國民黨的明日之 星蔣萬安，不少基層因此勸退蔣。柯在擔任市長後，從「墨綠」逐漸 變色，往中間靠攏，曾炮打前瞻計畫、赴陸講兩岸一家親，讓不少藍 營人士認為支持柯文哲也不錯，更有人喊出「藍白拖」計畫，要國民 黨聯合柯文哲對抗民進黨。不過這些想像，在柯文哲去深綠電台向綠 選民道歉後，讓藍選民突然驚醒，全部歸位改挺丁守中。

藍營支持者的怨氣也提高到令人吃驚的地步，即使在柯、丁、賴三 足鼎立的狀況下，也有72.2％要投給丁守中。

這現象顯示，藍營怨氣悶到無處發，舉凡蔡政府一上任就抄黨產、 砍年金、撒錢前瞻都讓藍營支持者受不了，兩岸僵局搞不定、國際空 間不斷被打壓、經濟沒有好轉，而民進黨不解決經濟問題，卻在搞「 拔管」，讓藍營都看不下去，認為民進黨執政就是在保護自己人如吳 音寧這類無能的人，卻竭盡所能打壓管中閔這些「異己」。

所以即使丁守中在他參加初選至今並沒有什麼策略上的調整，或是 形象上的改變，他也在民進黨執政引發的民怨加上柯文哲對藍選民的 背叛上，獲得了藍軍的重新集結。

 "
84,Apple,合作沒進展 柯「尋求所有人支持」,2018,5,14,"【陳燕珩、吳堂靖、郭建伸／台北報導】

台北市長柯文哲因為兩岸論述致歉惹議，藍綠都不討好，讓他多次 感嘆台灣社會被6％深藍或深綠民眾綁架，不過反遭獨派批評「6％不 知道怎麼算的？」柯文哲13日受訪回稱，台灣2300萬人口，有黨籍的 人不到100萬人，只占少數；而面對民進黨仍傾向自提候選人，他也 表示，會持續尋求包括小黨在內的所有人支持。

不過，對於柯文哲的說法，國民黨台北市長參選人丁守中昨天反譏 ，民進黨過去不也被柯文哲綁架？重點是選民不要被任何人綁架。有 意參選台北市長的綠委姚文智也批柯文哲，指很多人都被柯的謊言綁 架。

柯文哲道歉風波不斷，如今民進黨自提人選呼聲逐漸升高，尤其駐 日代表謝長廷日前回台參加慶生宴，當場勉勵子弟兵姚文智爭取台北 市長提名，還稱「態勢愈來愈明顯」，要姚努力衝高民調。對此，柯 認為，這也還好，姚文智本來就是謝系，派系大老不可能說「你不行 」，這是人情世故。

是否已做好準備？柯僅說「盡力吧」，也不知道什麼叫做有準備， 什麼叫做沒準備；外界認為，若民進黨確定不禮讓，柯將積極尋求時 代力量、社民黨等小黨支持，對此，他也未把話說死，強調「可以的 話，我尋求所有人支持。」

不過，近日不僅因為發言惹議，北市府研考會官方民調結果，柯文 哲的市政滿意度也只有65分，比去年還低。他昨天不以為然地說，在 台北還好啦，差不多就這樣，台北市民要求比較高。

但丁守中仍痛批，65分的分數在大學評比裡面就是C，很糟糕，柯 文哲不做A+的學生，至少也要有A；他認為，柯不僅成績不好，進步 也有限，若給他機會做市長，台北市絕對會不一樣。

 "
85,Apple,吃定年輕人 39歲以下仍最挺柯,2018,5,14,"【周毓翔／台北報導】

台北市長柯文哲上屆當選就是靠年輕人支持過關，至今仍吃定年輕 人這塊族群。根據《旺旺中時》最新民調顯示，柯文哲對上前立委丁 守中的狀況下，在20∼29歲年齡層有57.8％支持度，在30∼39歲則有 60.9％支持度，幾乎都是壓倒性贏過丁守中，證明柯在藍綠夾殺下對 於年輕人還是相當有影響力。

依民調指出，柯丁對決下，柯在20∼29歲有57.8％支持度，30∼3 9歲則有60.9％支持度，而丁在20∼29歲只有24.6％，30∼39歲只有 29.1％。

至於如果柯丁加上賴清德的狀況下，柯在20∼29歲有63.3％、30∼ 39歲有51.5％支持度，仍保有領先地位。

值得注意的是，太陽花學運後，靠青年重返執政的民進黨，如果派 出賴清德參選，30-39歲只拿了11.9，20∼29歲更是慘不忍睹，只拿 到2.2％，數據顯示，年輕人在柯文哲跟民進黨之間，寧可選擇柯文 哲也不投給民進黨。

主因不外乎是民進黨執政，許多政見跳票或是讓年輕人感覺到被欺 騙，再加上政府不斷有爭議言論引發年輕人不爽，其中更以賴清德的 「功德說」讓年輕人反感，而婚姻平權的政見跳票，也是不少年輕人 背棄民進黨的理由之一。

此份民調結果等於擊垮「賴神」神話，賴清德不再有形象護體，反 而中央首長屢次講「幹話」都引發青年不滿，讓青年族群大失所望； 而台大拔管事件，也影響到了各大專院校學生的感受。歷經藍綠兩黨 執政都不得人心，無怪乎年輕人完全接受柯文哲脫口說出的那句「垃 圾不分藍綠」。

 "
86,Apple,民調輸丁 柯P稱會創造奇蹟,2018,5,15,"【陳燕珩、王正寧／台北報導】

台北市長柯文哲為兩岸論述道歉惹議，依旺旺中時最新民調顯示， 柯支持度已落後國民黨參選人丁守中。柯文哲14日在議會坦言，民調 確實受訪談風波影響，但不會緊張，「我是創造奇蹟的人。」被問及 是否對民進黨不再禮讓心裡有底？柯點頭默認，忍不住感嘆，「這次 滿難選的。」

另一方面，丁守中受訪時低調表示，民調起起伏伏、高高低低，且 現在民進黨中央執政掌握所有行政資源，柯文哲則掌握北市行政資源 ，自己是戒慎恐懼。

外界認為蔡英文總統傾向「禮讓」柯P，遭蔡斥為「謠言」，柯文 哲昨在議會被問及看法，僅說無法控制外在因素，努力做好自己就好 。不過他也認為，這次本來就很難選，尤其選舉又要堅持理念的時候 ，更加難選。

外界關心柯文哲是否會維持先前論述，支持蔡英文2020年連任？柯 對此未正面回應，僅說基本上沒有選2020的計畫，若自己不選「人家 要不要選是她的事，沒必要反對」，還是希望國家穩定，不希望變成 民進黨內鬥，也不想看總統民調搞成這樣，希望小英民調上來，平安 度過。

針對先前為「兩岸一家親」致歉惹議，柯文哲昨再度喊冤，稱自己 只是務實對話，他的基調不變。市議員王鴻薇、戴錫欽追問，柯文哲 能否現場再重申兩岸一家親？

未料，柯絕口不願重提，推託說「不需要在這邊講」，還稱自己覺 得很不舒服，不論是台灣價值或兩岸一家親，「為何社會要這樣檢視 自己的朋友？」議員質疑柯不敢重申，是怕得罪藍、綠，還是對岸？ 柯回稱，「我只是覺得社會這樣撕裂下去怎麼辦。」。

 "
87,Apple,民進黨今拍板定案 政治豪賭 民進黨自提台北市長,2018,5,16,"【曾薏蘋／台北報導】

民進黨年底首都之戰，與台北市長柯文哲是合作？還是分道揚鑣？ 選對會今天拍板。據了解，黨主席蔡英文總統13日召集選對會幹部了 解徵詢基層狀況後，已有初步方向，自提人選幾成定局。

民進黨今上午11時召開選對會，選對會就上周徵詢各方看法後的相 關意見、支持者情緒及外溢效益等提出報告，並聽取各成員意見，將 以共識決方式，決定台北市長提名方案。

禮讓柯P 綠營壓力鍋快炸了

民進黨年底台北市長布局策略今天揭曉，近來基層對自提人選的籲 求如壓力鍋隨時會炸裂，但黨內對於最後是禮讓柯P或自提人選，不 到最後關頭，沒人敢斷定，緊張到不少人私下想開賭盤。

民進黨選對會最先徵詢有意參選者立委姚文智、前副總統呂秀蓮及 前台南縣長蘇煥智，3人均表示堅定參選意願；上周陸續徵詢台北市 里長、執評委、市議員及市議員參選人，徵詢里長等意見時，自提或 禮讓意見55波，但隔天徵詢市議員時，卻幾乎一面倒支持自提人選。

逐鹿首都 呂、蘇、姚當仁不讓

黨政人士指出，柯文哲雖然因「兩岸一家親」論點，在接受專訪時 說「歹勢」，被認為是為了深綠選票「折腰」，但事後，市府又緊急 發聲明解釋，結果愈描愈黑，兩邊都得罪，柯文哲目前狀況，已是騎 虎難下，民進黨若還跟柯文哲談合作，就驗證柯自己說的，「白痴的 決定！」

柯文哲昨天被問到，如果民進黨不禮讓，台北市將形成「三強鼎立 」；他笑稱，「說明民進黨跟國民黨終於有共同的目標」；黨政人士 聽了直搖頭，「話都說成這樣，就知道沒有合作空間了。

柯笑稱 兩黨終於有共同目標

黨政人士分析，柯文哲說，2020支持蔡英文選總統；這句話不講還 好，這樣一說，若民進黨還禮讓，不就坐實總統為了個人私利，和柯 條件交換？此外，從近期各界民調來看，原本一路領先的柯文哲，現 與國民黨參選人丁守中比起來，不是打平就是輸掉，也顯示柯文哲已 無優勢、籌碼可和民進黨談合作。

黨政人士也強調，總統雖然遲遲不鬆口是否禮讓柯，但總統最近一 再公開強調，選擇台北市長人選要注意一件事情，必須有利民進黨在 中央很多重要計畫。而柯文哲對民進黨中央政策的炮火，往往比國民 黨還猛烈，「我認為，總統這一點，已經暗示得非常明顯了。」

（相關新聞刊A3）。

 "
88,Apple,2014師徒翻臉 昨拜會泯恩仇 丁守中連戰破冰 談北市都更,2018,5,16,"【陳燕珩／台北報導】

國民黨台北市長參選人丁守中出線後，近來積極拜訪黨內大老，凝 聚藍營士氣，昨日在黨副主席曾永權牽線下，丁守中正式拜會前黨主 席連戰請益。由於2014年丁守中與連勝文在黨內初選廝殺激烈，雙方 選到翻臉，也讓丁與連戰師徒情誼破裂，如今丁、連能否化解舊怨， 成功整合基層，格外受關注。

站台輔選 黨部有規畫

丁守中為整合藍營團結力量，繼上周拜會黨主席吳敦義、前總統馬 英九和黨副主席郝龍斌後，昨在黨副主席曾永權、前副主席林豐正陪 同下，與連戰進行便當會，雙方暢談近1小時。

2014年國民黨台北市長初選，丁守中與連勝文互打猛烈，丁數度質 疑連無法代表年輕世代，批他素人參政沒經驗，引發連戰陣營反彈， 不滿丁作為連戰學生，卻不顧師生情誼、忘恩負義，連勝文也諷刺丁 ，「翻臉比翻書快」，連、丁關係一度被外界認為「回不去了」。

不過，丁守中昨會後表示，他與連戰會中相談甚歡，「聊得很愉快 」，談到台北市政建設發展，連戰很關心都更議題，認為北市太落後 。與會者則建議，現在整體大環境有利於國民黨，丁作為參選人，應 提出長程規畫，找出亮點帶動城市發展。

丁表示與連沒問題

丁守中強調，與會者都說會全力支持他，連戰也有幫他加油。不過 針對外界最關注的輔選問題，丁表示，雙方昨日主要是針對市政議題 交換意見，沒有具體談到後續的站台輔選問題，但他也強調，連戰未 來會替整個台北市選戰輔選，後續黨部會有整體的安排規畫。

至於兩人是否已破冰？丁守中表示，他與連戰一直沒有問題，不久 前兩人在活動上遇到，就聊得很愉快，「我們都很好」。昨拜會連戰 後，丁守中預告，之後會逐一向歷任黨主席、副主席請益，並與黨籍 立委、議員和里長交流討教。

 "
89,Apple,連任之路不好走 柯直言 不禮讓我難道「禮讓丁」,2018,5,16,"【吳堂靖、陳燕珩／台北報導】

年底選戰逼近，台北市長一役民進黨是否自提人選今天揭曉，台北 市長柯文哲昨天直言，「這很奇怪，不禮讓我難道禮讓丁守中？不懂 民進黨的戰略邏輯！」身邊幕僚則分析，綠營僅先透露是否自提，但 誰是最後出征的最強人選仍是未知數，留下無限想像空間。

若三強鼎立 成打擊目標

柯文哲昨天雖無公開行程，仍在上班途中大方談論選戰，外界預測 民進黨若自提，恐成丁、柯、姚三強鼎立局面。柯文哲笑說：「民進 黨跟國民黨，終於有共同的敵人，就是要打敗我。」

綠戰略邏輯 柯表示不解

若綠營真的自提人選怎麼辦？柯先以「無招勝有招，做好自己的事 情」打模糊仗，後又忍不住質疑，「這很奇怪，民進黨不禮讓我，難 道禮讓丁守中？不理解他們的戰略邏輯！」但他也坦言這次為了拚連 任，十分辛苦。

幕僚表示，不管今天結果怎樣，柯文哲都是「走中道」，如果民進 黨願意跟柯合作，柯是覺得沒問題，如同柯一直以來堅持「不為短期 利益犧牲長期利益，不以個人利益犧牲眾人利益」的理念。

白綠不合作 藍坐收漁利

幕僚進一步分析，綠營一直說將派出最強人選應戰，自提人選也沒 講是提黨內、還是黨外，在正式提名前，可能會以時間換取空間，先 由黨內人士廝殺一輪後，再以二階段民調方式與柯一較高下，也藉此 弭平化解基層不滿情緒，畢竟只有白綠合作，才能避免國民黨坐收漁 利。

至於「兩岸一家親」道歉爭議發酵，丁守中民調更是首度超越柯。 丁守中表示，民調高高低低，當參考就好，但2人確實已呈現「死亡 交叉」，政治人物一旦誠信破產，就不值得信賴。

柯對此重申，兩岸論述基調沒改變，雙方要減少衝突、不要走向僵 局，很討厭別人貼標籤，一邊是說「你沒有講兩岸一家親就是台獨」 ，另一邊則說「你沒有說明台灣價值就是共匪同路人」，這樣國家豈 不成了一言堂？。

 "
90,Apple,呂肯定選對會 自提人選重要 姚自喻大谷翔平 「上場虎虎生風」,2018,5,17,"【郭建伸、曾薏蘋／台北報導】

民進黨選對會昨確定啟動徵召程序，已表態參選的綠委姚文智昨說 ，他的心情就像從牛棚走出來，現往投手丘的路上走，希望再過幾天 爭取到3號投手先發位置。姚自喻是4號先發的旅美日籍投手大谷翔平 ，即使練習賽表現不好，「但是一上場虎虎生風」。

前副總統呂秀蓮昨也對選對會的決定表示欣慰，她說這是她4年來 的一貫主張，也是全國各地尤其是台北市市民忍受柯文哲市長四年施 政幾近「一事無成」之後的共同心願。

她指出，黨的主要功能是為選民推薦最好的候選人，民進黨以執政 黨身分恢復政黨倫理，強調「自提人選」是民進黨要光復台北極重要 而正確的一步。

姚文智近來因腰傷所苦，昨出面受訪時的神情格外「神采奕奕」。 姚文智說，民進黨人才濟濟，團隊總共有5個先發位置，但依照布陣 與隊形，3號先發也能取勝。他說，3號先發在參選人三足鼎立下，一 樣能取得勝利。

姚也說，旅美投手王建民當年是5號先發，卻連續2年勝投王；效力 於洛杉磯天使隊投手大谷翔平原來是4號先發，在練習賽表現不好， 「但是一上場虎虎生風」。

對於民進黨團總召柯建銘稱三足鼎立對丁守中最有利，姚則強調， 對民進黨也有利，「三分天下只有對柯文哲不利」，民進黨不要妄自 菲薄，絕對有信心取得勝利。

 "
91,Apple,恩愛佳偶翻臉 藍大感意外 藍綠各自歸隊 柯恐淪為小三,2018,5,17,"【王正寧／台北報導】

民進黨昨天宣布啟動台北市長參選人徵召程序，國民黨黨務人士對 此表示「出乎意料」，並評估除非民進黨這局「打假球」，否則綠白 合作的機會不高，最後勢必藍、綠歸隊，競選連任的柯文哲極可能淪 為第三。此外，民進黨不太可能徵召黨內最強的行政院長賴清德，立 委姚文智的可能性較大。

面對台北市長選舉進入「三強鼎立」的局面，原本研判民進黨與柯 文哲應該是「郎有情、妹有意」，最後竟走上分手道路，國民黨黨務 人士直言「出乎意料」。

民進黨是否可能技術性禮讓柯文哲？該名人士認為，除非民進黨「 打假球」，或違反政治邏輯，包括急轉彎、髮夾彎，與柯文哲二階段 民調整合或操作棄保，目前看來可能性不高，試問姚文智會配合打假 球嗎？如果打假球，不是把台北市民當白癡嗎？他研判綠白合作可能 性不高。

至於民進黨可能人選，該人士說，仍以賴清德最強，一旦賴出馬， 國民黨提名的丁守中會「相對辛苦」，畢竟賴在台南市有實際執政與 治理經驗，對台北市民說服力強，不過賴參選意願不高，蔡英文總統 似乎也無法逼迫賴出馬；而姚文智是在地立委，布局已久，徵召他是 「順理成章」。

面對一人單挑藍綠，柯文哲以騎單車挑戰「一日雙塔」來形容。該 人士直言，在藍綠檢視施政下，恐怕柯文哲騎沒多久，前輪、後輪都 會掉下來，只剩下把手，選後甚至還騎不出北部；且柯文哲在藍綠夾 殺下，「見人說人話、見鬼說鬼話」，包括兩岸政策等均已被看破手 腳。

這位黨務高層研判，年底九合一選舉，議員與里長勢將支持同黨人 選，在藍綠「堅壁清野」各自歸隊下，柯文哲沒有基層，雖不至於被 邊緣化，但只剩下「市府」跟「網軍」，有可能淪為第三。

他說，其他包括陳景峻、李文英及藍世聰等民進黨籍北市府官員， 屆時要怎麼選邊，難道會去挺非民進黨籍的柯文哲？他舉例說，柯要 像首任再騎一日雙塔「很困難」，可能裝備不足，心情不佳，爆發力 也不夠了。

 "
92,Apple,國民黨士林北投議員初選 林杏兒、張斯綱出線,2018,5,17,"【張潼／台北報導】

國民黨台北市第一選區（士林、北投）議員初選結果16日揭曉，5 名新人爭取2席提名席次，最後由林杏兒、張斯綱脫穎而出，黃子哲 、顏群晃與許立丕則分居3至5名。下一階段，國民黨將在16日展開第 六選區（大安、文山）初選民調，結果預計18日公布。

國民黨青工會總會長林杏兒曾參與上屆議員初選，但不幸落敗，今 年捲土重來，以平均支持度34.510％，加權3.451％（36至40歲青年 加權10％）後，民調結果37.961％，排名第一。

排名第二的張斯綱是國民黨詹啟賢愛將，民調前幾天，他陸續拉來 黨內重量級人士連勝文、蕭萬長站台，2人都透過新聞稿與合照，表 態支持張斯綱，張甚至與國民黨台北市長參選人丁守中合作，宣布要 組「雙北返深澳燃煤連線」。來勢洶洶的他，最後拿到27.532％平均 支持度。

連同爭取連任的現任議員汪志冰、陳重文在內，2名新人出線後， 國民黨將爭取第一選區士林北投區提名4席能夠全壘打。不過，因士 林、北投區向來是偏綠選區，加上新黨、台聯和無黨籍各有潘懷宗、 陳建銘、林瑞圖等強棒，在議長吳碧珠不爭取連任後，4人勢必陷入 激戰。

另外，同樣捲土重來的「郝家軍」黃子哲，上屆參選南崗內湖區， 這次轉戰士林北投，仍以平均支持率21.778％排名第3，無緣被提名 ；警界出身的顏群晃雖曾請來國民黨新北市長候選人侯友宜「加持」 ，但平均支持11.262％、加權1.126%（新人加權10％），民調結果1 2.388％僅排第4；曾任多名立委助理的許立丕加權後支持度5.410％ ，排名第5，均無緣獲得提名。

 "
93,Apple,丁稱對手是柯 里長相挺柯燦笑,2018,5,17,"【吳堂靖、陳燕珩、張潼／台北報導】

柯文哲近日飽受藍綠攻擊「沒有核心價值」，未得到綠營禮讓後， 民進黨籍的市府首長旋即請辭，內憂外患不斷。不過，他16日出席信 義區里長座談，多位里長表態力挺，還有人直呼「基層根本不在意兩 岸親不親、台灣價值是什麼，只在乎市政成效」，一席送暖話語，讓 心情緊繃的柯文哲也忍不住露出了燦笑。

昨天的信義區里長座談，原是討論里鄰建設，但無論會前、會中皆 有里長表態挺柯文哲，更有人不顧討論進行中，直言「我今天就是來 挺柯文哲的啦！」一場基層座談變成溫馨送暖大會。

新仁里長吳建德表示，大家在意的是有沒有一個能正視民眾聲音、 苦民所苦的好市長，「不要理什麼選對會、選錯會，那他家的事！」

五全里長吳秀好說，柯文哲4年做很多事，因為一句「兩岸一家親 」就要把他打趴，不需要這樣，以台灣現在的立場確實無法得罪大陸 ，民進黨應多方考量。她表示，如民進黨能提出可以贏的人選，基層 會考慮，但今天狀況不是這樣，而且，其實很多藍綠里長都滿肯定柯 文哲。

但柯文哲的對手、國民黨台北市長參選人丁守中昨則強調，不管民 進黨提名誰，他的對手就是柯文哲。柯綠過去是政治聯姻，現在不合 分手了，此時他會全力衝刺，爭取中間選民支持。

面對三強鼎立恐出現棄保，丁守中認為「有可能」，但這只會發生 在綠營和柯文哲之間，不可能「棄丁保柯」。他說，民進黨推出人選 後，很快會拉近與柯文哲的民調差距，因綠營選民不會支持「鑲綠邊 的白旗」，民進黨要推就推最強棒，既然是「徵召」，最可能的人選 還是總統府祕書長陳菊或行政院長賴清德。

 "
94,Apple,踢開柯文哲 自己人上場,2018,5,17,"【曾薏蘋、郭建伸、張潼、陳燕珩／台北報導】

民進黨選對會昨確定，2018年台北市長人選將啟動徵召程序，自提 人選，與台北市長柯文哲分道揚鑣。基層籲求總統府祕書長陳菊、行 政院長賴清德等「強棒」納入評估人選，選對會共同召集人陳明文表 示，「不排除」。

陳明文表示，選對會希望能夠在5月底以前，評估出適當人選代表 民進黨參選台北市長。

徵召強棒 花媽賴神都有可能

糾纏已久的民進黨台北市長人選布局策略，昨天終於塵埃落定。據 了解，由於蔡英文總統周一（14日）排定要上電台受訪，須先掌握狀 況，因此選對會召集人林錫耀、陳明文及民進黨祕書長洪耀福等「三 巨頭」早先在周日（13日）就向蔡英文報告黨內徵詢結論。蔡英文聽 完選對會傾向啟動徵召、自提人選的建議後，先思考了一下，再逐一 問在場的每一位，「確定要這樣嗎？」大家都點頭回應。

選對會昨天開會時，由於成員都已默契，與會者簡單發言，不到1 小時，會議就結束。民進黨隨即舉行記者會對外宣布，選對會發言人 鄭運鵬轉述三點結論表示，選對會近日各方徵詢後，多數與會幹部認 為民進黨應提出自己的市長候選人，讓中央與地方執政同步，貫徹對 人民的改革承諾，實踐民進黨對首都的市政願景。

分手決議 小英頻問確定嗎

鄭運鵬指出，2014年民進黨在野時，選擇與無黨籍的柯文哲合作， 以在野大聯盟的形式，順利打敗國民黨，實現首都政黨輪替的艱難目 標。如今，民進黨已在中央執政，並於國會過半。改革進入最關鍵的 時刻，民進黨應承擔更大的責任，「我們認為，未來的市長應當充分 理解民進黨目標，體現民進黨價值，並與中央執政一致，共同推動政 策，實踐改革理想」。

基於上述評估，鄭運鵬說，選對會將向主席蔡英文提出建議，台北 市長人選依「民主進步黨2018直轄市長暨縣市長提名特別條例」規定 ，啟動徵召的程序，開始評估人選。

對抗藍綠 柯P稱不加入民進黨

民進黨團總召柯建銘昨天早上受訪，也嗅出與柯分手的氛圍，他表 示，柯文哲是局中人，應了解三足鼎立對國民黨的丁守中有利，對民 進黨和柯文哲都是艱難，「我們沒有樂觀的本錢」，這些布局對新北 、對其他縣市會有影響，選戰本來就是非常動態的。

民進黨稱徵召的人選須有民進黨籍，台北市長柯文哲16日在議會宣 示，白色力量對台灣政治很重要，「我不會加入民進黨」，而且，「 我會連任成功」。柯還稱，自己是1個人的小國，有沒有辦法對抗藍 綠大國，「我把它當作騎一日雙塔，太刺激了！」

（相關新聞刊A2、A3）。

 "
95,Apple,確定與柯P分手 民進黨 自提北市長人選,2018,5,17,"【曾薏蘋、郭建伸、張潼、陳燕珩／台北報導】

民進黨選對會昨確定，2018年競選台北市長人選將啟動徵召程序， 自提人選，與台北市長柯文哲分道揚鑣。基層籲求總統府秘書長陳菊 、行政院長賴清德等「強棒」納入評估人選，選對會共同召集人陳明 文表示「不排除」，並指出選對會希望在5月底以前，評估出適當人 選代表民進黨參選台北市長。

糾纏已久的民進黨台北市長人選布局，昨天終於塵埃落定。據了解 ，由於蔡英總統文周一（14日）要上電台受訪，須先掌握狀況，因此 選對會召集人林錫耀、陳明文及民進黨秘書長洪耀福等「三巨頭」先 在周日（13日）向蔡英文報告黨內徵詢結論。蔡英文聽完選對會傾向 啟動徵召、自提人選的建議後，逐一問在場的人「確定要這樣嗎？」 大家都點頭回應。

選對會昨天開會時，由於成員都已默契，不到1小時會議就結束。 民進黨隨即舉行記者會宣布，選對會發言人鄭運鵬轉述三點結論表示 ，近日各方徵詢後，多數與會幹部認為民進黨應提出自己的市長候選 人，讓中央與地方執政同步，貫徹對人民的改革承諾，實踐民進黨對 首都的市政願景。他指出，「我們認為，未來的市長應當充分理解民 進黨目標，體現民進黨價值，並與中央執政一致，共同推動政策，實 踐改革理想」。

民進黨團總召柯建銘昨天早上受訪，也嗅出與柯分手的氛圍，他表 示，柯文哲是局中人，應了解三足鼎立對國民黨丁守中有利，對民進 黨和柯文哲都是艱難，「我們沒有樂觀的本錢」，這些布局對新北、 對其他縣市都有影響，選戰本來就是非常動態的。

民進黨稱徵召人選須有黨籍，台北市長柯文哲16日在議會宣示，白 色力量對台灣政治很重要，「我不會加入民進黨」，而且「我會連任 成功」。柯還稱，自己是1個人的小國對抗藍綠大國，「我把它當作 騎一日雙塔，太刺激了！」。

 "
96,Apple,分手民進黨 柯P戰雙雄：努力到底 靠做好市政打選戰 民進黨人選月底前底定,2018,5,17,"【記者潘維庭／台北報導】

針對參選台北市長人選，民進黨選對會16日表示，將自行提名黨內 人選，不禮讓現任台北市長柯文哲；至於誰披戰袍，尚待後續程序產 生、送中執會通過，最快5月底前底定。柯文哲一早先是幽默回應， 「把它當成再一次騎一日雙塔，太刺激了」，但也承認選戰變得困難 。

柯文哲16日下午在議會備詢被問到兩岸立場，他當場回「我支持兩 岸一家親，但討厭人家逼我講」，是否承認九二共識？他表示「我對 九二共識有疑慮」，認為九二共識只是一個標題，應該要把內容講清 楚。

柯重兩岸實質交流

被問及與民進黨「分手」，柯文哲回應，這樣的結果也沒有所謂的 「要不要、喜歡不喜歡」，只是確定「三足鼎立」後，打選戰確實有 風險，「不要想說會成功，也可能被幹掉」；答詢時，柯也坦言，這 樣的情形確實會讓選舉變得比較困難，「不過不要緊，我們還是努力 到底」。

回應國民黨籍議員鍾小平質詢兩岸路線時，柯文哲說，台灣有37萬 陸配、200萬人在大陸經商或求學，大陸占台灣外貿40%，在民間和經 濟交流，兩岸是連結在一起；他也表示，兩岸維持現狀沒有問題，在 城市等級的交流，曾跟大陸說過，實質交流比較重要。

答詢時，柯文哲也表示，自己的目標就是連任成功，也有信心，不 會加入民進黨或組白色聯盟政黨；他認為，自己用市政團隊就可以競 選，想試試看能否用做好市政方式來打選戰。

丁守中心情如履薄冰

面對「綠柯分手」，聲勢看好的國民黨台北市長參選人丁守中則表 示，自己的競爭對手還是柯文哲，因為為柯掌握的行政資源最多；他 覺得，民進黨在中央、柯文哲在地方掌握資源，這場選戰很艱困，會 以如履薄冰的心情面對；丁守中也形容綠營與柯的關係是「政治婚外 情，終於有結束的時候」。

至於國民黨中央如何看待北市長選情？黨務人士分析，研判民進黨 可能徵召立委姚文智，外傳的行政院長賴清德、文化部長鄭麗君等人 選相對「機率不高」；三強鼎立下，丁守中選情樂觀，柯文哲選情相 對艱困，若藍綠選民都各自歸隊，還有可能位居第三。

 "
97,Apple,徵召賴菊 傳言不斷 呂稱不容再開玩笑,2018,5,18,"【曾薏蘋、張潼／台北報導】

外傳民進黨有意徵召呼聲最高總統府祕書長陳菊或是行政院長賴清 德出戰台北市長選舉，前副總統呂秀蓮17日表示，現在還有人提這事 ，「不知是吃豆腐，還是和柯文哲舊情綿綿？」她呼籲，大家集中心 力，不容忍再開玩笑；國民黨北市長參選人丁守中昨再抨擊柯又提兩 岸一家親，與致歉態度不一，變來變去、毫無核心價值。

此外，對於民調公信力一直存疑的呂秀蓮，被問到有一份網路民調 顯示賴清德、陳菊和姚文智的民調都比她高，呂秀蓮說，民調可以自 己編，她這幾個月受到不尋常的打壓和冷凍，「我不相信我們幾個一 起在街道上走，民眾誰會認識的最多，我走到哪裡，認識我搶著照相 的人很多，怎麼民調這麼低呢？」

呂秀蓮強調，但蔡英文總統稍早已經講過，陳菊擔任總統重要幕僚 長，位置都還沒坐暖就要陳菊去選，極不可能；賴清德擔任行政院長 時間也不夠長，如果現在換掉，對國政更亂。

丁守中17日前往新北市蘆洲，陪同議員參選人黃桂蘭到市場拜票。 丁批評，柯文哲要爭取與民進黨合作時，就為兩岸一家親論述致歉， 一旦不合作了，又立刻在議會提到兩岸一家親。不過，「大家也不在 乎了」，因為政治人物最重要的是誠信，這樣變來變去，根本是毫無 核心價值。

除了批評柯文哲，丁守中不忘拋出「政見牌」。他指出，雙北是共 同生活圈，政策當然也要結合在一起，近期與黨內新北市長參選人侯 友宜陣營密集協商中，黨部也都在規畫，近期就會推出共同政見；不 只如此，北北基、六都也都要互相支持。

至於會不會擔心民進黨徵召「大咖」參選北市，同樣也形成「雙北 連線」？丁說，壓力一直都在，尤其中央現在是民進黨執政，地方又 是柯文哲執政，對國民黨來說必須戒慎恐懼。

 "
98,Apple,不滿蔡政府「失政」2周年 藍搬「憤怒鳥」砸府 橘批成績「滿江紅」,2018,5,19,"【鄭舲／台北報導】

蔡政府執政將滿2周年，國民黨立院黨團及親民黨團昨分別舉行記 者會，檢視蔡政府施政2年表現。藍軍質疑空汙、缺電、低薪、進口 核食、卡管等5大缺失，並藉彈弓射出黨徽圖案的抱枕擊倒總統府造 形的積木，表達人民憤怒。橘營則公布完全執政期中考「滿江紅」成 績單，呼籲蔡政府應終止政黨惡鬥，務實面對國家難關。

國民黨團昨與台北市長參選人丁守中、基隆市長參選人謝立功、桃 園市長參選人陳學聖、新竹市長參選人許明財、宜蘭縣長參選人林姿 妙、金門縣長參選人楊鎮浯及多位立委在立法院議場前舉行記者會， 批評政府在能源等多項政策的嚴重過失與倒退。

關於深澳燃煤電廠，丁守中說，北北基宜桃市民得肺癌的機率提高 很多，所以他強烈批評民進黨政府，未來也會跟新北市做出政策合作 ，共抗空汙。謝立功也說，如果賴清德找得到乾淨的煤，他就把煤吞 下去，如果沒有找到，就請賴清德自己吞。

陳學聖則批評，民進黨為了「拔管」醜態畢露，以政治黑手破壞大 學自主，破壞台灣教育價值，教育部長吳茂昆更是充滿爭議，如果民 進黨不知反省，人民就應讓他們下台檢討。

親民黨團總召李鴻鈞則表示，在民進黨執政下，民生方面萬物齊漲 ，但實質經常性薪資跟不上物價上揚，舉債持續惡化，人民負債越來 越多，國內投資成長率低落，青年失業問題嚴重，大學在國際上的排 名也直直落。

親民黨立委陳怡潔說，最近幾份民調顯示民進黨政府已經多科「死 當」，嚴重性已經不只是「留校察看」。雖然蔡總統認為只是「改革 的陣痛期」，但是如果不能改善，卻可能是「百病叢生的潛伏期」， 她希望蔡總統不要再以「拒馬代替溝通」、「傲慢取代謙卑」，拚選 舉不如拚政績，搞政治不如救民生，才是全民之福。

 "
99,Apple,幫丁站台有譜 連勝文尊重安排,2018,5,21,"【林縉明／台北報導】

國民黨台北市長參選人丁守中上屆市長黨內初選與國民黨中央委員 連勝文競爭激烈，2人爆出「連丁心結」，甚至日前受訪也透露沒有 幫丁守中站台計畫，不過，連勝文20日改口，他認為丁守中可以做好 市長工作，若丁找他幫忙，會尊重參選人安排。

2014年藍營台北市長初選，丁守中與連勝文競爭激烈，丁守中曾炮 轟連勝文別當靠爸族，引發連陣營不滿；2018年底市長選舉，丁守中 代表藍營出征，外界關注連勝文是否會幫丁助選，未料，連勝文日前 說目前沒有替丁站台計畫，連丁心結再度浮上檯面。

不過，丁守中為凝聚藍營向心力，近期陸續拜訪歷任黨主席，包括 連勝文父親連戰在內，外界認為有助於化解「連丁心結」。日前丁守 中被問到會不會主動邀連勝文？他回應，會徵求各方支持，持續拜訪 社區、社團領袖尋求各方意見，拚回台北驕傲，各方面的人都會去拜 訪，也尊重各方意見。

連勝文昨天上午陪同市議員參選人張斯綱到士東市場拜票，針對「 連丁心結」，連勝文強調，現在比較重要的問題是大家檢視丁守中能 否做好市長工作，他認為丁可以勝任，這才是最重要。

談到未來輔選計畫，連勝文說，全台有很多參選人安排競選活動， 藍營北市長初選也過了，接下來各參選人若邀請站台，會尊重參選人 規畫，尤其年底選舉是人民對蔡英文政府表達不滿最好的時刻，他當 然要參與。

對於是否會幫丁守中站台？連勝文表示，目前沒有這方面的討論， 若丁陣營開口邀請，他會尊重參選人安排規畫；他也說，最近出國沒 有和丁守中聯繫，但今年市長初選過程有與丁相遇。

 "
100,Apple,民調慘輸 民進黨議員直呼難選,2018,5,22,"【陳燕珩、崔慈悌／台北報導】

年底台北市長之戰，民進黨不再禮讓柯文哲，但自提人選遲未出爐 ，且近來多分民調顯示，即使綠營推派強棒賴清德，支持度仍慘輸丁 守中、柯文哲，選情低迷。民進黨北市議員也坦言，如今態勢不利民 進黨，確實很擔心，盼黨內盡快確定母雞，傾全黨之力衝刺。

民進黨北市議會黨團總召李慶鋒表示，比起柯文哲、丁守中，黨內 參選人至今仍是「虛擬的」，在三足鼎立下民調落後，不論議員或支 持者，心情難免受影響，不過一旦黨內人選出爐，相信綠營聲勢會提 升。

面對年底選戰，李慶鋒坦言，「今年很不好選」，一來是中央執政 好壞，議員需概括承受，再者小黨林立，加上不再與柯文哲合作，多 少會影響選情。因此黨內要更團結，用聯合競選鞏固基本盤，避免泛 綠選票被小黨稀釋；此外，黨內議員已不可能拿柯P政績宣傳，得仰 賴中央執政績效，才能吸引更多中間選票。

被視為「友柯派」議員的王威中表示，現在黨決定自提，人選又尚 未出爐，現階段支持度確實較吃虧。他分析，若綠柯之間對峙情形激 化，會使民進黨支持者回流，屆時被邊緣化的恐是柯；除非柯綠之間 氣氛和緩，才可能出現支持者「棄綠保柯」狀況，不過看目前態勢， 柯綠勢必會「對幹」到年底了。

「禮讓派不要再耽誤民進黨！」議員王世堅直言，「親柯派」害得 民進黨錯失最佳時機，耽誤台北市選戰布局，如今既已確定徵召，就 趕快底定人選，再拖延下去，只會讓民進黨士氣消磨殆盡，對選情很 不利。

外傳民進黨在台北市長選舉策略將是「打丁不打柯」，民進黨選對 會共同召集人陳明文昨天表示，等民進黨人選確定後，怎麼可能不打 柯？但「打丁不打柯」的邏輯也沒錯，因選戰有先後策略，必須「先 讓國民黨下去」。

民進黨確定年底台北市長選舉將自提人選，日前已啟動徵召程序， 選對會23日預計再次邀集已表態參選的立委姚文智、前副總統呂秀蓮 等人進行協調。陳明文表示，除針對表態的人選進行討論外，也會討 論還有誰有意願參選，會先討論再進行協調，若協調不成，才會用民 調作為參考。

 "
101,Apple,《北市長選戰 參選人交鋒》柯文哲自豪 執行力強,2018,5,22,"【林縉明／台北報導】

民進黨16日確定與柯文哲分手後，民調落後藍營參選人丁守中，有 別近期面對媒體提問民調問題，柯文哲總以誤差範圍內回應，柯文哲 昨（21日）受訪時首度坦言，跟內部民調差不多，落後一些；至於丁 守中批評柯抄襲都更等政見，柯文哲說，很多事情處理大家想法差不 多，只是自己執行能力較好。

坦言民調落後一些

媒體追問，上次選舉柯稱是老天幫忙，年底選舉老天還會幫忙嗎？ 柯文哲表示，如果有心做一件事，老天自然會幫你，例如世大運期間 原本有颱風，後來轉向得以讓賽事順利進行。

針對丁守中批評柯文哲很多政見涉嫌抄襲，像是都更、捷運吃到飽 月票、居家防跌設施等，導致丁現在都不敢發表政見，柯文哲未正面 回應，反自誇執行能力強，像是剛上任拆除的忠孝橋引道，其實前市 長黃大洲時代就擬定拆除計畫，他上任後把計畫拿來執行。

媒體再問，執行別人核定計畫是否有抄襲或收割嫌疑？柯文哲驚呼 「什麼收割！」事情還是要自己做，只是大家想法差不多。

想法類似反駁抄襲

年底選舉逼近，外界質疑環南市場上梁是在拚政績，柯文哲語氣堅 定說，市場本來就有改建需要，接下來還有第一果菜市場、魚市場、 南門市場等，該做就做。

此外，北農總經理吳音寧卻缺席環南市場上梁典禮，且昨周一批發 市場休市日，引發外界關注，柯文哲僅說，可能吳有其他事情；北農 公司表示，雖然是休市日，但行政部門照常工作，總經理另有公務， 無法出席。

 "
102,Apple,《北市長選戰 參選人交鋒》丁守中批柯 抄襲政策,2018,5,22,"【張立勳／台北報導】

台北市長柯文哲近來大打政績牌拚選舉，國民黨台北市長參選人丁 守中21日抨擊，柯市府政績乏善可陳，很多地方早就該做卻都沒有做 ，甚至還抄襲他的政策，可見柯文哲不但沒有宏觀視野，也沒有市政 專業。

酸柯該做的都沒做

北市府最近狂推斯文里公辦都更、市場改建等政績，外界解讀是柯 文哲為了年底選舉打出政績牌，丁守中認為，柯市府現在才談政績， 被大家覺得是笑話了，很多早該做的都沒做。

丁守中指出，北市近來推動都更獎勵、危老服務團，跟他先前提出 的「特別行動隊」就是一樣的，還有吃到飽的公共運輸月票、居家防 滑防跌設施政策及推出家戶都應贈送煙霧偵測器政見，柯市府都逐一 推出，讓他現在不敢多談政見，一談就被柯抄襲。

他痛批，柯文哲沒有宏觀視野，也沒有市政專業，很多政策拖了4 年才開始推動都太晚了。

民進黨決定自推北市長人選後，有媒體民調顯示藍綠歸隊，丁守中 民調還贏台北市長柯文哲3個百分點，丁守中說，民調起起伏伏，但 因為民進黨掌握中央行政資源，柯文哲在北市有執政優勢，他會全力 以赴，讓民眾知道台北太落後了，要積極爭取中間選民支持。

丁守中強調，他向來走的路線就是中間選民，士林、北投過去是非 常綠的，長年以來議員選票綠比藍多4萬5000票，但幾次選舉他都以 關心政策、民生法案為主軸，拿到5成7對4成3、5成5對4成5支持度。

積極爭取中間選民

至於國民黨中央委員連勝文公開表示未來會幫丁守中站台，丁守中 說，上屆選舉他全力幫連勝文站台、輔選，大家別忘了，雖然是激烈 選戰，選完後不管是前市長黃大洲、郝龍斌或連勝文，他都為黨拚戰 全力衝刺。

丁守中說，國民黨已沒有資源和能力採用動員方式造勢，現在的選 舉走另類方法，要走入基層、群眾去拜訪更多中間選民。

 "
103,Apple,竹縣苗栗內亂 國民黨客家票倉全面告急,2018,5,23,"【王正寧／台北報導】

一向被國民黨視為鐵票區的桃竹苗客家選區，今年選情不容樂觀。 民進黨在桃園市與新竹市尋求連任，國民黨陷入苦戰，國民黨即使在 執政的新竹與苗栗兩縣，迄今因內部派系傾軋，選情尚未整合，新竹 縣竟成最複雜選區，提名進度遲緩，給予對手更多翻雲覆雨的空間， 藍營已然未戰氣先衰。

桃竹苗不是沒有綠化過，但大多是建立在國民黨分裂的基礎，不過 只要藍營團結，往往就可重回藍天。以2010年縣市長選舉為例，國民 黨在桃竹苗全面執政，而且得票率都大幅領先民進黨候選人，苗栗大 贏30％，竹縣在藍營分裂的情況下，邱鏡淳仍以38.5％的得票率技壓 群雄。

皮合肉不合 未戰氣先衰

2014年，鄭文燦以3％的差距擊敗尋求連任的吳志揚，成為首位民 進黨籍桃園市長，而民進黨籍林智堅當選新竹市長，險贏不到1個百 分點。但經過4年，國民黨仍無法發揮生聚教訓的力量，在這兩個地 區推出的「母雞」人選，相較於鄭、林都不夠強。

在苗栗縣，國民黨苗栗縣長徐耀昌早已獲徵召，而民進黨也力挺無 黨籍的頭份市長徐定禎。徐定禎雖然沒有派系奧援，但得到民進黨的 支持，並與苗栗、竹南等無黨籍鄉鎮市長結盟，已經讓徐耀昌備感壓 力。

如今再傳出前縣長劉政鴻有意重出江湖，更嚴重衝擊國民黨選情。 雖然黨中央澄清劉政鴻只是替地方派系候選人抱不平，並不會脫黨參 選，憑苗栗4年政績應可過關；但如果基層「皮合肉不合」，心中所 繫僅一派之利，國民黨在苗栗的防線只怕沒想像牢固。

提名進度緩 選情剉咧等

選情更詭譎的則是新竹縣。國民黨遲遲未進行提名作業，最初的理 由是民進黨沒提名，不急於作業。面對地方言之鑿鑿有口袋人選，黨 主席吳敦義還澄清沒有口袋人選、不會徵召，預計提名不會晚過台北 市長，如今民進黨確定徵召前縣長鄭永金兒子鄭朝方，台北市長也早 確定丁守中參選，新竹縣人選還是難產。

吳敦義最引以為傲的「戰績」，就是2007年立委選舉，讓民進黨輸 到只剩27席，而關鍵在於提名公正。如果連關西鎮長都採全民調，黨 中央能不照章辦事，配合元老、地方派系採用徵召？一再拖延只是延 續黨內廝殺，時間愈久傷痕愈難縫合，恐淪為新版的鄭（永金）邱（ 鏡淳）之爭，那選情就「剉咧等」。

（相關新聞刊A3）。

 "
104,Apple,被民調驚呆了 呂秀蓮籲再協調,2018,5,25,"【曾薏蘋／台北報導】

民進黨選對會前天表示，在有意參選台北市長的立委姚文智與前副 總統呂秀蓮電視政見辯論後，黨內會做內部參考民調。呂秀蓮昨天獲 知要「被」民調，驚呆了！「為何我們離開後突然宣布要民調！」呂 說，徵召就是授權主席決定，至於「主席要怎決定，要問神明怎樣都 可以」。

她更表示，所有媒體、選舉都非常詭異，「媒體都打壓我、冰凍我 ，異常現象，滿多周邊反應，連我要去立院拜訪立委都被黨團總召柯 建銘一口回絕。」

被點名的柯建銘表示，沒有一位候選人來拜會黨團會議的，他也不 可能開先例，選舉是中央黨部選對會的事情，黨團不宜也不會處理。

對於民調一事，選對會召集人陳明文解釋，這是「徵召」程序，因 此是參考性民調，並不是「初選」所做的決定性民調。況且選對會只 是決定建議人選，最後決定的還是主席和中執會。

呂秀蓮昨天被問到，外界都認為，姚文智被提名希望較大；呂說， 見仁見智，星期六才要辯論，倒是看到報紙指徵召辦法要特別辦民調 ，協調時也沒說要做民調，希望和選對會溝通一下，最近民調引起很 多紛爭，民調非常技術面。

外界認為，徵召姚、呂就是放水；她表示，這幾個月一直有奇談怪 論，違反台北市民意願，很奇怪一直不許她談政見。

呂秀蓮昨天出席周大觀文教基金會活動，與國民黨台北市長參選人 丁守中同台，記者追問所以是不同意做民調？呂說，既然是君子之爭 ，協調之外的就「只好再協調」。

陳明文表示，協調過程的確沒有提到民調，不過協調後，選對會自 己在開會的時候，有討論到「最後決定建議人選時，需要有依據」， 至於以什麼為依據？選對會討論後，決定就以之前徵詢里長、議員等 的意見，再加上政見會後做一個參考性民調，綜合評估這些條件，作 為決定建議人選的依據。

 "
105,Apple,國民黨北市競選總幹事 丁守中覓將 點名蔣萬安很不錯,2018,5,26,"【林縉明、鄭舲／台北報導】

年底選舉倒數半年，國民黨台北市長參選人丁守中25日認為，立委 蔣萬安是不錯的競選總幹事人選；另方面，曾任台北市長柯文哲競選 總幹事的姚立明，表態願擔任民進黨立委姚文智參選市長的競選總幹 事，後又傳出他因健康因素，讓「姚姚配」恐破局，姚文智表示，他 今天將拜會姚立明，尋求兩人合作的方式。

面對綠營人選遲遲未定，丁守中仍勤跑基層爭取選票，昨被問到競 選總幹事人選，他先表示沒有特別想法，強調會與黨部溝通，選擇符 合眾望比較重要。不過，媒體追問蔣萬安是否適合，他說，蔣萬安是 不錯人選，但還沒討論過，下周將拜會黨籍立委，傾聽各界聲音再決 定。

外界憂心丁守中似乎沒有「丁家軍」相助，丁強調，過去擔任立委 主打政策服務，讓受益的社福團體、公會有感，每到選舉就會全力動 員，成為他最有力的依靠。

至於姚文智陣營，原本傳出姚立明願助他一臂之力，擔任姚文智競 選總幹事，但礙於健康因素，如今傳出「姚姚配」恐破局，姚文智表 示，姚立明確實身體有狀況，但不能解釋為破局，姚立明還是長期協 助他，他也非常感謝。

姚文智說，2個月前他和姚立明就聊過，他建議姚立明休息一陣子 後再全力協助，今天他會再拜會姚立明深談。兩人除了談選戰策略、 政見方向外，也會了解姚立明身體狀況是否能負擔競選總幹事職位， 如果真的沒辦法，再思考是否能找出別的職位，包括榮譽競選總幹事 也可以。

他強調，姚立明的立場很清楚，還是會在很多策略、看法上提供協 助。

 "
106,Apple,民進黨台北市長提名明天確定 姚強打台灣價值 呂質疑松機遷移,2018,5,27,"【曾薏蘋、張潼／台北報導】

民進黨決定自提台北市長參選人，有意參選的立委姚文智及前副總 統呂秀蓮昨天舉行政見發表會，選對會於會後展開參考性民調，28日 選對會綜合評估後，開會確定人選；外界評估，姚文智出線機率大， 但就看「誰敢去給呂秀蓮的脖子上掛鈴鐺」。

呂秀蓮會前受訪，被問到斷交問題時表示，台北市長柯文哲的國際 經驗較不足，「他的中國經驗比我豐富，但國際經驗遠遠不足」。至 於坊間指，若邦交斷光，就能以台灣名義締結外交；呂秀蓮表示，「 這有點風涼話」，走到國外，哪個邦交國不稱我們台灣；斷交的朋友 不容易再交回來，千萬不要再講風涼話，別忘了還有很多邦交國大使 在台北。

兩人被問到，國民黨參選人丁守中表示，他的敵人只有柯文哲。呂 秀蓮說，因為民進黨人選還沒出來，丁守中可能不易評論。姚文智說 ，丁守中是候選人在叫陣，有什麼好理會。

昨天政見發表時，姚文智表示，有人認為台灣價值是意識形態，汙 衊談「台灣價值」是種綁架作為，但這些都錯了，因為有價值才有信 念，有信念才會產生抉擇；台北市未來是個價值選擇，要成為首都格 局，就要和縣市、中央合作，積極增取建設。

呂秀蓮則質疑姚文智的松山機場遷移政見，會讓防空識別區和領空 等國安漏洞，並阻礙台北市國際化等疑慮。姚文智表示，北台灣的衛 戌，可由新竹空軍基地來承擔。

柯文哲昨天被問到對民進黨這場政見發表會有何感想時，他表示， 沒什麼評論，每個人按照自己喜歡的方式努力就好。

 "
107,Apple,國民黨丁守中大罵柯挺「台獨的蔡英文」,2018,5,27,"【張潼／台北報導】

民進黨確定自提台北市長人選後，為避免綠營選票分散，外界認為 柯文哲開始爭取藍營選票，期待出現「棄丁保柯」效應。對此，國民 黨台北市長參選人丁守中表示，柯支持台獨的蔡英文總統連任，藍營 選票不會投過去，絕對不可能有棄保效應出現，況且，哪有民調最領 先被棄保的？他對台北市民有信心。

丁守中26日表示，若自己當市長，不只雙城論壇，還要多城，會跟 包括大陸或其他國家城市合作，台灣才能走出去；丁並透露，下周起 ，會開始拜訪黨籍立委與議員，請益對象也包括立委蔣萬安。他也透 露，蔣萬安是非常傑出、優秀的青年政治人物，很多人的確推薦找蔣 擔任競選總幹事，這部分雙方還沒談，下周會一併請益，至少先談一 下在蔣萬安的選區，市長選舉可以如何選，雙方互相合作。

雖然蔣萬安是否能擔任丁守中競選總幹事八字都還沒一撇，但這番 人事已被外界視為可望搶下青年選票，也很有話題性；反觀爭取連任 的柯文哲，競選總幹事人選至今仍沒有譜，柯昨天受訪時稱，先前沒 有特別去找，因為想把選舉成分壓到最低，努力做市政，但既然大家 問了，那就回去認真找。

 "
108,Apple,強調反深澳電廠一條心 北基宜串聯「漏勾」 謝立功唱獨腳戲,2018,5,27,"【李其樺、葉書宏、季節／綜合報導】

「我愛基隆，我反燃煤！」國民黨基隆市長參選人謝立功26日響應 黨內全國青工會舉辦的「愛台不斷電，青年守護台灣」活動，在海洋 廣場舉標語，表達反對興建深澳燃煤電廠訴求。尷尬的是，謝立功前 1天發出採訪通知，稱「北北基宜縣市長參選人將首度同台」，共同 宣示立場，結果北北宜參選人竟全缺席。謝事後稱，因直接轉傳青工 會提供的資訊給媒體，卻漏與其他3人再次確認，感到很抱歉。

對此，青工會祕書長陳茂嘉表示，由於全國青工總會今年的幾場陳 抗活動中，比較有行動力，為避免有心人士製造事端，因此決定由青 工本身成員在場表達訴求。

謝立功競選辦公室25日發出採訪通知，稱「愛台不斷電，青年守護 台灣」全台接力路跑活動，第1站重頭戲就在基隆，台北市長參選人 丁守中、新北市長參選人侯友宜、宜蘭縣長參選人林姿妙會到場，形 成「北北基宜」4位參選人首次合體，並一起演出行動劇。

未料昨天活動現場，卻只見謝立功與基隆市議員參選人，丁、侯、 林3人全缺席。謝立功競選辦公室下午1時許才發出通知，稱3人因另 行程，取消接棒會師活動。

但事實上，記者前晚分別致電侯友宜、丁守中競選辦公室詢問，2 人幕僚均表示未排定此行程。

侯友宜表示，不管任何活動，有沒有參加都不重要，「反對深澳燃 煤電廠的態度是永遠不會變的」。

 "
109,Apple,提名成真？ 姚「期待好結果」,2018,5,28,"【陳燕珩、郭建伸／台北報導】

民進黨首都之戰啟動徵召，選對會預計今天向黨主席蔡英文提出單 一建議人選，目前立委姚文智呼聲最大，姚表示，會尊重選對會今天 的討論，「我的意志非常堅定，期待會有好的結果。」

不過外界認為姚非強棒，提名他等同「禮讓」藍營。對此，國民黨 參選人丁守中27日分析，民進黨確定人選後，民調很快會回到基本盤 ，不會像現在停在8％、10％。

丁守中昨參加國民黨南港區黨部活動，與副主席郝龍斌、市議員參 選人同台義賣，談到綠營人選今出爐，丁認為，民進黨身為執政黨要 有黨格，本就該推出候選人。當然，國民黨仍要步步為營、全力以赴 。

郝龍斌則指出，他始終認為民進黨是在「打假球」，也就是假提名 真禮讓柯文哲，而柯文哲本身對兩岸一家親說法反反覆覆，不是值得 大家信賴的政治人物，希望選民支持國民黨。

對此，姚文智反駁，只要提名，一定參選到底。姚也暗諷丁守中， 國民黨提了一個立委選不上，4年前民調沒超過連勝文的人，加上有 「換柱」前科，「會不會又換丁？who knows？」

至於柯文哲，姚文智也說，柯是新聞最多的人物，知名度也最高， 但「民調有許多誤會」，他會爭取所有年齡層的支持。

 "
110,Apple,丁疑假提名真禮讓 柯稱盡力拚戰 姚文智獲徵召 笑說「丞相，起風了」,2018,5,29,"【本報記者／綜合報導】

民進黨選對會昨天決議徵召綠委姚文智參選台北市長，將請黨主席 蔡英文提名，明天提報中執會通過。外界質疑這是假提名真禮讓，選 對會召集人陳明文反駁「絕對不會有二階段」，姚文智爆發力很強， 相信他會成功。

姚文智上午前往覺修宮參拜時，賴清德祝福爭取參選台北市的姚文 智「心想事成」，姚文智說，他本來想回應賴揆，「丞相，起風了」 （指風向已變），他有信心贏得勝選。而選對會中午決議徵召他參選 台北市長。

姚文智獲知選對會決定後表示，爭取提名的過程漫長，有孤獨與煎 熬，他感謝這段時間支持他的議員、里長與基層，並感謝選對會做出 激勵人心、令人振奮的結果，周三中執會通過提名後，他會全力以赴 、勇敢承擔。

姚引用南宋詩人楊萬裡的《桂源鋪》詞句，「萬山不許一溪奔，攔 得溪聲日夜喧，到得前頭山腳盡，堂堂溪水出前村」，表示先從民進 黨的團結開始，中央地方齊心努力，未來都可將價值反映在台北市政 上，並在年底選戰逆轉勝，強調他會選到最後一刻，並且一定會當選 。

媒體詢問姚文智，是否要辭立委？他說，立委也是對選民的承諾， 在選舉啟動後，他會與選區內的選民溝通，過一陣子再考慮這問題。

至於台北市長選成第三名就退出政壇的問題，姚文智說，那個狀況 是不可能發生的，他努力爭取勝利，輕舟已過萬重山，現在只剩最後 一關，最後一關就是把他的夢想跟熱情讓市民了解。

民進黨選對會昨天中午花了1個多小時討論台北市長徵召人選，據 轉述，與會成員幾乎全數贊成由姚文智出戰，黨中央隨後由發言人鄭 運鵬宣布，選對會認為姚文智對台北市政長期且深入研究，對於台北 市未來發展的願景及擘劃最完整，加上長年服務台北市基層經營紮實 ，在徵詢過程中也獲得里長、議員多數幹部支持，綜合評估後決議建 請徵召姚文智。

國民黨文傳會主委李明賢表示，「感佩」民進黨展現政黨主體性， 這也是政黨良性競爭應該有的方向，但他呼籲民進黨，不要假提名、 真禮讓，操作棄保。他說，民進黨如果搞假動作，把選民當傻瓜，大 玩「危險遊戲」，將會傷害議員選情。

柯文哲昨在議會被問到姚文智出線一事，僅說參選是每個國民的權 利，他會盡力拚戰。對於有信心拿到多少綠營選票？柯直言，不曉得 ，藍綠只是一個概念，極端的人不多，主要還是中間選民，不需要遷 就太極端的人，走中道就好。

國民黨參選人丁守中對於姚文智出線，直言綠營有打假球疑慮，也 許選手（指姚）本身不想打假球，但教練團（指民進黨高層）就很難 講，否則這麼重要的選戰，為何不派最強的投手？實在怪怪的。

 "
111,Apple,滿意度3年掉18% 柯自誇連任3理由 議員打臉,2018,5,29,"【張立勳、陳燕珩／台北報導】

「柯文哲已打敗柯文哲！」台北市議員秦慧珠28日要市長柯文哲講 他可連任的3個理由，柯回市政穩定、市政推動有模有樣、市府效率 變高，但慘遭市府研考會民調打臉。秦拿出數據，市長和市政團隊整 體工作滿意度都下降，她痛批3個理由都不對，市民沒理由再給4年； 柯文哲對此回應，滿意度有慢慢爬升了。

僅環保滿意度增加

民進黨將由立委姚文智出戰柯文哲、國民黨市長參選人丁守中，昨 市政總質詢時，秦慧珠詢問柯文哲連任的3個理由，柯回說，第一是 台北市政穩定，重大工程都在進行中，現在的柯文哲跟3年前的柯文 哲不同；第二、市政推動有模有樣，和第1年不一樣；第三、市府效 率變高，台灣每個縣市負債，只有台北4年可還500億，效率提高又沒 多花錢。

不過，秦慧珠直指3個理由都不成理由，她拿出研考會民調數據質 疑，市民對柯文哲滿意度從75.8％降到57.6％，市政團隊整體工作滿 意度也自68.3％跌到46％，其中，社福工作、交通、公共建設、中小 學教育、聯合醫院和生活品質滿意度，全都是減少，市民光榮感更少 9.2％，僅環保和機關服務態度增加。

秦慧珠抨擊，市民對各項市政滿意度大多下跌，市民沒有理由再給 你4年，柯文哲已被柯文哲打敗。

稱民調爬回才了不起

對此，柯文哲解釋，民調本來就有起伏，第一年是因為民眾期望太 高，2016年7月掉到最低，還爬得回來才是了不起，現在整個趨線是 往上走。

議員李慶元詢問柯文哲最得意3項政績，柯認為是西區門戶計畫、 世大運和東區門戶計畫；至於最不滿意的政績，柯秒回大巨蛋，另外 毒品防治只弄好架構，效果還沒出來，最後是內湖塞車問題，因都市 計畫失敗難解，除非松山機場遷走、捷運東環和北環線蓋好，否則沒 辦法改善。

 "
112,Apple,陳景峻扮白綠管道 丁認怪怪的,2018,5,30,"【王正寧／台北報導】

柯市府的民進黨籍副市長陳景峻原本請辭，但隨後又確定留任，被 定位是「白綠溝通管道」。國民黨台北市長提名人丁守中昨（29）日 質疑，這中間確實很多事「怪怪的」。

丁守中昨在出席國民黨「TELL ME」臉書直播節目專訪前表示，民 進黨不處理陳景峻留任副市長問題，確實讓人質疑是要保留將來合作 空間，最後會不會是「假提名、真輔選（柯文哲）」？若民進黨北市 長真要推候選人，為什麼不推最強棒？這種情況下會不會選手沒打假 球意願，教練團卻在打假球？

丁守中話鋒一轉，批評大巨蛋擺爛3年多，證明柯沒有執行能力， 績效非常差，光為了替大巨蛋除鏽每年要花幾億元。他說，未來可以 透過限制容留人數的方式，解決安全問題，「世界各國的巨蛋都可以 辦演唱會，為何台北大巨蛋就不可以？」

丁守中同時證實，前天下午確實拜會黨籍青壯派立委蔣萬安並爭取 支持。他說，現在開始會密集拜會黨籍立委，請求協助並請益地方發 展建設問題。至於外界建議找蔣萬安擔任競選總幹事，丁守中說，總 幹事人選地方有各種建議，畢竟總幹事是全職的，要花費很多時間， 會從各方建議人選中找出最好又有意願人選。

 "
113,Apple,柯敬老政策 丁、姚批失敗,2018,5,31,"【陳燕珩／台北報導】

台北市長柯文哲敬老政策飽受爭議，他上任後先是大砍敬老金、調 高健保補助門檻，為「挽救民心」又推動老人共餐，擴大敬老卡使用 ，但多數長者無感。藍綠台北市長參選人丁守中、姚文智均認為，柯 文哲敬老政策失衡，缺乏系統性，只會挖東牆補西牆，簡直失敗，姚 文智強調，敬老金當選一定會恢復發放。

丁守中表示，柯文哲敬老政策就是挖東牆補西牆，他積極開辦老人 共餐，但參與率只有個位數，市府還硬玩文字遊戲，聲稱參與人數達 到420萬人次，根本是在操弄數字。

他認為，敬老卡擴大使用範圍，更是柯為了挽救民調，透過行政資 源鞏固選情的手段，但敬老政策不患寡而患不均，若福利只有特定人 能享用，非常不公平。未來他會擴大老人共餐服務，解決場地不足問 題，有完整配套，長輩才會出來參加。

姚文智則認為，柯文哲以混亂的老人共餐來取代敬老金，但只有2 ％長者享受到服務，其餘98％完全觸及不到，顯示該政策只是虛應故 事，沒有整體規劃。他強調，敬老金是過去在年金失衡情況下發放的 補貼，完全不是柯文哲口中的「買票政策」，若他當選一定會恢復發 放。

不僅藍綠參選人批評聲浪大，日前也有議員要求，敬老卡480元額 度應有一半開放自由應用，可擴及小額消費，柯文哲強調會回去研議 ，指示副市長鄧家基負責規畫。

鄧昨表示，市長認為敬老心意「不能打折」，現在敬老卡真正用完 額度的長者不到10％，目標是讓長者480元都能用完，目前已向悠遊 卡公司蒐集資訊，了解長者多用於那些項目，希望能兼顧長者需求和 市府政策理念，盡快研議出方案。

 "
