"","time","post","share","like","love","haha","sad","wow","angry"
"1","2018-06-15T12:35:47+0000","去年的全球治安排行榜，台北市拿下全球第3名。

讓台北市成為一座安全的城市，警察同仁的功勞最大。

跟其他縣市比起來，台北市的警察還要應付一年幾百場陳情抗議與街頭運動，相當辛苦。所以前幾年，我們刪減27項冗事，讓基層員警可以回歸本業。同時，我們推動「全面小E化」，包括執勤簿冊電子化、巡邏箱電子化，成立科技偵查隊等，讓警察辦事更有效率。

前幾天頒金吾獎給優秀警察時，我發現同仁們的一個小巧思，就能讓這個城市變得更好。比方<U+8AAC>刑警大隊偵查佐吳義盛發現遺失手機案件居高不下，就建了一個「拾得手機整合資訊平台」，上線不到一年，就幫民眾找到了超過兩千支搞丟的手機；大安分局組長劉誌雄在大同分局服務時，規劃了民生西路調撥車道，有效的改善環河北路到迪化街一帶的交通瓶頸。

這就是我所說的「a的n次方」理論，a大於1，a的n次方等於無限大，每個人都進步一點，合起來就可以為整座城市帶來巨大的改變。

今天是警察節，在此為每一位犧牲奉獻的警察同仁致敬，也要感謝每一位在背後的支持的警眷，你們是最堅強的後盾。

#感謝人民保母",492,26989,797,25,5,97,11
"2","2018-06-14T10:37:51+0000","在台北市，年滿65歲的長者都有一張敬老卡，但你知道它可以怎麼用嗎？

這張卡片每個月有480元，等同一年價值5760元，以前只能搭公車或愛心計程車，現在我們擴大使用範圍，搭捷運、貓纜、逛士林官邸、去運動公園游泳、雙層觀光巴士跟YouBike等都可以用。

俗話說「活動活動，要活就要動」，我們要鼓勵長者出門活動，維持身體健康，而不是整日在家裡發呆看電視，看到最後變成「被電視看」。所以第一步就是要讓長者拿著敬老卡，不受限制的使用公共運輸，增加外出的動力。

根據統計，台灣的長者在臨終前平均臥病超過7年，但北歐的芬蘭平均臥病時間只有2周。所以讓每一位老人不只活得長久，也要活得健康、快樂，這就是我們努力的目標，這也是我們擴大敬老卡使用的目的。

一個政策短期不一定會討好人民，但面對一個超高齡社會，建立一個可長可久的老人福利制度才是重要的。敬老卡不會只有健康的老人可以用，針對行動不方便的老人，我們也開始研究如何讓他們用敬老卡，來滿足他們在長照服務上面的需求。

現在，分享這部影片給你的爸媽，或是你認識的長輩們，找個時間，大家一起刷敬老卡玩台北！

#敬老卡擴大使用
#每月480暢遊台北
#進步價值光榮城市",1543,25747,800,147,4,54,12
"3","2018-06-13T10:05:09+0000","木柵焚化廠煙囪上的長頸鹿已經豎立24年了，很多人還以為那是動物園的地標。

不過，長年的風吹日曬，長頸鹿的圖案已經斑駁掉漆。焚化爐使用了一段時間，市民對空汙的標準也不斷提高，焚化廠的設備也需要整修升級。

這次整修，包括廢氣處理系統、電力電氣設備升級，不只廢氣排放濃度下降，還可以增加廢熱發電，增加年售電600萬度，並且恢復垃圾處理能力到每天一千公噸以上。

同時，煙囪也會換上全新的塗裝，是更具台北生態意象的台灣藍鵲、榕樹、杜鵑花，而且是台灣在地畫家陳一銘、林家蔚的著作，跟過去相比，更能融入木柵周遭的生態景觀。

在這裡，感謝長頸鹿煙囪24年來為處理台北市垃圾的付出，也期待今年10月新煙囪的出現。

#台灣藍鵲
#不會再念錯了
#宜居永續台北城",1463,40313,1120,157,1403,306,106
"4","2018-06-12T05:47:21+0000","美國在台協會內湖新館今天落成啟用，美台關係寫下新的一頁，我代表台北市民對AIT「入厝」表達誠摯祝賀。

AIT新館造價超過75億台幣，如同梅健華處長所說的，這不只是一棟現代化的綠建築，更是台美友誼發展的具體象徵。40年前，台美外交關係風雨飄搖，但40年來，台美在軍事、經貿、文化交流不斷提升，合作範圍不斷擴大。

如今，台、美分別是對方的第11大以及第2大貿易夥伴，台灣在美國大學留學生已經連續3年成為美國國際學生的第7大來源，台灣民眾不但赴美免簽證，2017年更成為繼南韓之後第二個取得入美快速通關的亞洲國家。

今年3月「台灣旅行法」通過，兩國各層級行政官員的互動提升到新的層次。

當前兩國雖然沒有邦交，但40年來台美關係的發展，甚至比有邦交時期更加緊密，台灣已經是美國在西太平洋、甚至印太地區的戰略合作夥伴。

兩國政府與人民共同分享民主、自由、人權的價值觀，也因為這樣的價值同盟，美國始終堅定的伸出友誼之手，在世界衛生組織（WHO）、國際民航組織（ICAO）、國際刑警組織（INTERPOL）為台灣發聲。AIT新館的啟用，也將繼續為兩國人民提供更好的服務，讓雙邊關係更加鞏固。

而信義路三段的AIT舊址，台北市政府已經規劃興建「台北音樂與圖書中心」，以後會是一棟充滿現代感、智慧、人文、與綠化的建築，成為未來台北城市發展的重要地標。

最後，再次恭喜AIT台北辦事處搬新家，也謝謝美國人民長期以來對台灣的支持，更期盼12個與台北締結姊妹城市的美國城市，未來繼續以交流促進合作，共同為兩國與城市的友誼寫下歷史新頁。",148,12180,196,20,2,77,7
"5","2018-06-11T10:26:47+0000","一開始聽到格鬥，以為跟電影裡面的武打明星一樣只是練練拳頭而已。後來才知道，這項專業的競技即將變成2028年的奧運項目，而且在全世界已經流行很久。

世大運結束後，我們要延續運動風氣，讓臺北成為一座具有運動風格的城市。跟其他運動相比，綜合格鬥雖然大家比較陌生，但我這個五十幾歲的阿北打個幾下都覺得熱血沸騰，我相信這個熱情是可以跨越年齡層的。

今年7月在和平籃球館，會有一場國際級的綜合格鬥競技賽事，歡迎大家一起來體會這項運動的熱血與刺激。

#阿北沒有練過

---
猛龍過江職業技擊爭霸賽
時間：7/7-7/8
地點：和平籃球館
購票連結：https://rfc.kktix.cc/events/rfc-f4sd24",446,14777,239,643,1,149,16
"6","2018-06-08T10:27:33+0000","這次議會總質詢結束了，感謝各位議員的指教與吳議長的主持。面對批評，需要改進就改一改。面對問題，解決問題，永遠比藍綠口水戰重要。

總質詢時，北農議題受到議員高度關注，也引起媒體的高度討論，從春節後休市菜價波動、送剩菜風波、到近期魚翅宴與洋酒，各種傳言、風波不斷。

這個國家不應該是這個樣子。我認為外界的指控還是要有證據，因此我主張「公開透明、公司治理」，也會請代表北市府的董監事負起監督責任，讓事實說話，一切攤在陽光下供外界檢驗。

吳總經理雖然政治歷練仍需磨練，但她在個人操守、來自產地的經驗，對台灣農業發展的熱情值得肯定。

我從政治素人一路做到現在才算穩住陣腳。同樣期許她能穩住，在政治角力場上，發揮專業，在各種利益衝突中，維持產銷平衡。

臺北市政府之於北農有兩個角色，董事會23席董事中，其中的5席董事包含董事長，以及臺北市政府市場處是它的管理機關。

從官股董事的身份而言，外界對總經理的質疑，官股董監事該查就查清楚。有問題回歸董事會處理。到目前為止，尚未發現不法情事，我們會繼續釐清相關爭議。

從市場拍賣機制而言，在臺灣本地農產品的優先性、價格的合理化及產銷上的平衡，北農目前整體表現還不錯，繼續努力。

該怎麼做就怎麼做。北農是供應臺北市市民新鮮蔬果與臺灣農業發展的平台，不該是藍綠對抗的舞台。",455,20155,369,114,10,22,71
"7","2018-06-08T04:00:44+0000","上禮拜我在臉書談還債，有人質疑是不是因為沒有建設才有錢還，這對今天的來吃便當的工務局彭振聲局長很不公平，因為臺北市看得見的大小改變，從北門廣場到建成圓環，從文山區防洪工程到環南市場改建，都跟他有關係。

我們都叫他老彭，今天中午十二點，一起來吃便當，讓老彭來告訴大家，有哪些改變真的成真。

#柯Ｐ便當會
#看得見的改變
工務話台北",1291,41411,1932,1422,10,68,67
"8","2018-06-07T13:07:22+0000","最近，很多人關心國中小加裝冷氣的議題。

事實上，一個政策應該要有通盤的考量和長期的規劃，所以要抗暑，裝冷氣只是最後的手段。

節能減碳、綠色環保是政策的基本原則，這幾年我們在每一間學校的屋頂設置植栽和小田園，加裝走廊噴霧和屋頂灑水，教室也有排氣風扇、遮陽板。

此外，市府也已經和建築師公會簽約，委託他們對北市236間學校作體檢，有充分的資料，我們才能進一步作節能減碳的整體規劃。明年我們也已經編列各級學校隔熱綠屋頂的預算，其他的陸續規劃中。

至於冷氣不是說裝就裝，必須先更新學校的電力設備。所以第一步，我們要全面改善校園的電力系統，導入智慧能源管理系統，先從節電做起，最後才是安裝冷氣。

冷氣的採購策略方面，我們要買服務，不是買硬體。電費方面，會採取使用者付費，中低收入戶的學生則由市府支付。

面對酷熱議題，不可能只有裝個冷氣就解決，而是要做整體科學規劃，包括綠校園（太陽能板、綠化植栽、節能減碳）、智慧校園（智慧電網、契約容量數位管理）、降溫設施設備（如綠牆、灑水降溫系統）及各種通風設備等。

換句話說，雖然大家的焦點好像只放在冷氣之上，但實際上，我們還是希望透過整體的降溫對策，一次就把校園內的智慧電網、智慧綠建築，以及校園節能減碳的計畫給做好。",3792,74195,1994,63,9,317,28
"9","2018-06-06T07:06:58+0000","我太太很有個性，她本來就是一個獨立的人，所以提告跟寫臉書也不需要我同意。

這件事情要從去年世大運結束後說起，從那時候開始，一直有關於我的不實新聞出來，每天晚上的政論節目再來討論這些假新聞。抹黑抹紅整整快要一年了，要回應，也不知如何回應，不回應，變成是默認。

舉例來說，世大運閉幕時的黑衣人，沒收場內觀眾的臺獨旗幟，但場內維安是憲兵和國安局負責的，這些都不是臺北市長直接管轄的，結果政論節目持續罵了一個多月。之後國安局發了一篇新聞稿，說明場內維安的憲兵是國安局指揮的，和北市府警察局無關，但之前罵成這樣，一篇小小的聲明根本沒人看。

還有節目拿張照片，把黃向<U+7FA3>議員的哥哥黃向成當成辛旗（胡錦濤的助理），影射我去中國大陸做什麼賣臺事業，其實當時我還在臺大醫院當醫生，實在沒時間也沒能力搞什麼兩岸事務。甚至還有節目拿出一張5百萬的小吃店收據，指控我們選舉帳目不清，最後才說那個是道具，根本提不出任何證據。

最誇張的是，有節目說「郭（郭台銘）柯配」要參選2020年總統副總統，我到目前為止沒有跟郭台銘見過面，怎麼會有這種新聞？

面對假新聞、真指控，我們也有發聲明澄清，但人家根本不理會，繼續在節目上說謊造謠。這次講到我們家的財務，不小心被陳佩琪看到，只能算電視臺運氣不好，因為我們家的錢都是她在管的，所以她會跳出來，連很久沒開的臉書都重啟了。

我知道她很生氣，這幾年當市長，我學到「生氣時不要做決定」，所以我會再跟她溝通。

當然如果她最後做了什麼決定，我會完全的尊重她。",3595,121823,4940,2866,51,150,42
"10","2018-06-03T09:01:08+0000","如果要選擇2017年最能代表臺北作為一個多元開放城市的象徵，我會選開齋節。

去年開齋節，5萬名穆斯林齊聚臺北車站周邊慶祝這個回教慶典，很難想像有哪個非回教國家能夠接納這樣的大型穆斯林慶典活動。我常說自由的基礎是容忍，從容忍到尊重、接受，最後成為生活中的一部分，民主自由已經在臺灣落地生根。

這些穆斯林朋友離鄉背井，為臺灣的發展付出心力，很多大大小小的公共工程，如果沒有他們的幫助，恐怕沒辦法完成。此外，他們也協助很多臺灣家庭照顧行動不便、長期患病的長輩。穆斯林朋友們對臺灣的貢獻，值得我們用心相待。

如果我們的城市可以更友善，讓這群穆斯林朋友可以跟家鄉的親友分享「臺北經驗」，也是一種城市行銷。所以臺北市政府持續推動「友善穆斯林」的政策，今年的開齋節，我們也首次加入「穆斯林嘉年華」的概念，有各國穆斯林的特色市集，還有很多精彩的表演節目。

6月17日，歡迎大家一起來大安森林公園交朋友！

台北旅遊網
#臺北開齋節
#進步價值光榮城市

---
讓我跟熊讚Bravo告訴你什麼是「開齋節」
https://imgur.com/a/vAjjhO6",2371,24992,892,98,1,43,18
"11","2018-06-02T13:53:26+0000","#一個政府應該要做的事情

去年，聯合醫院黃勝堅總院長帶我去看社區醫療，一位30歲就中風的男生，因為住在沒有電梯的老舊公寓，樓梯又很陡，就這樣，他一個人坐在輪椅上，在2樓10坪大的房間裡繞著繞著，繞了15年。

他整整被關在2樓15年，最大的心願，只是到樓下對面的公園去散步、去唱卡拉OK。

我當時只是碎碎念「怎麼會有人被關在2樓15年？」沒想到聯合醫院中興院區的幾位同仁自告奮勇，背著他下樓，推著輪椅帶他去公園透透氣，再把他推到里長辦公室唱「愛拼才會贏」的卡拉OK，這一幕看了，大家都很感動。

我們總以為先進醫療就是大醫院、精密的儀器、高貴的標靶藥物，但其實很多時候，醫療和長照還是需要走進社區，主動照顧這些行動有困難的患者與老人。

「石頭湯計畫」就是一個例子。如果要一個獨居老人自己去張羅各種長照服務，包括居家醫療、居家護理、居家藥師、居家復健、居家服務、社福申請等等，一個一個申請肯定會抓狂。但我們透過石頭湯計畫中的這些社工、護理背景的個案管理員，幫老人整合這些照護資源，協助到府服務，他們就可以安心在家養老。

這才是一個政府應該要做的事情。

#石頭湯計畫
#社區整合照顧服務
#進步價值光榮城市

---
石頭湯計畫（社區整合照顧服務）擴大實施，12行政區都有據點！
http://pcse.pw/7L4BK",1538,45993,1518,27,443,47,15
"12","2018-06-01T02:44:53+0000","從今天起，臺北市政府正式脫離千億債務俱樂部。

我剛上任時，接下了1468億元的債務，過了3年半還了差不多520億元，讓債務減至948億元，人均負債也從上任時的5.4萬，下降至3.5萬，如果今年還有歲入增加，大概可以還到540億元。

這是地方自治史上民選首長的最高還債紀錄，但其實我們只是每天認真工作，該做的做，不該做的不要做，到年底就會發現剩下很多錢。

就像追加預算，以前都沒在控管，現在通通要進市長室專案報告，後來幾乎沒什麼在追加。世大運開閉幕我們花3.6億，8年前同一個場地的聽奧花了5.4億，世大運的規模還是聽奧的好幾倍。

這幾年我們每天操、每天盯，消耗預算的毛病也少了。現在債務還了，效率提高了，我們也有更多的財力解決問題，像市場改建、公辦都更、東區門戶計畫等等，現在都有足夠的財力進行。

我們改變的現在，是下一代的未來。一個負責任的政府，不應該債留子孫，這就是4年下來臺北市政府所秉持的信念。

#嚴守財政紀律
#進步價值光榮城市",25349,351160,13294,1743,99,1012,57
"13","2018-05-29T11:10:18+0000","#創新是臺灣唯一的出路
　
臺北市政府的公務員，經過世大運、臺北燈節的磨練後，已經變成全臺灣戰鬥力最強的市政團隊。
　
公務員要創新，要先建立一個不怕失敗的環境，因為新藥上市前都要實驗了，更何況是創新的政策，所以在戰略上我們永遠往前跨一步。舉例來說，在長照上，我們不主張把老人送到大型安養機構，而是試辦「石頭湯計畫」，讓管理員把長照資源直接送到家中，老人就可以在自家養老。
　
一年多來，雖然試辦計畫還有一些要修正的地方，但大方向是對的，我們逐步建立SOP，未來就可以在各個鄰里複製這些成功經驗。
　
市政的創新，不只有長照。在教育上，我們在好幾所國中小試辦雙語教育和實驗教育；在都更方面，我們推動公辦都更，設立都更辦公室長期駐點，累積實務經驗；交通部分，我們讓無人小巴在信義路、士林科技園區上先跑跑看；最經典的例子，就是把燈節從花博園區搬到中華路上，為西區帶來更多商機。
　
這些都是市府公務員勇於創新、勇於改變的案例。
　
為了鼓勵公務員創新，以前一年發一次的獎金，現在多了每三個月用我的特支費發一次「即時獎勵金」，反正我應酬很少，一年省下一百萬元的特支費就拿來發給大家，避免拖久了無感。上個月，我們就把這個獎給了消防局，他們做的「視訊119」App，拍照後就可以線上報案，真的很方便。
　
雖然獎金分下去，大家吃一頓飯應該就沒了（搞不好局處首長還要幫忙貼錢），但這是我對優秀的公務員一份心意，感謝大家在這裡努力工作，為市民服務、替城市創新。
　
#進步價值光榮城市

---
馬上下載方便好用的「視訊119」App

Android版本：https://goo.gl/aYBD7R
iOS版本：https://goo.gl/JRR4XD",755,29999,793,52,4,84,12
"14","2018-05-28T06:35:02+0000","到年底，臺北市會有32處公宅同步在興建中。

這對都發局的同仁是很重的負擔，因為我們要讓公宅成為鄰里社區的好厝邊，所以公宅不只要蓋得漂亮、有設計感，還要把低樓層拿來作為社區的社福設施，包括公共托嬰、非營利幼兒園、老人日照中心，以及社區居民活動中心。

這樣一來，公宅蓋好了，鄰里與社區裡頭的社福設施也一次到位。

以前我們要尋找合適的社福空間都很困難，就連要運用閒置校舍也需要不斷的跟校方溝通。後來我發現求人不如求己，直接把新蓋的公宅低樓層拿來用，就可以解決很多問題。

這個計畫也考驗市府團隊水平整合的能力，以前各局處有分工不合作的問題，現在我們要求都發局在設計公宅、在蓋的時候，就必須與主管社福設施的社會局坐下來討論，預先保留這些托嬰、托幼、托老的空間。

健康公宅是我們把公宅與社福設施合併的第一個案例，希望透過這樣的模式，4到5年之內，我們就可以做好臺北市的社福基礎建設。

#健康公宅
#公共托嬰 #非營利幼兒園 #老人日照中心
#進步價值光榮城市",445,18084,477,45,0,36,8
"15","2018-05-27T05:54:40+0000","畢展初體驗，請大家多多支持這群厲害的大學生。

#勇敢的航向不可知的世界

---
華山新秀季 
Hashtag｜2018 台科北科雲科聯合設計展
登出台北 Undefined Senses 北藝大新媒系 第五屆畢業行動",320,17870,852,350,11,54,22
"16","2018-05-26T10:44:30+0000","【為什麼我們要做沒有圍牆的「城市博物館」？】
　
過去幾十年，臺北市的發展重心在東區，所以我們做了以北門為中心的西區門戶計畫，讓舊城區有了全新的面貌。往北、往南，沿著淡水河與新店溪的河岸，我們則是設計五座「沒有圍牆」的「城市博物館」。
　
什麼是沒有圍牆的城市博物館？就是把具有歷史意義的建築與特色街區，作整體的重新規劃。博物館不是蓋個房子把所有的東西放進去，而是以社區的方式呈現歷史的面貌，這才是城市博物館的真正意義。
　
北投、大稻埕、城中、艋舺，到城南，這五座城市博物館，都呈現不同面貌的老臺北，每一座都有各自的「故事」。北投有溫泉與那卡西文化；大稻埕跟艋舺是臺北城的起源；城中則有赤峰街文創聚落與中山地下書街，「心中山」線型公園完工後，今年十月的白晝之夜，也會在這裡舉行。
　
而城南是這五大博物館中最具人文底蘊的一個，三月底我親自走了一趟，先到紀州庵泡茶，再去逛溫羅汀的舊書店，最後則是去寶藏巖光節、蟾蜍山微光展，感受老聚落的新生命。
　
這些地點都有各自的特色，串在一起，就變成城南地區不可或缺的藝術文化風景。未來每年四、五月的杜鵑花節，也會跟這些景點整合，成為當地最具特色的活動。
　
跟著影片的腳步，找個假日一起泡在城南，過個文青的一天。
　
#市政問答題
#城市博物館
#進步價值光榮城市",388,11944,342,14,1,50,19
"17","2018-05-25T05:54:30+0000","民無信不立，政府失去人民的信任，是臺灣政治的根本問題。

過去政府主導的重大BOT案，幾乎每一個案子都被懷疑，改善這個問題其實也不難，第一步就是公開透明。但公開透明不是只有在那邊呼呼口號，而是落實在實際的行政之中。

所以流標5次、還一度發生弊案的雙子星大樓開發案，這次重新上網招標的同時，我們不要只回答廠商的問題，也要聽聽所有人民的聲音。從現在開始，任何有關雙子星開發案的問題，都歡迎大家上網提問。

我們要打破過去只有投標廠商可以要求釋疑標案的規則，將這套制度落實在每一位公民，只要上網提問，捷運局會收集題目，在一個月期限內明確回答，讓所有國民都有提問、監督的權利。

我相信眾人的智慧大於個人的智慧，不是和你意見不同，就是要找你麻煩，因為面對問題是解決問題的第一步，把所有的小問題解決了，就沒有大問題。所以公民參與委員會這幾年下來，已經讓上百個公共工程都納入公民參與。這顯示只要不斷跟人民對話，務實的修正，很多問題是可以被解決的。

從現在開始到7月31日，雙子星（C1D1開發案）的問題歡迎你來提問，我們會好好回答，給大家一個滿意的答案。

提問連結：https://goo.gl/FXPGZt 

#公民參與
#西區門戶計畫
#進步價值光榮城市

---
雙子星開發案相關資訊公開：https://goo.gl/hmyf2X
北市府公共工程落實公民參與制度：https://goo.gl/tm51VC",538,23674,466,47,8,115,11
"18","2018-05-25T02:14:12+0000","布吉納法索與臺灣斷交的事情，事出突然。臺灣在國際上的處境一向都很艱難，所以必須自立自強，只有我們的經濟實力變得更強，才能在國際佔有一席之地，不能老是把國家的命運寄託在他國善意之上。

臺北作為臺灣的首都城市，應當盡力進行城市外交，突破困境。臺北市與布吉納法索首都瓦加杜古市，從2008年締結姐妹市以來，一直有一些交流和互動，去年世大運他們也有派代表團出賽，未來我們也會盡力維繫姐妹市關係，維持良善的互動。",414,26498,450,181,42,42,18
"19","2018-05-23T04:30:16+0000","原本預估要花十年時間才能汰換掉的鉛水管，為什麼用不到兩年時間就可以達標？蘇迪勒颱風之後，我們做了什麼改進，讓未來颱風來臨時，水龍頭不再流出黃水？

不管你在上班，還是在偷看籃球賽，中午十二點半記得上來臉書一起吃便當，一起灑花生，一起聊市政。

#柯Ｐ便當會
#臺北喝好水",585,25494,1126,540,8,69,21
"20","2018-05-21T08:18:34+0000","【環南市場<U+30FB>改變成真】

短短一年半的時間，環南市場改建工程正式上梁了。

傳統市場改建，從來就不是政治人物的優先選項。第一，很少人有耐心和上千個攤商溝通，整合大家的意見；第二，花費的時間太長，即使開工，也很難在任內可以剪綵完工，所以改建興趣不大。

但市場是城市的縮影、人民生活的代表。老舊的傳統市場環境髒亂、老鼠橫行，不但無法吸引國際觀光客，連本地人也越來越不愛逛，改建絕對是勢在必行。

我有這個決心，所以每次都對市場自治會及攤商說：「如果沒有趁我這個『瘋瘋的』市長在任時，趕快進行改建，下一次的機會不知道要等到什麼時候。」

就像市場處主秘說，他進臺北市政府當科員承辦的第一份公文就是環南市場改建案，十八年後他升了主秘，總算才開工，難怪他會感慨萬千。

我們的傳統市場改建不只有硬體上的改良，軟體的升級才是重點，包括乾濕分離、垃圾不落地、減少塑膠包材，也要引進綠能環保、節能減碳。不可以改建之後，還是把菜跟垃圾一起放在地上，老鼠在旁邊跑，這樣的改建就失去意義。

明年八月，歡迎大家一起來逛逛全新面貌的環南市場。

#傳統市場改建
#環南市場 
#大龍市場 
#第一果菜及魚市場 
#成功市場 
#東門市場 
#南門市場  
#進步價值光榮城市",836,29775,874,50,8,166,10
"21","2018-05-19T12:45:36+0000","【為什麼我們要做公辦都更？】

都更過程的艱辛和公務員花費的心力，是外界想像不到的。

為什麼要「公辦」都更？就是當民間做不來的時候，政府應該扛起來做，這次的斯文里三期整宅都更，產權複雜，溝通協調不易；弱勢比例高，安置困難；又有航高限制，容積率有限；要期待民間來做根本不可能，但過去政府不想自找麻煩，一拖就幾十年了。

兩年半前，我們在斯文里成立駐點工作站，一切從零開始，超過一百場的說明會、公聽會、聽證會、審議會，不斷的跟住戶、周邊里民溝通協調，終於在昨天開工了，這是很多同仁努力而來的結果。

斯文里三期不只是全臺灣第一例成功的公辦都更，更是公辦都更制度化的開始，在跟居民的協調過程中累積了很多Knowhow、SOP，都會變成知識系統保留下來，未來面對再困難的都更案例，都有成功的前例可循。「最困難的都成功了，還有什麼不能做的」。

感謝每一位居民對都更案的支持，也希望大家能從影片中，看見基層公務員的熱情，他們是都市更新最重要的力量。

斯文里三期公辦都市更新
#市政問答題
#進步價值光榮城市",2149,32272,1108,45,17,190,25
"22","2018-05-18T11:08:58+0000","【斯文里都更<U+30FB>改變成真】

講了三十幾年，歷經四任市長，斯文里三期公辦都更今天終於開工。

這是台灣都市更新歷史的里程碑，也是公辦都更的一大步。

四年前，我剛投入選舉時來這裡看過，居民說，「每一個要選市長的都來這裡，每一個都說當選會改建，每一個都騙我們」。四年後的今天，北市府的公務員歷經千辛萬苦，跨局處合作，不斷的協調溝通，終於開工了。

依照我的規定，開工典禮結束24小時內必須開工，不准有假開工的文化。不過我們今天典禮還沒結束，他們已經迫不急待開拆了。

三十分鐘的開工典禮，背後是多少人過去三年的努力，我自己想到都覺得很激動。

一開始，很多人都勸我不要碰這個最困難的案子，但它是一個指標，如果最困難的斯文里三期可以成功，二期、一期、蘭州國宅、水源整宅、南機場整宅等老舊社區都可以複製這個成功的SOP，一步一步去做。

政治必須落實在人民每一天的生活之中，這是一種思想、信仰和力量。這個信念必須變成自己的信仰，才會變成力量，化成行動。我不認同「亮點政治」，如果只要「亮」，放煙火最亮。只有面對問題、解決問題，每天不斷努力工作，積小勝為大勝，才能為這座城市帶來真正的進步與光榮。

斯文里三期都更案，就是市府團隊從零開始，一點一滴努力的最好證明。

繼續前進。

#斯文里三期公辦都更
#進步價值光榮城市",2741,46482,1446,77,29,211,28
"23","2018-05-15T12:21:57+0000","五月，報稅季來了。

2014年時中央修改了房屋稅條例，3戶以內可以適用自住的房屋稅率，換句話說，超過3戶就課比較重的稅，但一個人有3棟房子都可以算自住，實在是沒有道理。

所以去年我們研議調降「單一且自住」房屋稅，只要自住且設籍臺北市，本人、配偶及未成年子女全國合計只有一棟房屋，就可以從原先自住房屋稅的1.2%調降為1.0%，讓真正把房子用來住的，可以用較低的稅率。

調降之後，自己住房子的人最多可以省3萬元，全臺北市大約有超過20萬戶房屋受惠。接下來我們要讓「單一且自住」的定義更清楚合理，讓真正住屋者可以用較低的稅率，但擁有較多戶房子的人，就必須負擔較高的稅率，往租稅公平的目標邁進。

#調降單一自住房屋稅
#市政老實說",359,12547,287,117,2,27,18
"24","2018-05-13T05:51:24+0000","臺北市有太多要解決的問題，所以母親節這個週末，很感謝三位副市長、秘書長、局處首長，犧牲與家人團聚的時間，到市政府陪我吃便當、開會、面對問題、解決問題。

跟他們的太太、媽媽們說聲歹勢，也祝全天下辛苦的母親們，母親節快樂。",99,13934,309,102,18,53,16
"25","2018-05-12T04:01:16+0000","收到一個好消息，臺北市政府跟國家地理合作拍攝的紀錄片《透視內幕：臺北世大運》，榮獲第51屆休士頓國際影展最佳紀錄片金獎，讓臺北世大運，這個2017年夏天的臺灣奇蹟，再度在國際發光發熱。

世大運不是臺北的世大運，而是全臺灣的世大運，雖然經歷各種挫折，一路被看衰，但場上拚戰的運動員、堅守崗位的公務員、一萬八千名無私付出的志工，都展現無比堅韌的臺灣精神，共同創造了這個臺灣奇蹟。

謝謝大家，謝謝拍攝團隊，讓世界再一次看見臺灣。

---
今晚八點，國家地理頻道將加映《透視內幕：臺北世大運》，讓我們再一次重溫去年八月的感動。
https://youtu.be/eQFL5DZrZ7s",707,34701,1123,135,3,66,7
"26","2018-05-11T09:53:07+0000","現在雙薪家庭很普遍，大家每天上班工作，下班做家事、顧小孩。偶爾臨時有事，但小孩沒人照顧，這時候就需要臨時托育服務，讓年輕的爸媽可以安心外出。

現在起，我們開始在文山區試辦定點臨托服務。六個月以上、六歲以下的小孩臨時需要有人幫忙照顧，打一通電話，就可以預約托育。

未來我們也會開一個公共托育的官網，網站設好之後，裡面會有一個臨時托育的登錄連結，到時用網站也可以預約。

我的想法是政策正式上路前先實驗看看，跑順了之後再擴大辦理，所以初期我們會先挑幾個點來試辦，看成效如何、有什麼需要修正的，再來擴大辦理定點臨托。

不管是婦女中心、親子館、公共托嬰，到新增的定點臨時托育服務，臺北市的婦幼福利不斷在進步，雖然無法一次到位，但我們會不斷努力，用更完善的政策幫忙年輕父母。

#臨時托育
#進步價值光榮城市

---
臨時托育管道看這邊
http://pcse.pw/5ZQRD",1383,27212,830,40,6,278,20
"27","2018-05-09T12:03:53+0000","以前的圓山兒童樂園所在的「圓山遺址」，是國定古蹟，也是臺灣最早發現的史前遺跡之一。這裡有史前時代貝塚，是臺灣新石器時代文化重要的遺產。

這塊充滿史前文物的山丘，日治時期被當成禪寺，後來動物園、兒童樂園、花博園區相繼設立，這些建設都為圓山遺址的保存造成壓力。

兒童樂園搬離之後，市府接受專業意見保存圓山遺址，避免商業化的建設。同時，封閉已久的區塊，我們會在最低擾動的原則下整理環境，重新開放綠地給台北市民，也讓市民認識臺北城的地下文化風景。

為了讓圓山考古遺址公園可以早日實現，我們期盼主管機關文化部依據文資法，擬定「國定圓山考古遺址保存計畫」，我們會依保存計畫進行後續的規劃，希望中央地方可以一起合作，讓臺北市成為一座擁抱過去、立足此刻、追求未來的首都城市。",232,15146,358,23,8,140,24
"28","2018-05-08T04:00:06+0000","今天中午跟我一起吃便當的是都發局林洲民局長，一起來聊聊斯文里三期開工、公共住宅、公辦都更等議題。
　
他講話很仔細，希望短短的半個小時我們可以講得完。
　
#柯Ｐ便當會
#居住正義大解密
台北都發局長林洲民「像我們這樣的城市」",305,12369,651,492,13,29,45
"29","2018-05-06T04:47:37+0000","【為什麼我們要推動八橫八縱幹線公車？】
　
臺北市正在進行中的捷運路線，環狀線的中環段預計年底完工，萬大線跟信義線東延段已經開始蓋了，環狀線的北環段跟南環段正在中央審議，東側南北向捷運系統（東環段）則是進行可行性評估中。
　
扣除環狀線中環段，新的捷運要上線至少還要6年的時間，這段期間還是要加強公共運輸服務，所以我們在主要幹道上建立了幹線公車系統，在忠孝東路上移動，就搭忠孝幹線，直接明瞭。
　
八橫八縱就是一個「類捷運」的概念，班次非常密集，尖峰時刻最快4分鐘一班，不用擔心在戶外等太久，而且還享有跟捷運一樣的轉乘優惠，轉公車、轉捷運通通半價。
　
捷運和幹線公車是我們交通路網的基礎，我們會在這個基礎上調整公車路網，發展出小規模、效率高的接駁公車。以前這些接駁公車因為路程短，還要多花一段票，所以沒有人要搭，吃到飽定期票上路後，短程的接駁公車就比較容易被大家接受，這是我們的交通大戰略。
　
去年5條幹線公車先行，乘車人數逐漸增加，現在我們再增加11線，讓八橫八縱正式上路，相信大家使用的意願會更高。只有加強公共運輸服務，讓大家願意「從開車變搭車」，臺北市的交通問題才有機會被解決。
　
#市政問答題
#八橫八縱幹線公車
#進步價值光榮城市",350,10825,274,58,0,27,17
"30","2018-05-04T08:16:40+0000","這是一篇洋蔥文。

來自屏東的莊瑞雄委員告訴我，今年屏東恆春的洋蔥產量過剩，導致價格崩跌，讓當地農民唉唉叫。

我平時公關費不多，還有剩一些，就跟屏東產地直接買了500袋洋蔥，今天請社會局幫忙分給臺北市的社區關懷據點、老人日照中心、浩然敬老院、陽明教養院、遊民收容中心、老人自費安養中心等社福機構，也算是幫他們加菜。

我能幫多少算多少，希望大家多多支持臺灣的農民，也給予這些社福機構多一點溫暖。",1027,59990,2809,1261,51,171,19
"31","2018-05-03T10:02:33+0000","#設計是要花錢的

上個週末，我去參觀「島：字型提案概念展」，有人問我，提到巴黎會想到浪漫，提到京都會想到古樸，提到紐約會想到時尚，那臺北的城市意象是什麼？

我覺得答案是「和諧的多元」。全世界沒有一座城市像臺北這樣多元，把這麼多不同的景觀融合在同一個城市內。

一個外國人來臺北，可以在信義區感受百貨大樓林立，十足的歐美時尚風；在大稻埕感受1920年代的老臺北活力，再去艋舺感受青山王宮繞境的香火，最後到新北投享受慢活泡個溫泉，然後告訴他這是同一個城市，他一定會嚇一跳，這麼多元的文化，竟然可以和諧的融合在一起，但這就是臺北的特色。

要如何讓大家驚奇、驚喜、驚艷，而不是「驚嚇」，我們還需要繼續努力。我們要求市府的標案優先使用最有利標，目的就是「提高品質的要求，尊重設計專業」，而且放手讓年輕人創作，一步步提升台北的城市美學，讓臺北成為一個會讓人感動的城市。

在「島：字型提案概念展」展覽中聽了年輕人介紹，才發現設計讓文字充滿感情，也充滿力量，不同的地方、不同的時機，用不同的字體，會有不同的感覺，也有不同的意義。

不過今年送給太太的母親節卡片，不用選字體，還是自己親手寫吧！

字戀

---
島：字型提案概念展
時間：3/10 至 5/6
地點：金車文藝中心承德館 4 樓（臺北市大同區承德路 3 段 131 號 4 樓）
更多資訊：http://pcse.pw/5WZRS",248,12756,346,98,3,23,9
"32","2018-05-01T10:50:19+0000","PTT常開玩笑說北市府是全臺唯一勞動局，這句話有些誇大，但勞動局的基層同仁確實用心在維護勞工權益。
　
比方說，我們是全國執行勞檢最徹底的縣市，但編制上的勞檢員有限，很難面面俱到，所以我們也邀請了學者、專家，以及職業工會成員加入勞檢團隊，「自己的行業自己檢」，讓工會自己參與勞檢，會較接近實況。
　
此外，解決勞資糾紛方面，我們也要E化，今年會設置「勞動權益中心」的線上服務，來提高處理勞資糾紛的效率。
　
正確的勞動觀念也需要從小養成，所以我們也從教育著手，讓每一座學校至少有一個公民教師，來作為勞動教育的種子老師。
　
我剛上任時，臺北市有18個勞工因為職業安全問題而死亡，我們調查了一下，其中17個只要有受過職安訓練都可以避免，所以我們也開始推動「職安卡」，讓職工去接受職業安全訓練，合格就發一張。
　
這張卡全臺通用，對老闆來說，如果可以選擇，應該會僱一個受過職業安全訓練、有職安卡的工人，職工也會發現身上的職安卡有助於找到工作。到目前為止已經有兩萬名職工有職安卡，實施兩年下來，職業安全死亡人數明顯下降，這就是一種正向循環。
　
最後，今天是五一勞動節，特別感謝每一位在這座城市辛苦打拼的勞工朋友，謝謝你們在崗位上不斷努力，成就了這座光榮城市。
　
#進步價值光榮城市
勞動臺北",230,11346,300,74,6,16,11
"33","2018-05-01T02:08:35+0000","今天是五一勞動節，四年前，市民朋友用i-Voting選出賴香伶來當臺北市政府勞動局長，上任三年多來，勞動局一直是我最放心的局處之一。

其實我告訴她秉持專業就行了，沒下過什麼指導棋，偶爾有大老闆來跟我抱怨勞檢被罰錢時，我會跟她說誰來抱怨，但我也會在下面加一句：「該怎麼辦，就怎麼辦」。

臺北市的勞檢一向很徹底，勞工滿意度也很高，不論外在壓力多大，我的態度還是一樣：

「請賴局長繼續秉持專業、繼續努力！」

勞動臺北",290,21230,502,112,6,24,12
"34","2018-04-30T11:16:23+0000","很多人說政治要模糊，但我是外科醫師，過去的訓練要求我們要快速、明確，SOP要訂清楚，一切都要按照SOP走。

就像BOT，這幾年下來已經被污名化，甚至到了走火入魔的地步，搞到廠商跟政府不能說話、不能討論，見面還要錄音錄影，就是因為長期複雜的政商關係，讓政府失去人民的信任，讓BOT難以進行。

所以我們修正了BOT案的SOP，捨棄過去政府透過土地開發來賺錢的思維，而是回歸BOT的本質：政府與民間合作公共建設。每一個BOT不是單純為了營利，而是有它的戰略縱深，經過和產業界不斷的溝通，要蓋什麼、要做什麼，大家有共識之後再來進行。
 
我們今天簽約的「南港生技產業聚落」，是全國第一個生醫產業的BOT開發案，蓋好之後，會作為生技產業的育成中心，以及新藥臨床前的研發和試量產的基地，跟中研院、國家生技研究園區、衛福部、食藥署連成一氣，再透過高鐵連接竹北的生產端，成為一個完整的生技產業鏈。

南港生技產業聚落BOT案，是BOT的新契機，也是未來20年生技產業大戰略的重要一環。

#南港生技產業聚落
#東區門戶計畫
#進步價值光榮城市

---
為什麼我們要蓋「南港生技產業聚落」？
http://psee.io/5W5H4",243,12555,239,23,3,96,11
"35","2018-04-29T09:21:24+0000","臺北的獨特之處，在於把民主、自由、多元、開放這些近代西方價值，融入傳統的華人社會。

開齋節時5萬名穆斯林聚集在臺北車站一起朝拜麥加、亞洲最大的同志遊行有12萬多人參加，這些都印證了臺北是一個多元開放的城市。

正因為臺北的多元與開放，所以不同背景、不同意識形態的人都可以在這裡落地生根，在這裡自由自在的發揮創意。

就像我雖然不是臺北土生土長的，參選前跟政治完全無關，但臺北市民還是願意讓我當市長。在這裡，每個人可以有各式各樣的想法，只要願意去對話、去碰撞、去交流，就可以創造出更多不同的可能性。

這麼多元與開放的環境，讓臺北隨時隨地都可以發現不一樣的藝文風景。

我來介紹不太客觀，還是讓一些國內外藝文工作者來說，影片中，大家可以從他們的口述，看見我們這幾年下來發展藝術文化上的成果。

#文化臺北
#進步價值光榮城市",319,8403,243,22,2,12,13
"36","2018-04-27T11:34:25+0000","住者有其屋是一個理想，雖然一時間無法實現，但總是要讓人家租得起、有一定的居住品質。

所以上任之後，我們努力蓋只租不賣的公宅，努力的在每一場公聽會上化解里民的疑慮，到目前為止已經有13處公宅順利興建中。為了蓋公宅，這3年下來，都發局的同仁都被操得很辛苦。

不過，臺北市一年以上沒住人的空屋就有3.6萬戶，把這麼多空屋釋出招租，也是解決居住問題的重要方法。所以我們在中央的支持下推動「包租代管」，此外，我們也把一定比例的房地稅收拿來做「租金分級補貼」，讓弱勢家庭可以用更合理的價格，在臺北租到房子。

跟過去的定額補貼不一樣，我們用九宮格的方式來計算補助額度，依照不同的家戶人數，以及不同的收入，最低每月補貼3千元，最多每月可補貼1萬1，這個分級租金補貼制度更彈性、更合理。

我們會用更多元的住宅政策，來實踐居住正義。

#租金分級補貼
#進步價值光榮城市

攝影／潘俊霖

---
「租金分級補貼加班列車」只到4/30止！

申請書連結：http://pse.ee/5VBCJ
如何申請：http://pse.ee/5VBDQ
租金補貼網：https://www.rent-allowance.gov.taipei/",291,13684,274,15,5,66,15
"37","2018-04-25T13:30:28+0000","人民有陳情抗議的自由，但自由以不侵犯他人的自由為範圍。反年改團體用暴力造成30名警察同仁，以及11名記者朋友受傷就是不對，我們會依照蒐證畫面依法究辦，決不寬貸。

我再強調一次，我們譴責任何形式的暴力行為，陳情抗議還是要依法行事，請務必守法、尊重媒體採訪自由。

對於立法院周邊的衝突，在場的臺北市警方會視情況增派人力，用最嚴厲、強硬的執法，回應所有暴力行徑。",273,24119,371,137,60,68,720
"38","2018-04-25T09:51:13+0000","昨天晚上，我們舉行無預警的水災演習，臺北市政府公務員的水準很高，雖然沒有事先準備，但大家還是表現得很好。

這場演習，主要是要測試強降雨來襲時每個局處的應變和動員能力。去年6月2日的強降雨讓內湖淹大水，面對問題是解決問題的第一步，除了做一堆改善工程以外，我們在今年汛期來臨前，先演練一遍，看還有什麼要修正的地方，再加強一下。

沒有最好，只有更好。極端氣候越來越常見，也越來越難預測，所以事先演練和準備很重要。

我們會讓政府的緊急應變能力，越來越強。",124,12168,216,42,1,30,16
"39","2018-04-25T04:30:38+0000","今天的便當會要吃飽一點，因為吃到飽定期票已經正式上線了。

任何跟臺北市交通有關的問題，我跟交通局陳學台局長會邊吃午餐邊回答大家。

#柯Ｐ便當會
#交通大哉問
#1280元吃到飽定期票
#幹線公車
臺北交通大家談",353,13784,788,785,12,55,41
"40","2018-04-24T09:31:06+0000","政府關起門來自己規劃政策，常常沒有貼近民意，結果馬屁拍在馬腿上，效果很差，當年的建成圓環美食館就是一個例子。

我反而比較喜歡走到第一線，直接問民眾或商家「有沒有什麼需要我們幫忙的」，當場抄下來，回去馬上請局處研議，至少這樣做出來的東西比較符合人民需要。

參與式預算也是同樣的概念，我們邀請民眾來提案，看看自家周邊有沒有什麼可以做的，例如公園、交通設施等等，再經過i-Voting程序選出來，後續做起來都不會太離譜。

我常說，政治要落實在人民每一天的生活之中，但要讓人民參與政治，不能只是當當鍵盤評論員、看看Call in節目，然後四年投一次票而已，參與式預算就是一個實踐直接民主的機制。

三年下來，民政局的同仁很辛苦，不斷教育民眾如何「自己的預算自己提」，一開始只有6千人參與，到去年已經累積到6萬人，而且越做越好，顯然只要長官願意，公務員是可以非常創新的。

告訴大家，今年度的參與式預算i-Voting已經展開，快去投票，還有機會可以抽大獎！

#參與式預算
#進步價值光榮城市

---
參與式預算i-Voting開跑了，投票有機會抽萬元大獎！

投票時間
4/30（一）17:00截止
投票網址
https://ivoting.taipei
我來教大家怎麼輕鬆i-Voting
http://pse.ee/5U9FT",460,24226,588,142,3,40,17
"41","2018-04-23T11:24:52+0000","三年下來，以北門為中心的「西區門戶計畫」，已經為舊城區帶來新的改變。現在，我們用同樣的努力，正在按部就班進行以南港車站為中心的「東區門戶計畫」。

這裡有衛福部、食藥署、國家生技園區，加上忠孝營區基地上的生技研發中心BOT案，我們預計今年可以開工，透過高鐵連結竹北生產端，南港會成為臺灣生技產業的研發重鎮。

已經上樑的北部流行音樂中心，今年就會完工；國家會展中心二期今年也會完工，到時候會展產業會從現在的信義區慢慢移來南港；跟國產署爭議多時的南港瓶蓋工廠，因為雙方同意土地互為無償撥用，終於可以開始整修了，未來這裡將會轉型為東區的新創基地。

我們也正在南港蓋上千戶公共住宅，包括東明、小彎、中南段公宅，跟日勝生解約的南港機廠基地，也會拿來蓋公宅，未來還會導入循環經濟的先進概念，這是我們去荷蘭考察後的心得。

交通方面，三鐵共構南港車站目前為止，每天有超過5萬人進出，如果加上基隆輕軌，以及現在正在招商的轉運站BOT案，這裡會變成臺北市東區的交通樞紐。

東區門戶計畫的所有子計畫，都是府級列管的項目，定期在市長室會議報告進度，一切按表操課。現在開始到五月底，我們也在南港車站舉辦展覽，讓大家更了解東區門戶計畫，看到我們翻轉南港的決心。

#東區門戶計畫
#進步價值光榮城市

---
TURN UP 轉轉南港．東區門戶願景展
時間：2018／4／21（六）－5／30（三）
地點：南港車站AB棟間穿廊",240,11873,265,21,0,80,12
"42","2018-04-22T11:44:37+0000","【為什麼我們要推動共融式遊具？】

以前的公園只有「罐頭式」遊具，好處是便宜，而且為了安全為上，所以設計非常保守。但這樣的遊具，限制了小朋友的想像空間，玩久了身體不會更健康，倒是頭腦會變得更簡單，而且沒有無障礙設計，身障的孩子也沒辦法進去玩。

剛開始，我也不知道共融式遊戲場是什麼，只知道很多媽媽不斷倡議反對罐頭遊具，我找了許立民局長研究之後，也開始接受共融的觀念。

兩年前我們開始推動，從大的公園先著手，一步步汰換掉舊的遊具，換上全新的共融式遊戲場。為了讓這些遊戲場更有特色，我們由下而上，找來當地民眾、公民團體開了很多場工作坊來討論，再請優秀的臺灣設計團隊來設計。用公家的預算，來帶動臺灣的設計產業發展。

「設計是要花錢的」，我們用這樣的觀念，來推廣智慧財產權的重要。從影片可以看到，這些共融式遊戲場都有主題，非常有創意，而且大人小孩、甚至身障兒童都可以玩。

我們用好的設計，讓民眾慢慢接受這些更有創意的遊具，這是臺北邁向文明城市的一大步。

#市政問答題
#公園不再大眾臉
#共融式遊具
#進步價值光榮城市
設計臺北Design For Taipei",1563,24733,845,28,2,127,8
"43","2018-04-22T03:05:52+0000","嗡嗡嗡，大家齊做工。

#中埔山手作步道
#世界地球日
#一起來修理地球",140,10039,457,175,3,32,32
"44","2018-04-21T12:06:44+0000","【為什麼我們要推動一生一平板？】
　
這裡是社子島的富安國小，以前和市中心的小學相比資源較少，但現在，他們成為全臺北市第一所三年級以上的小朋友都有平板電腦的小學。
　
這就是我們的「一生一平板」計畫：給所有的孩子們一人一臺行動載具，透過校園E化後的免費光纖網路，把國小、國中、高中所有的課程拍成影片放在網路上免費觀看。
　
教育是社會階層流動的動力，我們藉著網路人權的建立，確保人人有平等學習的權力。這不只是花錢建立網路、硬體、軟體而已，背後的大戰略是希望透過政府的力量，為貧窮家庭的孩子留下最後的翻身機會。
　
經過一年多的努力，目前已經有80所學校、超過2萬5千名學生有平板載具可以上網。未來兩年，全臺北兩百多所學校會有免費網路、20萬5千多名學生都要有行動載具，完成校園E化的目標。
　
不管是雙語教學，還是校園E化，我們都會從弱勢的地區優先做起，這是臺北市政府的重要政策，希望三年以內，教育平權的目標可以實現。
　
#市政問答題
#一生一平板
#校園E化
#進步價值光榮城市
臺北市教育局",244,9102,228,9,4,60,8
"45","2018-04-19T22:53:07+0000","大家早，自己的政策自己宣傳，禮拜五綠色運輸日又到了，一起拿著1280元吃到飽定期票搭大眾運輸去上班。

#1280元吃到飽定期票
#捷運車廂內免費上網
#週五綠色運輸日",1004,45649,1755,1020,17,75,43
"46","2018-04-19T11:28:49+0000","去年，臺北市車禍死亡人數是20年來最低。

這其中，鄰里交通改善計畫有貢獻，我們編列了4年20億元，幫助這些願意加入改善計畫的里重新規畫，除了在路上劃綠色人行通道之外，還包括汽機車停車格的重新配置、人孔下地、天空纜線下地等等，需要路面整修的也會一併處理。

到去年底，我們總共完成了781條巷弄道路更新。這些有實施鄰里交通改善計畫的地區，車禍受傷人數就少了47%，除了改善交通秩序，這是額外的好處。

為了減少道路挖挖補補，增加通行安全，我們也成立道路管線暨資訊中心，把所有管線單位整合統一管理，並且建立管線圖資。

根據統計，道管中心受理了7795件挖掘申請，我們把它整合縮減成2591件，等於每3件併成1件統一來挖。成立第3年和第1年同期相比，道路挖補就少了28%，我們還會繼續精進。

內政部營建署舉辦的「市區道路人行環境無障礙考評」，臺北市連續5年獲得第一名，這就是對我們在道路管理上的一種肯定。我們也舉辦示範觀摩會，把臺北市這幾年的心得跟其他縣市分享，希望可以提高全臺灣的道路品質。

#鄰里交通改善計畫
#道管中心
#進步價值光榮城市",513,25352,680,136,4,73,8
"47","2018-04-18T11:22:25+0000","即使不是醫師當市長，食安也會是重要的工作項目，但重點不是一堆打高空的政見，而是實際可執行的政策。

我上任之後，就邀集各路專家組成食品安全委員會，制定臺北市食安自治條例，至今已經推出26項政策，例如不安全的食品24小時內要通報、48小時內要下架，外燴報備事先稽查，上網公開餐廳稽察結果等等，發揮完善的食安監督功能。此外，我們也和臺北地檢署及士林地檢署合作成立聯合查緝平臺，打擊黑心食品。

過去爆發食安風波，常常出現各個局處分工不合作的問題，導致食安稽查慢半拍，我們也在去年成立了府層級的「食安官」，直接督導衛生局、環保局、教育局與市場處與食安有關的部門，進行跨局處整合與協調，比起過去更有效率。

三年多下來，食安從最初的紮根，到現在已經進入收穫期，有衛生局黃世傑局長的強力督軍，食安政策執行上不會有問題，在臺北吃東西，大家可以儘管放心！

#食品安全
#進步價值光榮城市

---
餐飲業者稽查結果，上網馬上可以查
https://imap.health.gov.tw/",227,13166,286,44,1,26,8
"48","2018-04-17T13:01:49+0000","臺北市刑大與刑事警察局、其他縣市警方、檢調的通力合作下，昨天抓到了目前為止最大的安非他命製造工廠。今天我特別帶加菜金到市刑大，感謝同仁們的辛苦破案。

這次查到的成品有250公斤，半成品7千公斤，全部製成毒品的話，會有超過3千公斤流入市面，這還得了，所以謝謝警方查緝成功，讓這些不法份子無所遁形。

我認為要把吸毒者當病人來處理，包括從預防到矯正戒毒，這樣會比較有效；但對於製毒販毒者還是要當犯人嚴懲，決不寬貸。

目前我們在北市府設有毒品危害防制中心，整合市府各局處防毒業務，刑警大隊也有專門的毒品查緝中心，北檢還有毒品查緝的專門小組，三個專責單位會形成「鐵三角」，共同合作打擊毒品犯罪。",170,14150,220,19,4,274,14
"49","2018-04-16T13:47:55+0000","結婚後，印章、存摺都交給太太保管，所以我們家的財務都是我太太在管理的。當市長之後，依法必須申報財產，我也交代太太要詳細申報。

一直到現在，我仍然沒有成立基金會，也過著超級簡單的生活。2014年收到的選舉補助款償還選舉的欠款之後，剩下的捐給各種社福公益團體，也捐光了。

當了市長之後，除了避嫌，事實上也沒有多餘的錢做新的投資。所有的收入，都來自薪資和基金贖回所得。既然大家都特別關注我，備註欄（紅框處）也特別寫清楚一些，方便大家檢視。

（圖片節錄自監察院第130期廉政專刊第204頁處）

---
監察院第130期廉政專刊全文連結
（本人申報資料於第200頁處）
http://pse.ee/5RZ5B",1511,55738,1569,730,27,209,13
"50","2018-04-15T07:38:12+0000","以前蓋公園，有樹有草，再加上塑膠製的罐頭式遊具就行了。現在不行，新蓋的公園我都要求要美觀，要有設計，要有環保思維。

新落成的內湖「大港墘公園」就是一個例子，我們引進「海綿城市」的透水鋪面，在大草原底下設置蓄水系統，可回收雨水再利用，也可蒸發降溫減少熱島效應。

我們也在這裡實踐「田園城市」，在公園一角種滿香藥草植物，一年四季都有不同的香氣的藥草可以聞。最重要的，這裡也蓋了一座精心設計的共融式遊戲場，而不是過去常見的罐頭式遊具。

我們接受「設計是要花錢」的觀念，雖然公園的單價有提高，但要求公園要蓋得漂漂亮亮，要有設計感。我們願意用公家的建設支出，帶動臺灣設計產業發展。

佔地2.5公頃的大港墘公園去年8月開工，半年就完工了，這些花草如果再經過半年的養護，整個公園會更漂亮。不只提高內湖地區的生活品質和環境品質，也會成為內科上班族休閒的好去處。

#大港墘公園
#內科二點零計畫
#進步價值光榮城市",852,16851,517,26,3,128,3
"51","2018-04-13T12:39:00+0000","市議會開議了，每一次的施政報告前我們都再三彩排，就是希望大家可以從這份簡報中，感受到市府同仁們的努力和改變這座城市的決心。

去年到今年這段期間，我們做了這些努力：

<U+2714><U+FE0E>完成8橫8縱，16條幹線公車路網
<U+2714><U+FE0E>推出30天1280元吃到飽的公共運輸定期票
<U+2714><U+FE0E>敬老卡擴大使用於捷運、YouBike、雙層觀光巴士
<U+2714><U+FE0E>老人可免費接種肺炎鏈球菌疫苗
<U+2714><U+FE0E>延宕30年的斯文里三期整宅公辦都更案開工（5月）
<U+2714><U+FE0E>延宕20年的第一果菜及漁市場改建案開工 
<U+2714><U+FE0E>延宕10年的廣慈博愛園區開發案開工
<U+2714><U+FE0E>內科之心產業支援設施BOT案開工
<U+2714><U+FE0E>改造中山雙連線型公園、中山地下書街重新開幕
<U+2714><U+FE0E>完成4處創新產業聚落
<U+2714><U+FE0E>完成花博公園等27座共融式遊戲場
<U+2714><U+FE0E>開辦2所雙語小學、2所實驗教育學校
<U+2714><U+FE0E>包租代管、分級租金補貼等多元住宅政策正式上線
<U+2714><U+FE0E>4年內減債超過520億元，總債務降到低於千億元

完成的事情其實不只這些，但篇幅有限，無法全部列舉。

我常說，要保持進取的精神，戰略上永遠向前跨一步。如果沒有公務員不斷追求進步，就無法實現光榮城市的目標，所以謝謝你們，也感謝每一位市民朋友給我們的鞭策，讓市政更加周全。

讓我們繼續努力、加油。

#進步價值光榮城市",1884,22320,803,38,7,149,19
"52","2018-04-12T10:46:46+0000","【讓北車不再是地下迷宮】

臺北車站在幾十年前改建時缺乏整體規劃，後來又連結了北捷、機捷、轉運站跟地下街，最後變成「地下迷宮」，複雜的動線不只是外地人困擾，臺北人也不一定清楚。

我們嘗試用新科技來解決這個地下迷宮的問題，經過幾個月的開發，我們和亞旭電腦合作推出了「台北車站通」App，最近在iOS和Android系統全面上線。

下載之後，你可以在站內定位、導航到車站範圍內的任何地點，到了樓梯口還會貼心提醒你要上下樓。此外，在北車內找車位、找餐廳、找商店、找廁所、找逃生出口，要找哪個地方，都可以使用這個App。

我常說，政府的力量有限，民間的力量無窮，過去這種App如果是政府自己設計自己做，通常結局很慘，所以我們改變策略，讓業界提案，由政府「購買」服務，比較符合市場需求，人民也比較有感，這次的車站智慧化App就是一個例子。

智慧城市不是喊喊口號而已，臺北車站每天有50幾萬人進出，透過這個App，每個人進出更方便，整個城市也會更有效率。

#智慧城市
#台北車站通App
#進步價值光榮城市

---
現在就下載「台北車站通」App，讓北車不再是迷宮
iOS：http://pse.ee/5QT2J
Android：http://pse.ee/5QSZA",2752,35421,1047,132,6,595,16
"53","2018-04-11T04:26:42+0000","今天的便當會，一樣粗菜便飯跟教育局曾燦金局長一起聊市政，但多了吳鳳 Rifat來踢館。

我準備好了，十二點半準時開飯。

#柯Ｐ便當會
#吳鳳來踢館
#雙語教育
#國際化教育
臺北市教育局",256,9569,481,421,4,33,18
"54","2018-04-10T05:09:12+0000","當市長第一年時，我開玩笑說，我一年就把別人二十年可以犯的錯誤都犯完了。
　
雖然有點誇大，但嚴肅來說，很多問題還是需要被修正改進，所以我把在醫學上的RCA（root cause analysis, 根本原因分析）制度引進政治，出現問題時，不先針對個人咎責，而是分析是哪些原因導致這些問題發生，如何解決，以及避免以後再發生。
　
臺北市政府一直是媒體用電子顯微鏡關注的地方，其他縣市政府面對負面新聞，可能會想辦法處理掉新聞，但我們成立了解碼小組（decoding system），分析每一則負面新聞的前因後果，找出根本解決方法，再追蹤列管相關單位。要解決問題，而不是解決新聞。
　
幾年下來，市政漏洞越來越少，雖然偶爾還是會犯錯，但我們出錯不是先懲罰任何一個人，而是鼓勵大家修正改進。臺北市政府會建立一個允許失敗的環境，而不是搞得公務員不敢犯錯，最後乾脆不做不錯。
　
反省改進是一種文化，堅信這個理念，然後相信自己相信的東西，不管外界怎麼攻擊、怎麼抹黑抹紅，都不會動搖心志。
　
這正是我說的：「面對挫折打擊不是最困難的，最困難的是面對各種挫折打擊，沒有失去對人世間的熱情。」
　
#解碼小組
#進步價值光榮城市",3373,70266,2239,456,15,111,25
"55","2018-04-09T11:26:35+0000","重振技職教育是我們努力的重要目標。

以前，線上學習的臺北酷課雲系統只有一般傳統的學科，現在，我們把高職的美容美髮、汽車修護、生活家電、園藝等科目也拍成線上課程，同學們上網就可以接觸技職教育，這也代表我們對技職教育的重視。

我認為技職教育應該要比照日本的達人文化，把一件事情很專注的做到最好。就像葉克膜只是醫學上一個小領域，但當我們可以做到全世界最頂尖的時候，就是一項成就。

這就是a的n次方理念，只要a大於1，a的n次方就會無限大。只要每位職人都在自己的專業領域上盡力做到最好，合起來就能讓國家更強大。

#職人十堂
#臺北酷課雲
#進步價值光榮城市
臺北市教育局",143,7911,180,13,0,22,5
"56","2018-04-09T02:10:41+0000","要給年輕人機會，所以頭髮留這麼長，乾脆就讓他們剪一剪。

#職人十堂技職教育系列活動
臺北市教育局
稻江護家",215,12091,471,1497,4,99,20
"57","2018-04-08T12:09:48+0000","「社團，就是燃燒青春的地方。」

昨天，我用一個阿北的身份參加 2018 HUG Season 全國大學嘉年華，看看大學生都在社團玩些什麼。繞了一圈之後，我發現不管是街舞、魔術、桌遊、電競、滑板，只要放手讓他們去做，這些年輕人都有無限的創意，把這些東西玩得很頂尖。

就我的經驗，學校教的知識可能幾年後就沒用了，因為知識會隨著時代不斷演進，可是這些不在正規課程中獲得的人生經驗和人際關係，尤其是學校社團，反而一輩子受用。

作為市長，我很願意支持年輕人在他們的專業領域上發光發熱，也會盡量給他們機會發揮創意，不管是世大運還是臺北燈節，甚至是每年的捷運盃街舞大賽，都是年輕力量的展現。要讓新生代帶領我們，看見更多新的視野與想像。

HUG Season",300,13483,332,134,1,9,9
"58","2018-04-07T10:09:36+0000","老濟安青草藥舖是艋舺的老店，兩年前我第一次來訪，燈光蒼白單調，靠在斑駁的牆壁是生蛌瘍K架，擺滿裝草藥的鐵桶，靠著一些老顧客在維持生意。

青草茶是臺灣的生活文化，也是艋舺的特色產業，但沒有好的包裝行銷，再好的東西也只能萎縮在社會的角落，所以我要求商業處將老濟安納入老店改造計畫。

去年十月，老濟安重新開張，以吧臺設計拉近和顧客的距離，暖色調的燈光取代了過去冰冷的日光燈，青草也不再裝在塑膠袋秤斤賣，而是有商標的包裝盒，有方便泡用的茶包。在商業處的輔導之下，第三代接班人用新的創意，讓這家老店重生。

這幾年去國外參訪，看到了很多當地特色產業的呈現方式，回到國內，我們也要藉由重新裝潢、包裝、行銷，讓傳統和現代對話，尋找彼此契合的模式，來延續在地產業的生命力。

目前，萬華一帶已經有32家老店投入改造計畫，我們會繼續努力，為臺北市的觀光加值，也讓臺北成為一個優雅的城市。

#老店改造計畫
#城市博物館
#進步價值光榮城市",290,12811,294,18,0,101,9
"59","2018-04-06T08:38:03+0000","【長輩來共餐，食安掛保證】

再過3年，臺北市大於65歲以上的人口就會超過20%，高齡化加上少子化，照護人力會越來越吃緊。這就是為什麼我們要推動「老人共餐」，用老人照顧老人的方式解決問題。

老人共餐不只是吃飯而已，我們還找來體育局教大家健康操；找來衛生局接種肺炎鏈球菌疫苗、衛教、癌症篩檢；找來資訊局做了一臺「數位希望號」胖卡，教長輩如何傳Line用FB。

我們把市府各局處資源整合，除了吃飯以外，還有運動、唱歌、才藝、3C教學、接種疫苗等等附加活動，讓老人更有誘因走出家門。相互扶持，才能活得更健康、更快樂。

老人共餐的食材與衛生，也是我們關切的重點。目前的共餐據點，自設廚房佔4成，自助餐、便當或中央廚房供應佔6成。我們有專家學者組成的團隊，實地進行衛生輔導，最後再經過衛生局抽查監督，兩階段的把關，就是要確保食安。

世大運期間，衛生局黃世傑局長把關食品安全，讓1萬2千個選手隊職員都健健康康的完成比賽，相信有世大運的經驗，老人共餐據點也可以做得到。

我們要向長輩們保證，「共餐據點比在外面吃得更健康、更安全！」

#老人共餐
#食品安全
#進步價值光榮城市

---
點這裡，可以找到離家最近的共餐據點
https://tinyurl.com/y7ydbeun",391,10464,304,17,3,51,15
"60","2018-04-05T08:29:03+0000","清明連假天氣好，臺北市最近多了很多新鮮的地方，值得大家出來逛一逛，重點是，搭公車捷運都很方便。

點開照片，我來帶大家一起導覽，歡迎大家相揪一起出門走走。",199,16532,198,93,1,13,15
"61","2018-04-04T03:20:03+0000","今天是兒童節，小朋友最大，所以大人要想辦法給他們快樂的一天。

臺北市政府在這個月推出了33項社教場館跟藝文活動優惠，連假期間，小朋友可以免費進入兒童新樂園，貓空纜車也可以不限次數免費搭乘，家長沒有藉口不帶小朋友出去玩。

放下你（我）的手機，今天讓小孩子帶著大人們一起出門走走吧！

#2018臺北兒童月

-
哪些場館跟活動有優惠？
http://pse.ee/5NFJ9",137,11802,234,330,2,18,9
"62","2018-04-03T13:08:26+0000","我常開玩笑說，以前只要走進政府，五分鐘後你的熱情就耗光了，因為過去的公務體系常把簡單的事弄得很複雜，讓政府對人民最大的幫助，只剩下「不要去干擾他們」。

人民繳稅給政府，是希望政府來服務人民，而不是過度管理搞到大家沒辦法做事。

因此，讓每個有意願投資臺北的企業，從申請到開幕，都能保有他們的熱情，就是臺北市政府努力的目標。

我們推出One Stop Shop（一站式服務）的「臺北市投資服務辦公室」，不管是本土產業或是國際品牌，只要想來臺北投資開店，來到這裡申請，後續的建管、消防、執照等等，通通有人負責到好，不必讓申請者疲於奔命到處辦事。

臺北是通往亞洲市場的最佳通道，跟其他城市相比，是一個相對友善、安全、穩定的經商環境，「政府應該要從一個管理的團隊，轉型為服務團隊」，我們會在法律允許的範圍內盡量協助企業，為臺北創造更多投資的機會。

Invest.Taipei
#招商一站式服務
#進步價值光榮城市

---
ITO臺北投資入口網
http://invest.taipei/",666,25392,552,58,2,258,18
"63","2018-04-02T11:18:57+0000","我現在每天都搭公車上班，只要出門前先查一下愛臺北App，都可以準時七點半上工。

不過，雖然有App可以輔助，但大家對於公車還是有班次不穩定、轉乘不方便的刻板印象，所以去年我們建置了5條「類捷運」幹線公車，提供了捷運化的穩定班距（尖峰時刻每4到6分鐘一班），還有一致的標示識別，並享有跟捷運一樣的轉乘優惠。

這5條幹線公車運量一直在增加，從今天（4/2）開始，我們再把11條公車路線也轉型為幹線公車，這些公車的既有路線不變，但班次比以前更密集，車上還配備了動態轉乘資訊面板，不用怕坐過站或是找不到轉乘點。

16條幹線公車全面營運後，搭配1280元吃到飽的公共運輸月票（All Pass Ticket），我們會開始逐步調整公車路線，發展出更完整、更有效率的短程接駁公車路網。

「八橫八縱」幹線公車，今天起正式上線！

#幹線公車
#公車路網調整
#進步價值光榮城市

---
哪些路線今天（4/2）起變成更方便的幹線公車？
http://draw.re/5MXKU

幹線公車懶人包
http://draw.re/5MXL8

下載我推薦的「愛臺北」App
http://draw.re/5MXMT",345,19740,413,108,3,83,18
"64","2018-04-01T02:08:50+0000","#0401",1245,87000,1667,15034,17,367,43
"65","2018-03-31T10:30:00+0000","臺北市有活火山，火山爆發是有可能的。

所以除了常見的颱風、強降雨、地震、意外事故，今年我們第一次把大屯火山爆發的災害列入演練項目。先前我們已經做了幾次兵棋推演，今天則是跨軍種、跨縣市來做實兵演練。

火山不像我們想像的說爆發就爆發，而是有地震、熔岩等等先期跡象，我們已經委託學術單位研究火山爆發的預警機制，所以今天演練的重點就聚焦在災害發生前，視跡象進程來做不同程度的準備。

但事實上，火山爆發後的災害還有很多，比方說火山灰有可能讓松山機場停飛，因此未來我們還會擴大演練範圍，一步步把火山防災的SOP建立起來。

不管是颱風、地震，還是今年新增的火山爆發，我們先兵棋演習，再做實兵演練，再從實兵演習中發現新的問題，透過滾動式修正，讓我們的SOP更加完備。

準備好面對各種災害，才能把可能的傷亡降到最低，讓臺北市真正成為宜居永續的城市。

#火山災害防救演習
#進步價值光榮城市",173,12891,205,29,2,128,12
"66","2018-03-31T05:10:14+0000","要改變一個國家的性格，教育是最快的方法，而教育不應該只是知識的體驗，更應該是生活經驗的傳授。

我們推行的「小田園教育」，不是教學生如何種菜而已，也包括訓練團隊合作、體驗生命教育、了解食農教育，甚至處理廚餘的環保議題、田園美學等等。

以前的人說「沒吃過豬肉，也看過豬走路」，現在大家都在水泥叢林中成長，看過豬走路的反而比較少。我記得念臺大醫學系時，有同學跟我出遊途中，問我「為什麼那些草種得這麼整齊」，我看了回答他「那些是水稻田」，這代表過去的臺灣教育是和生活經驗脫節的，這不是我們想要的教育。

我們要用田園教育，讓人類重新跟大自然連結，對食物的認識不再只是包裝過後的商品。我們期望以後的社會是什麼樣子，現在就要導入什麼樣的教育。

#田園城市
#小田園教育計畫
#進步價值光榮城市

---
田園城市網路平臺
http://farmcity.taipei/

攝影／潘俊霖",289,14514,340,115,1,18,16
"67","2018-03-30T05:30:49+0000","不管藍綠統獨及各種社運，臺灣必須成為一個法治的國家。",379,28870,543,157,20,78,747
"68","2018-03-29T11:34:41+0000","未來30年，臺灣不可能有三級貧戶當上總統，因為貧富在目前的社會已經世襲。如果一個小朋友沒有網路、手機、電腦，他根本沒有機會和人競爭，這個局面必須打破。

我常說，即使在資本主義的社會裡，有兩項東西要社會主義，一個是醫療，另一個就是教育。臺灣現在已經有健保，醫療平權差不多達到了，但教育平權要努力的空間就很大。

這就是為什麼要推動教育E化，3年內，我們要讓臺北市所有國小、國中、高中全面建立免費網路、E化教室，每一個學生有平板或其它移動載具 （mobile device）。我們已經把每一科的課程都拍成影片上網（臺北酷課雲），還要繼續精進。將來，每一位孩子只要願意學習，都有載具可以連接網路，透過「酷課雲」自我學習。

未來的世界，知識都在網路上，但如果一個小朋友沒有網路、電腦跟手機，學校又不給他這些東西，他要如何與其他人競爭？所以透過網路建立教育平權，是我們很重要的政策。

教育E化計畫，就是要給貧苦的孩子們留下一個翻身的機會。

#教育E化
#進步價值光榮城市
臺北市教育局",820,21844,549,44,33,152,28
"69","2018-03-28T04:40:34+0000","今天找來北市府兩位「老文青」：文化局鍾永豐局長、小野老師，一起吃午餐，撒花生，聊城南！

#柯Ｐ便當會
#北市府老文青來了
#聽說便當也很文青
TMS 臺北市影視音實驗教育機構",169,7775,506,468,6,33,28
"70","2018-03-27T09:20:22+0000","看到這支影片，就想到以前在台大當醫師時，整天都在醫院工作，回到家時小孩子早就睡了，陪伴小孩的工作都交給岳父母。

不過，小孩的成長只有一次，所以如果可以的話，還是盡量抽空陪陪孩子，4月是小朋友的專屬月份，臺北市教育局推出了「兒童月」系列活動，不只有好玩的闖關與園遊會活動，可以帶著小孩從玩樂中學習，還有很多博物館、場館可以免費入場。

4月，讓孩子帶著我們一起出去玩吧。

---
「2018臺北兒童月」系列活動
https://goo.gl/e3kW2r",1136,17871,720,42,324,22,13
"71","2018-03-27T02:00:06+0000","今天是今年度最後一次行動市政會議，我們來到熱鬧的中山區開會，全新的「心中山」中山雙連帶狀公園、圓山自然景觀公園，以及北美館第二期計畫，我們都會在直播中跟大家報告。

#直播搶答還有禮物可拿
#行動市政會議",89,3695,175,35,2,14,15
"72","2018-03-25T10:54:53+0000","#小常識

很多人不知道臺北的「城南」在哪裡，我來告訴大家。

大稻埕和艋舺是台北發展最早的兩個地方，在它們中間蓋了一個臺北城。簡單來說，所謂的城南就是「南門以南」的地方，現在的南海路、汀州路，古亭、公館一帶，都算是「城南」。

這裡有老臺北人約會最愛去的植物園跟歷史博物館，古色古香的菸酒公賣局和紀州庵，文青愛逛的牯嶺街小劇場與舊書店，好吃的金峰滷肉飯跟建中黑糖冰，喔對了，還有陳佩琪常常去買菜的南門市場。

這裡有文學、藝術、古蹟，還有美食，非常值得大家在春暖花開的時候，花一整天的時間在這裡閒晃，享受城南的人文風景，所以我們跟中華文化總會合作，推出「城南有意思」系列活動，用各式各樣的活動，帶大家重新認識這一座沒有圍牆的「城南博物館」。

現在來城南，白天有杜鵑花可以看、晚上有寶藏巖光節可以逛，還有文總的「城南有意思」，趁最近天氣好，快點一起過來城南賞花賞景曬太陽！

#城南有意思
#2018臺北杜鵑花季
#2018寶藏巖光節

（影片顯圖攝於牯嶺街舊書局）

---
城南有意思
https://goo.gl/66TjZc

2018臺北杜鵑花季
http://2018.azalea.taipei/

2018寶藏巖光節
https://goo.gl/4tFfqU",383,10117,239,84,0,22,12
"73","2018-03-25T01:58:10+0000","今天來臺中，天氣不錯，謝謝林佳龍市長帶我來逛逛全新的綠川。",155,10255,342,149,6,40,30
"74","2018-03-24T12:27:25+0000","要讓臺北成為一個優雅的城市，我們規劃了「臺北花系列」，不是連續劇的花系列啦，而是每一個季節，在臺北都有不同的花可以觀賞，讓幸福的感覺可以持續。

從每一年的年底開始，有士林官邸的菊花展、內湖樂活公園的夜櫻祭、陽明山的茶花展、士林官邸鬱金香花展。3月起則是重頭戲：陽明山花季、城南杜鵑花季，竹子湖海芋季接力登場，是整個「花系列」的高潮。

大家到東京會去看櫻花、到阿姆斯特丹會去看鬱金香，而每年3月盛開的紅白相間杜鵑花，不只是臺大的校花，也是臺北的市花，所以我們花了很多心思，把城南地區的大小活動跟杜鵑花結合，大家可以一邊賞花，還可以一邊聽歌、野餐。

我們現在辦活動，都要在地化、國際化、產業化，要結合在地特色，做到國際水準，還要帶動周邊的產業，活動結束後，還會檢討周邊的商家有沒有賺到錢，人流就是金流，用活動促進經濟發展。

總之，這個週末看起來天氣很好，大家一起搭捷運、騎YouBike，到臺北市的每個角落，尋找美麗的杜鵑花，順便買東西刺激消費！

#2018臺北杜鵑花季
#臺北花系列
#進步價值光榮城市

---
哪邊可以賞花？
http://2018.azalea.taipei/flower.php

看更多杜鵑花季活動
http://2018.azalea.taipei/action_list.php",132,6774,157,54,0,11,11
"75","2018-03-24T05:18:46+0000","研考會的民調顯示，環保一直是臺北市民最滿意的施政項目，滿意度高達8成。

其實環保不只是把市容弄得乾淨就好，還包括降低空污、垃圾減量，節能減碳等等，我們要讓環保的觀念深植人心，讓臺北成為一座宜居永續的城市。

例如這兩年開始試辦「禁用一次性及美耐皿餐具」，我們由內而外、由公而私來推動，從公家機關和學校先做起，雖然一開始抱怨很多，但試辦一年後，垃圾明顯少了一大半，現在民間企業紛紛響應，連夜市、大學都要跟著推動，效果非常好。

除了垃圾減量、減塑之外，愛地球還有很多種方式，今天晚上八點半到九點半，大家可以來響應「地球一小時」的活動，跟著全世界一起關燈一小時，做環保之餘還可以在黑暗的環境下好好思考人生，不想思考的也可以趁機出門走走或補眠。

總之，歡迎大家一起做一件支持環保的事情！

#宜居永續臺北城
#2018地球一小時
　　
---
看更多活動內容
https://goo.gl/BXBz79",150,6794,175,9,0,23,12
"76","2018-03-22T09:00:00+0000","我們有一個政策：要在最短的時間內讓銅板、紙鈔從臺北消失。這代表我們發展電子商務的決心，悠遊卡連結金融帳戶、提供自動加值，是我們重要的一大步。

以前只有悠遊聯名信用卡可以自動加值，一般的悠遊卡還得拿著現金到機台儲值。從現在開始，一般的悠遊卡只要記名，接著到銀行申辦，就能與銀行帳戶連結，消費餘額不足的時候，就可以自動加值完成交易。

悠遊卡是全臺灣第一家可以綁定金融帳戶的電子票證，服務開通之後，家長可以幫小朋友綁定帳戶，子女也可以幫長輩綁定他們的敬老卡，而且帳戶有錢才能自動加值，不用怕刷太多變卡奴。

另外，為了對抗空氣污染，現在用悠遊卡在全台灣搭乘大眾運輸，每搭5次就送1點UUPON紅利點數，「週五綠運輸日」則是每搭1次就送1點。搭越多，UUPON點數就越多，還可以拿這些點數換儲值金，到超商、賣場兌換商品。

悠遊卡的一小步，台灣的一大步。

#智慧金融
#悠遊卡連結金融帳戶
#進步價值光榮城市

---
如何將一般悠遊卡綁定金融帳戶？
https://goo.gl/ALSKZ7

教你如何用UUPON點數換現金
https://youtu.be/sgjMBOZom-s",525,19185,408,34,8,288,32
"77","2018-03-21T11:25:13+0000","賴清德院長巡迴下鄉，今天來到最後一站臺北市。

對北市府而言，這幾年省吃儉用、吃苦耐勞，錢的問題還好，自己可以處理的問題也不用麻煩中央。但法規面的整合，尤其是跨部會的協調，還是需要中央的協助。

比方說長照2.0，臺北市資源多，願意先行試辦，但常常受限於法規而被卡到，因為法律有一體適用的原則，既然是先行試辦，遇到舊有法律就覺得格格不入。另外，還有一些需要跨部會協調的問題，常常就是這些小障礙，累積起來讓整個政府卡卡的。所以這次藉著中央和地方交流的機會，把問題拿出來共同討論。

賴院長過去是醫師，也當過縣市首長，務實是我們兩個的共通點，謝謝今天有這個機會可以一起面對問題、解決問題，讓政治落實在人民生活的每一天。",98,12568,231,27,8,59,18
"78","2018-03-20T10:17:10+0000","YouBike即將突破一億人次使用。

它不但是臺北市的驕傲，更是臺灣共享經濟的成功範例。到現在已經上路9年了，仍然好騎而且不生蛂A代表台灣自行車工藝技術的水準相當高。

感謝郝龍斌市長當年推動這項政策，更在市府同仁持續的努力之下，去年底我們完成了400站、1萬3千臺的目標，建立一個完整的YouBike系統。

現在我們把YouBike當作公共運輸的一部分，除了使用All Pass Ticket有前半小時免費之外，下個月開始（4月1日起），轉乘優惠也將正式上路，只要搭捷運跟公車一小時內使用YouBike，就可以享有前30分鐘免費。騎YouBike後一小時內轉搭公車捷運，票價也可以省5元。

除此之外，敬老卡每個月480元的點數，下個月開始也可以用來使用YouBike，鼓勵長輩走出戶外，讓他們更健康、更快樂。

首都生活圈的公共運輸，捷運和幹線公車是最底層，第二層是公車路網，最上層則是YouBike跟步行，我們希望建構一個完整的公共運輸系統，來有效改善臺北的交通。

在YouBike的成功經驗之上，我們也正在逐步建置 U-Motor（共享電動機車）、U-Car（共享電動汽車）、U-Parking（共享停車位），進一步推動臺灣的共享經濟。

#YouBike突破一億人次
#進步價值光榮城市
YouBike大台北粉絲團｜臺北交通大家談｜智慧臺北 幸福生活",333,20963,484,89,2,54,9
"79","2018-03-18T11:07:51+0000","1993年我到美國明尼蘇達大學進修時，當時最熱門的電視節目是大衛萊特曼的脫口秀，裡面每一個單字我都知道，但總是搞不懂一旁的同學在笑什麼。

因為我們唸的都是教科書英文（Textbook English），結果會讀會寫，但和日常生活脫節，往往聽不懂、也說不好，溝通時還要在腦袋先「英翻中，再中翻英」。

其實學習語言，環境很重要，而且最好是從小開始，所以去年開始我們在文昌、東新國小試辦雙語教學，不只增加英語課更，直接用英語來教體育、美術、音樂等等科目，讓英語更生活化。

一年下來，9成以上的家長贊成繼續推動，學生滿意度超過7成，更重要的是100%的老師支持，讓我們有信心。下個學年度，我們要再增加3所國小、1所國中試辦雙語教學。

要走向國際化，雙語教學是重要基礎，所以我們會每半年做一次滾動式檢討，逐步修正、持續推動，直到所有學校實行雙語教學，讓台北成為一座真正的國際城市。

#雙語實驗教學
#進步價值光榮城市",325,13469,274,24,3,86,4
"80","2018-03-17T04:36:12+0000","1280元吃到飽的All Pass Ticket正式預購後，收到大家很多寶貴意見，我們在這邊跟大家再次說明。

事實上，這個吃到飽定期票的政策，我們花了2年時間協調跟精算，並做好前置的準備作業。

這段期間，我們加強捷運的商業化，增加業外收入；我們也讓路邊停車全面收費，增加停車收入。用這些收入，來補貼公共運輸的支出。

這個交通戰略的邏輯，是透過路邊停車全面收費，符合使用者付費的原則；然後增加的收入，再補貼公共運輸的支出，一方面減少了自用車，一方面則是鼓勵公共運輸。

此外，過去捷運的主要收入是車票，這幾年我們增加場站的廣告收入，以及商店的營業額，業外收入增加不少，不只降低票價上漲的壓力，還可以拿來補償公共運輸的支出。

All Pass Ticket上路之後，下一步就是公車路網重整，以前接駁公車里程短還要多收一段票價，沒有人想搭，現在吃到飽上路之後就沒有這個問題了。我們會以捷運、幹線公車為基礎，重整公車路線。

台北市的交通政策基本原則，就是共享、綠能及E化，共享就是共同使用大眾運輸，吃到飽定期票只是第一步，卻是很重要的一大步，只有夠提高公共運輸的使用率，台北市的交通才有希望。

#公共運輸定期票 
#1280元吃到飽 
#進步價值光榮城市

---
如何預購All Pass Ticket
https://goo.gl/UXRou9

攝影／潘俊霖",1130,50952,1397,64,6,174,14
"81","2018-03-14T11:13:22+0000","流標5次、中間一度發生弊案的雙子星大樓，在這個月底要重新上網招標了。

經過3年下來的努力，以北門為中心的西區門戶計畫幾乎已經完成。上任的第一天晚上，我們拆除了忠孝西路公車專用道；利用過年期間，以6天時間拆掉忠孝橋引道，讓北門重見天日，並修建北門廣場；移走國光客運站，開闢台北行旅廣場和公車彎；重建三井倉庫，也編了預算拆除北門對面的舊屋並調整北平西路。

過去只是口號的「軸線翻轉、舊城復興」，現在已經正式實現。在經過這些努力之後，雙子星大樓重新招標應該會更有賣相。

除了硬體的改善，我們還引進了軟體，連續兩年在這裡舉辦的台北燈節，也為西區帶來更多商機，不只西門町生意變好，連後火車站的台北地下街生意也成長了7成。

雙子星大樓蓋好之後，必須要帶動後火車站區域的發展，所以我已經要求都發局在最短的時間，完成後火車站區域的都市計畫通盤檢討，讓雙子星一舉解決這裡的都市發展和都更問題。

這一次，我們會以公開透明的態度來處理雙子星大樓招標事宜，把所有資訊公開，包括每次開會的會議紀錄。只要沒有私心，公開透明，專業問題、專業解決，很多事情就會單純很多。

西區門戶計畫的最後一塊拼圖，很快就可以完成，我們繼續努力。

#C1D1開發案
#西區門戶計畫
#進步價值光榮城市",381,14280,363,30,2,99,11
"82","2018-03-13T09:46:04+0000","【為什麼我們要推1280元吃到飽定期票？】

過去20年，台北市的機車、小客車一直增加，但是道路面積並沒有增加，就算現在交通號誌智慧化、交警加強上崗，要讓交通狀況不變壞都很吃力。唯一可以有效改善交通的方法，就是提高公共運輸的使用率。

台北有完善的捷運路網、公車系統、YouBike，剩下的問題只是如何讓公共運輸發揮最大效能。在同仁們兩年來不斷的溝通、協調、精算之下，今天起，「All Pass Ticket」公共運輸定期票終於可以開始預購：

30天只要1280元，就可以無限搭公車、捷運，並享有Youbike前半小時免費。

首都生活圈的民生問題，需要雙北市政府的通力合作，所以特別感謝朱立倫市長和新北市政府，不分色彩黨派，和我們一起合作推動這個政策。

All Pass Ticket是大台北地區整體交通戰略的基礎，接下來八橫八縱的幹線公車在四月上路，公車路線也要重新調整。加強公共運輸效率，給大家方便，才會有更多人願意加入公共運輸的行列。

跟我一起天天搭公車、搭捷運通勤的人，請現在起就去預購一張吧！

台北捷運｜公車禮貌心運動｜YouBike大台北粉絲團｜臺北交通大家談｜智慧臺北 幸福生活
#市政問答題
#公共運輸定期票  
#1280元吃到飽  
#進步價值光榮城市

---
怎麼在售票機預購All Pass Ticket
https://tinyurl.com/ya6eqvt3

有問題看這裡
https://tinyurl.com/y74joamy",2399,70206,2006,93,3,361,20
"83","2018-03-13T04:33:00+0000","今天中午，社會局許立民局長來找我吃便當，大家也一起來邊吃午餐邊聊市政吧。
 
#柯Ｐ便當會
#師徒真心話",268,10529,500,590,6,43,15
"84","2018-03-11T13:42:55+0000","要拿第一名，需要天份、運氣，更需要努力；而要連續兩年第一名，就需要非常非常努力。

恭喜台北市立松山高中的孩子們，一路打上來，連續兩年撒下綠色彩帶，拿下HBL高中籃球聯賽冠軍。

我也要鼓勵同場的能仁家商籃球隊，拼戰到最後一秒，全場威脅「綠色神盾」，大家共同完成了一場精彩的比賽。

運動最感人的就是大家熬過努力訓練後，拼盡全力、永不放棄，冠軍賽結束後，很多人都有感而發哭了，正是因為這份最真實的感動，讓HBL這麼多年來一直受到大家歡迎。

明年，大家再熱血一次！

臺北市教育局",184,18755,341,40,1,20,6
"85","2018-03-09T02:19:54+0000","今天來開平餐飲學校學怎麼煎牛排，用英文學，希望最後有熟。

#創新實驗教育
臺北市教育局
KPCS 開平餐飲學校

---
台北市創新實驗教育4分鐘紀錄片
https://goo.gl/NfvbWT",183,6367,251,567,2,36,8
"86","2018-03-08T09:00:00+0000","【二備金不等於市長小金庫】

目前的政府預算制度，大概在5、6月時就編列預算了，如果議會準時通過，理論上隔年的1月1日就可以開始執行。

但是如果在6月之後突然有一個政策想執行，在目前的預算制度下，要等明年再編預算，最快要等到後年的1月1日以後才能執行。

所以第二預備金的目的，在於如果政府有臨時業務，不用再等一年半的時間，可先用第二預備金來支應來提高施政效率。另外，極端氣候跟新興傳染疾病的威脅，也需要二備金來應急。

過去一年來，我們利用二備金增加老人共餐據點，擴大敬老卡使用範圍（可搭捷運、騎Youbike），整修北投中心新村，補助免費接種兒童輪狀病毒疫苗、老人肺炎鏈球菌疫苗，辦理購物塑膠袋與專用垃圾袋兩袋合一，建置台北車站智慧化系統，增購動態智慧型公車站牌，設立幹線公車<U+22EF>等等。

也許動支上還有可以改進的地方，但這些成果，代表我們很謹慎的使用每一筆人民的血汗錢。

第二預備金不應該像過去一樣，被認為是市長個人的小金庫，即使沒有議會的事前監管，也要自我要求謹慎使用。使用二備金的態度，正是建立新的政治文化的開始。

#建立全新政治文化
#進步價值光榮城市

---
106年度二備金動支數額明細表
https://tinyurl.com/ybdzy98r",440,21451,515,39,5,131,11
"87","2018-03-06T11:55:36+0000","不同個性、不同能力的孩子，卻接受同樣一套教育，考同一張考卷，這並不合理。因此，「實驗教育」是柯P新政當中很重要的一環。

寶藏巖的「台北影視音實驗學校」是我上任後第一個推動的實驗教育項目，我最近走了一趟，發現學生們都有很高的學習熱忱，不論拍片還是繪圖，表現完全不像是只有15歲左右的孩子。

坦白說，創新求變、多元開放，這是台灣唯一的出路，因為這個世界瞬息萬變，不會變的東西只有化石而已。台灣是一個小國，沒有資源，只有人才，所以我們應該教孩子未來需要的東西，讓他們具備創新和自我學習的能力，而不是訓練他們成為一模一樣的產品。

過去三年，我們已經為台北的實驗教育打下基礎，研考會的民調顯示，有7成的市民支持，未來，我們會在四個原則之下繼續推動實驗教育：

<U+2611><U+FE0F>水平擴充交流：鼓勵一般學校釋出空間給實驗教育使用，降低租金。
<U+2611><U+FE0F>垂直上下整合：開闢從幼稚園到高中的「實驗教育一條龍」。
<U+2611><U+FE0F>民間先行：鼓勵民間發展創新的實驗課程。
<U+2611><U+FE0F>資通訊：讓大數據和AI等科技應用於實驗教育。

我們要讓上學變成是一種享受，讓孩子從更多元的實驗教育課程中，學到未來需要的東西，這就是一種進步價值。

#創新實驗教育
#進步價值光榮城市
臺北市教育局",1766,14243,539,13,4,126,8
"88","2018-03-05T11:00:00+0000","今年的台北燈節落幕了，雖然資源有限，但市府同仁和策展單位都拼了，每一盞燈、每一座裝置藝術，我們都用最大的誠意，希望能讓大家都感受到滿滿的幸福。

讓我們用三分鐘，回味這九天的幸福，看見西區最美的一刻。

台北旅遊網-2018臺北燈節
智慧臺北 幸福生活",451,14099,441,20,4,79,10
"89","2018-03-04T11:58:40+0000","今晚，台北燈節就要告一段落，榮耀歸於所有辛苦的無名英雄們。

很多公務員為了彩排昨晚的燈節大遊行，拼到凌晨三點；為了環境整潔，環保局同仁們守在每一個垃圾桶前，協助民眾分類；負責交通與治安的警察，也相當辛苦，堅守崗位直到燈節熄燈的最後一刻。

感謝再感謝，除了感謝還是感謝，你們的努力，成就了這座光榮城市。

台北旅遊網-2018臺北燈節",153,24062,617,12,3,43,7
"90","2018-03-04T04:32:20+0000","過去公園裡的遊戲場，我們以為把跟罐頭一樣千篇一律的遊具擺上去就可以了，事實上玩這些遊具身體不會更健康，但頭腦會更簡單。

現在我們要把「共融式遊具」引進公園，我們讓當地居民與專家一起討論，接著找台灣本土的設計團隊來設計，讓每一座遊具都有獨特的主題與在地特色。

共融式遊具最重要的目標，就是讓0到99歲都可以玩在一起，這一次全新啟用、佔地兩千坪的花博公園舞蝶共融遊戲場，我們還裝了台灣第一座「輪椅鞦韆」，讓身障朋友也可享受盪鞦韆的快樂。

起初我也不懂什麼是共融式遊具，在議員質詢之後，我找了社會局許立民局長一起研究，從中我也學到一課：「設計是要花錢的」，台灣有很多優秀的設計人才，我們應該要用公共工程來培養台灣的設計能量，給他們更多舞台發揮。

目前我們已經蓋好17處共融式遊戲場，明年底前要達到31處，每區至少都要有一座。

大家不用再羨慕國外有這麼多好玩的遊具可玩，從現在開始，台北市的公園遊具會更有創意。

#進步價值光榮城市
#共融式遊戲場
#全台首座輪椅鞦韆
工務話台北

---
花博公園舞蝶共融遊戲場
https://www.travel.taipei/zh-tw/featured/details/13758",4126,41137,1763,121,1,240,10
"91","2018-03-03T11:30:08+0000","今天晚上七點半，搭捷運來北門廣場，打開你的手機燈光，帶著你的小提燈，跟我一起在中華路點亮一隻超大的幸福小狗，一起幸福夠夠！
　
#無法來現場就看我的直播
#愛你愛妳幸福點燈
台北旅遊網-2018臺北燈節",310,9573,907,289,7,89,26
"92","2018-03-02T10:15:36+0000","【用燈節拉近世代距離】
　
如果說世大運成功提升了台北人的光榮感，那麼在西區舉辦台北燈節的成功之處，就是拉近了世代間的距離。
　
不管是幾零年代，西門町一直是每個台北人年輕時的共同記憶。雖然以前年輕當醫師時沒去過幾次，但當市長後，常常在這裡被年輕人的創意嚇一跳。無論是潮文化還是宅文化，只要給他們自由揮灑的空間，都能端出很驚艷的成果。
　
今年的燈節團隊在傳統的節慶中，加入很多現代的巧思，把每個世代串連在一起。年輕人在掛滿紅白顏色傳統花燈的「登龍街」上，拿起手機拍照打卡；長輩們則是跟年輕人一起在中華路上賞燈，回味當年在西門町與中華商場的年輕歲月。
　
不同世代，都能在這裡尋找屬於他們的幸福。
　
尤其現代科技當道，常常看到面對面的兩個人，只顧著滑手機卻不肯抬頭交談。如果可以用一個節慶活動化解冷漠，重新找回人與人之間的溫度，這就是我們辦燈節的最大意義。
　
明天，我們還有驚喜要送給大家，除了精彩的封街的大遊行，遊行結束後，我們也要邀請市民朋友，跟我一起在中華路上打開燈光，用燈海點亮一隻超大型的幸福小狗，一起留下今年燈會最美的畫面。
　
祝大家元宵節快樂，吃完湯圓，把握燈節最後兩天，大家一起到西門、北門，一起幸福夠夠！
　
台北旅遊網-2018臺北燈節
https://2018.lanternfestival.taipei/

---
「幸福GOGO 狗然厲害」踩街大遊行
時間：3/3（六）PM 5:20
地點：中華路一段、武昌街口出發，往西門主展演區前進

「愛你愛妳 幸福點燈」
時間：3/3（六）PM 7:30
地點：北門廣場旁中華路上

#明晚點燈活動會在臉書上全程直播
#請務必搭乘大眾運輸前往現場
交通管制資訊 https://goo.gl/xQZ261",116,8545,172,30,1,9,9
"93","2018-03-01T09:43:11+0000","決定政策有三個要素：民意、專業、價值。進入網路時代之後，讓直接民主變成可能，iVoting就是表達民意最簡單的方法。只要有手機或電腦，網路，再加上電子郵件帳號，你就可以對政策表達你的看法。

iVoting真的很簡單，真的很簡單，真的很簡單，但幕僚說現在就算講三次，大家也不會有感覺，所以我又在市長室開了一堂「iVoting小教室」，教大家怎麼輕鬆iVoting。

3月12日前，不管你是否支持動物園增加不對外開放的時間、讓熊讚Bravo和他的朋友們可以睡到自然醒，你都可以上來投一票，投票後還有千項大獎可以抽，家裡有缺東西的都可以來抽，不拿白不拿！

#請小編不要幫我亂取電子郵件帳號
#iVoting真的很簡單

---
趕快上來投一票！
https://ivoting.taipei/",636,17849,382,1383,2,31,25
"94","2018-02-28T07:45:11+0000","蔡總統、賴院長、二二八受難者與家屬、各位來賓、媒體朋友，大家好。

1947年發生的二二八事件至今已經71年，二二八事件對受難者家族造成的衝擊和傷慟不言而喻，因此面對這段傷痛的歷史，我個人特別有感觸。今日出席這場紀念儀式，除與在場各位家屬及來賓共同追悼二二八事件，也期望這個事件對台灣社會造成的傷痕能夠獲得解決。

我最近與兩位諾貝爾和平獎得主談話，領導波蘭團結工聯推翻共黨政府的華勒沙，以及協助突尼西亞在茉莉花革命之後成功轉型成民主國家的梅沙悟德<U+30FB>荷穆達尼，我問兩位先生關於轉型正義的問題，如何化解內部衝突，讓國家走向民主自由之路？兩位的答案竟然相同，那就是「和平對話」。

以二二八事件為例，71年過去了，當年的加害者和受害者多已過世，而受害者的後代心中有傷痛，加害者的後代心中也有陰影，但因為缺乏和平對話機制，轉型正義遲遲未能落實，導致長期以來國人無法坦然面對歷史，共同迎向未來。

我相信面對問題是解決問題的第一步，最近，「促進轉型正義條例」立法通過，將威權統治時期，違反民主自由憲政秩序之行為，以該條例處理。對於二二八的受難者家屬而言，揭露事件之真相應屬當務之急，個人期望所有相關資料盡速完全公開，然後動員政府機關、學術單位以及民間團體進行研究調查，使二二八事件可以公開透明，讓受難者家屬信服，也讓社會大眾瞭解，成為臺灣深刻的歷史教訓。能共同面對歷史真相和平對話，才能避免未來再發生同樣的錯誤，也才能處理現在的共同問題，走向彼此共同的未來。

我們只有一個臺灣，臺灣是我們唯一的家，家人雖偶有意見不合、吵吵鬧鬧，但面臨困難、遇到挑戰，也總能互相扶持、共渡難關。所以，讓我們保持著正面的態度，奮發的精神，發揮臺灣人的特質與優勢，我相信唯有團結的臺灣，大家共同努力面對挑戰，我們才有希望與未來。

最後，敬祝在座各位貴賓身體健康，闔家平安！",174,14049,433,14,359,25,31
"95","2018-02-27T04:33:29+0000","人生中，我幹過最瘋狂的事就是一日雙塔。

一日雙塔不是一天吃兩個蛋塔，而是從台灣最北端的富貴角燈塔，一日之間騎到最南端的鵝鑾鼻燈塔，要完成這段長達520公里的考驗，秘訣是必須從根本忘掉失敗。

在富貴角燈塔踩踏下去的那剎那，雨下得很大，你問我有無把握騎到鵝鑾鼻，坦白說我也不知道，因為之前我從來沒騎過，怎麼會知道？但是不試怎麼會有機會？

我常笑說，當時很像電影「阿甘正傳」的跑步場面，一開始是一個人騎，到最後跟騎的人很多，路邊圍觀的更多，竟然有超過一百萬人盯著GPS地圖上的那顆紅點在移動。

慢跑跟長途自行車一樣，都需要意志力才能達成。現在，也有一群年輕人舉辦「阿甘盃公益路跑」，就是希望讓這樣的阿甘精神可以延續下去，鼓勵所有用意志力克服身體不便的身障跑者，可以跟大家一起奔跑。

參賽者不只可以鍛鍊自己，每個人每跑一公里，主辦單位還會捐出5元給視障團體，邊跑步運動邊做愛心，讓身心都健康。

攝影／潘俊霖

---
第九屆阿甘盃公益路跑
日期：2018/04/28（六）
主辦單位：社團法人台灣阿甘精神發展協會、台北市力行國際青年商會
報名網址：https://goo.gl/jZmLL6",740,49967,996,934,2,114,12
"96","2018-02-25T12:12:05+0000","以前，小孩滿周歲時有「抓周」的習俗，因為對小孩的未來有所期待，所以才會透過這種儀式，希望預知兒女的未來。

到了現代社會，職業的選擇越來越多，抓周也慢慢變成趣味性的傳統活動，為了延續這項傳統文化，我們在歷史悠久的林安泰古厝民俗文物館舉辦常態性的抓周和收涎活動，過去3年，已經有超過6800個家庭參加，非常受到大家歡迎。

當然，不是抓到什麼，人生就一定會成為什麼。就像我曾經告訴我的學生，「You are what you do」，如果想要出人頭地，還是要非常努力。

我也要特別感謝這些陪孩子們來抓周收涎的家長們，謝謝你們讓新生命得以延續，台北市政府也會繼續努力，用多樣化的托育政策，讓大家都敢生敢養。

---
多樣化托育政策看這邊
https://goo.gl/9emZ6E

林安泰古厝「抓周收涎」活動線上報名
http://www.linantai.com.tw/chou.html",102,8655,210,107,1,12,5
"97","2018-02-25T04:09:20+0000","【為什麼我們要在西區辦燈節？】

上任第一年，台北燈節的「福祿猴」太有創意，結果被K慘了。第二年，觀傳局的科長提出在西門町辦燈節的想法，還要封街辦遊行，每個長官想到前一年的燈節，都面有難色。

我問她為什麼有這個想法，她說「公務員應該要創新」。我說我當了兩年市長，第一次聽到有公務員說要創新，當下就回她，「孩子，你想幹什麼都可以！」

就因為要「創新」，我們把燈節從花博園區搬來西門町，小奇雞、林默娘、日珥雞、超人雞，這些有特色有創意的燈具，創造了去年讓幾十萬人感動的台北燈節，讓傳統的節慶變成藝術嘉年華，不同的世代，卻有一份共同分享的回憶。

今年，我們在西區延續這樣的感動，而且我們找來更多的年輕人一起合作，寬闊的北門廣場也落成了，這裡將會是我們的第二主場，去年世大運的聖火台，也會在這裡重現風采。

現在，歡迎大家一起來北門、西門走走，白天逛街逛古蹟，晚上逛燈節，一起幸福夠夠！

#市政問答題
智慧臺北 幸福生活
台北旅遊網
https://2018.lanternfestival.taipei/",430,27602,624,59,3,130,5
"98","2018-02-24T12:38:03+0000","不小心抓了一下頭，被網友說是皮卡丘跟可達鴨。

#這隻鼻子不能彈
#台北燈節今天登場
#不用再等燈了
台北旅遊網-2018臺北燈節
https://www.instagram.com/p/BflFacmAZEq/",323,26738,495,7324,1,35,15
"99","2018-02-23T04:04:02+0000","【倒數一天，不用等燈了】

三隻可愛的「幸福魔力狗」這一兩天已經開始發光試燈了，大家發現了嗎？

不只有這三隻小狗，今年的台北燈節有很多驚喜要給大家，有更多的年輕人與創意投入，還要把整座西區打造成一個大型的「街頭音樂廳」，明天晚上開始，不要再「等燈」了，快把你的好朋友揪來北門跟西門町，一起來逛全台灣最潮的燈節。

啊記得，搭捷運來逛燈節最方便！

攝影／潘俊霖
台北旅遊網-2018臺北燈節

---
2018台北燈節－開幕點燈儀式
時間：2/24（六）18:00－19:30
地點：捷運西門站
看更多：https://2018.lanternfestival.taipei/
交通管制資訊：https://goo.gl/nTvkuf",263,10300,209,95,3,26,3
"100","2018-02-22T13:02:01+0000","陽明山花季從民國60年開始，一直是台北的招牌觀光活動。今年一樣有漂亮的杜鵑與櫻花盛開，每天晚上六點到九點也有美麗的夜櫻可以看，也規劃了踩街、音樂會等活動。

來這裡不只是賞花，還有美軍宿舍、中山樓、林語堂故居這些充滿歷史的地方可以逛一逛。反正來到陽明山，即使沒事坐著發呆也不錯。

公園處拍了一部很像偶像劇的宣傳片，讓我覺得台北市的公務員跟以前不一樣了，連拍影片都越來越有質感，雖然這種愛情片對一個阿北來說有一點肉麻，但大家看了開心就好，希望開春可以帶給大家更多幸福。

不過，請千萬記得上山看花不要開車，一定要搭公車！

工務話台北

---
陽明山花季
時間：2/22－3/25
地點：臺北市北投區陽明公園、前山公園
官網：https://2018.yms.taipei/zh-tw
交通管制資訊：https://goo.gl/wMGvAu
#請搭乘大眾運輸工具上山賞花",430,9355,271,119,3,22,3
"101","2018-02-21T11:30:19+0000","春節後的第一個上班日，市長室會議一樣準時七點半上工，大家一起為這座城市繼續努力。",59,12304,221,42,4,74,3
"102","2018-02-20T12:08:22+0000","現在年輕人越來越少使用臉書，而是訂閱Youtuber，去年世大運蔡阿嘎和我拍的影片突破三百萬觀看數，我就知道這個平台上的創作者廣受大家歡迎。

今天邀請他們來市政府，聽聽看他們在工作上有什麼困難，我們可以來幫忙。我常說，政府不會比業界更了解市場，在這個自媒體蓬勃的時代，只要建立對創作友善的環境，就能鼓勵他們繼續發揮創意與軟實力。

幕僚準備了一人一張跟他們有關的春聯，請我送給他們，雖然有些我也看不懂到底在寫什麼，但我看大家拿到的時候都蠻開心的，過年嘛，開心就好。

年假到了尾聲，明天要開始上班了，雖然我好像沒有休息過，但還是希望大家過年都有吃飽睡好，明天精神飽滿再出發！

#由左而右依序Tag
廉傑克曼｜How Fun 如何爽｜好倫｜走路痛 WalkTone｜Mom & Dad｜我｜六指淵 Huber｜呱吉＆上班不要看｜囂搞 Shaogao",375,22640,501,1554,0,53,8
"103","2018-02-19T12:05:03+0000","狗年到，動物之家的小狗們也需要大家的關注。

自從實施零撲殺政策後，動物之家收容的毛小孩數量不斷上升。大家可以想像一下，即使人長期被關在一個狹小密閉的空間，生活品質一定很差，狗也是一樣。

面對越來越多的流浪動物，動物之家需要更多的志工，幫忙帶這些毛小孩散散步、跑一跑，或是陪他們說說話，讓它們不會被悶在密閉的空間太久。

不過這些只能治標，最重要的是大家要有「領養不棄養」的概念，只有養成尊重生命的習慣，才能成為一個更文明的社會。我們也開辦了「貓犬學校」，從教育著手，讓每一位飼主都能善待毛小孩，創造一座友善動物的城市。

我希望不只是狗年，未來這座城市裡的每一隻毛小孩，都可以獲得人性的照料與對待。

---
台北市動物之家志工報名表
https://goo.gl/vy5yr4

107年台北市貓犬學校春季班資訊
https://goo.gl/Vw4gvx",983,26521,1322,62,127,33,9
"104","2018-02-18T09:12:57+0000","過年很多人都會到宮廟裡上香祈福，今年我們跑了28間宮廟，祈求風調雨順、國泰民安、台北市政順利、市民安居樂業，也感謝神明過去一年來的保佑，世大運期間三個颱風自動轉向，真是天佑台灣。

我認為「平安就是福、健康就是福」，認真的過每一天，如果可以的話，也快樂的過每一天，這樣就是一種幸福。

至於對我而言，無論如何，還是保持「心存善念，盡力而為」的精神，每天努力讓台北市進步一點，累積起來就會成功。

#特別感謝每一間宮廟在世大運期間的幫忙",105,15280,323,60,0,16,12
"105","2018-02-17T09:00:05+0000","【柯P新春大考驗－各國語言春聯篇】

過年是大家團圓的日子，但很多離鄉背景來台打拼的新住民姐妹們，因為路途遙遠無法回家。今年特別找他們一起來慶祝，也希望大家多給他們關懷，讓他們感受台灣新家鄉的溫暖。

除夕是大考驗趴萬（part 1），今天初二是趴兔（part 2），我要來挑戰寫越南語跟泰文的春聯，還要挑戰畫一隻小狗應景應景，雖然小編在旁邊說「出乎意料的像」，不過畫到最後怎麼看都像豬。

好吧，就當作一次把狗年跟豬年的祝福都送給大家！

#大家覺得像嗎
臺北市新移民會館

---
柯P新春大考驗 Part 1 看這裡
https://goo.gl/in7G2N",220,10528,212,1358,1,17,8
"106","2018-02-16T04:00:00+0000","燈，等燈，等燈等燈等燈。

從西門町一路「燈」到北門，這個就是今年台北燈節的最大特色。我們不只要在西門町展現創意，還結合了去年完工的西區門戶樞紐「北門廣場」，這裡會是我們的第二主場，大家可以沿著中華路一路逛、一路拍、一路玩。

今天是大年初一，距離燈節開幕只剩下8天，2月24日起，不用再「等燈」了，歡迎大家相揪一起來西區逛燈節，慶元宵。

新年第一天，用美好的燈等燈旋律，祝大家新年旺旺旺、幸福Go！Go！Go !。

60秒完整版燈等燈
https://youtu.be/fRKnErHoLF0

#我當指揮就好
#為什麼會越來越像郭子<U+4E81>
台北旅遊網

---
2018台北燈節
https://2018.lanternfestival.taipei/",1366,26410,680,3310,2,44,14
"107","2018-02-15T10:31:03+0000","【柯P新春大考驗－新住民吉祥話篇】

新住民姐妹們在台灣生活，常常要花時間學習台語來溝通。今年過年，幕僚們為了讓我體會她們的辛苦，特別準備了兩項考驗，要我好好學習她們家鄉的語言，才能享用她們準備的家鄉菜。

用新住民的家鄉話講一句吉祥話應該還算容易，但主要是提醒我們要特別關懷他們，讓他們感受到台灣新故鄉的溫暖。

除夕夜，團圓夜，在大家享用年夜飯的此刻，祝福大家新年旺旺旺，狗年GoGoGo，大家都能往自己的目標向前衝。

還在工作崗位上的無名英雄們，也辛苦了！

#大考驗還有第二趴
臺北市新移民會館",137,9047,209,610,1,10,11
"108","2018-02-14T13:11:54+0000","去年世大運結束後，一個負責開幕的導演問我說：柯市長，你知道世大運為什麼會成功嗎？

「因為你都沒有管大家。」

年輕人是國家未來的重要力量，所以很多時候，我都願意放手讓年輕人盡情發揮，就像世大運開閉幕的導演平均才35歲，但他們的用心，創造了這座城市的光榮感。

今年的台北燈節也是一樣，我們找來更多年輕人一起合作，讓他們發揮創意和想像，把傳統的節慶活動和北門弄得很「潮」，讓我也開始期待燈節期間，這裡會有什麼新的面貌。

2月24日開始，跟我一起來到北門廣場，一起賞燈、逛街、幸福Go！Go！

#大年初一中午12點請鎖定我的臉書
#台北燈節宣傳片大首播
台北旅遊網

---
2018台北燈節
https://2018.lanternfestival.taipei/",492,40762,957,580,3,38,12
"109","2018-02-14T05:00:05+0000","今天是西洋情人節，但不管是有情人還是沒情人，今天也是小年夜，是親朋好友歡聚的時刻。

內湖樂活公園的「夜櫻季」有上百株盛開的櫻花，在晚上燈光投射下，堪稱燈光美、氣氛佳，情侶、夫妻來這裡會增進感情，沒有情人的，來這裡也有機會找到另一半，反正就是一個不錯的約會地點。

老話一句，幸福不會自己從天上掉下來，所以心動不如馬上行動，今天晚上就帶著心愛的人一起來內湖夜櫻季散散步吧！

https://www.instagram.com/p/BfLPJhPh7K8/

---
內湖樂活夜櫻季
活動時間：2018.02.03－2018.03.11
活動地點：樂活公園（臺北市內湖區康樂街61巷）
https://www.travel.taipei/zh-tw/activity/details/13517",169,17022,454,298,9,23,7
"110","2018-02-13T12:39:11+0000","都更一坪換一坪，可行嗎？
　
答案是有些可以，但是很多不行。如果我們放寬容積率，多蓋幾層樓所產生的利潤，來支應建商在都更上的支出，一坪換一坪是可行的。但多數情況下這是有困難的，比方說，狹窄的巷弄內如果要蓋十幾二十層的高樓，都市計劃就不會過關。
　
有人主張，只要不斷放寬容積獎勵，就能讓都更推動的更快。如果只是個案的容積率增加還無所謂，但作為一整個城市的政策，我們不可能放手讓容積無限制增加。
　
內湖就是一個容積過度增加的經典案例，內湖區在三十年內人口增加三倍，道路面積卻沒有增加，所以這裡的交通問題，其實不是交通問題，而是都市計畫失敗。
　
此外，以前在台北市實行5年的「一坪換一坪」政策，總計有79案申請，實際開工的只有3案，數字顯示這樣的都更政策效果並不好。
　
所以，我們持續和業界溝通，收集問題再分門別類，分批改進，能做的先做。我們修正了作業流程，讓權利變更的估價更透明、更合理化。我們也讓容積獎勵明文化、公式化，減少不可預測性，也減少都更過程可能產生的爭議。
　
在公辦都更上，改建喊了幾十年的斯文里整宅，也終於通過審議，預計五月就可以開工，這麼麻煩的案子都能推動，我相信整個台北的都更是可解決的。
　
為了居住安全，都更是我們一定要走的一條道路，「把所有的小問題都解決，就沒有大問題」，我相信在公私協力、積極處理的情況下，都更效能一定會更好。
　
#都市更新
#市政老實說",502,15712,342,86,11,35,28
"111","2018-02-12T12:58:39+0000","第一年的福祿猴「怪怪的」，第二年的小奇雞「太可愛」，連續兩年的台北燈節都帶給大家深刻的印象，所以大家都在期待今年的台北燈節，今天先放上預告讓大家先睹為快。

2月24日開始，燈節就會正式啟動，到時候西門町將會推出「幸福魔力狗」主燈，北門也會有光雕秀，以及在地的藝術團隊共同創作的燈區，還有可愛的小提燈，與讓人期待的踩街遊行，整條中華路，將會徹底展現台灣在地的藝術與設計能量。

這一次的燈節，考驗我們的緊急動員能力，不過我們台北市政府的公務員都經歷過世大運的考驗，我相信在陳景峻副市長領軍、觀傳局陳思宇局長的臨危授命之下，應該可以順利過關。

就用主燈的三隻台灣狗，祝大家狗年都能幸福Go！Go！Go！

台北旅遊網
新北都 景峻
思宇的日常
智慧臺北 幸福生活",1374,21939,749,575,3,145,9
"112","2018-02-12T03:35:16+0000","如果你只有30秒，要評估一個機關的好壞，要去看它的廁所。如果你只有30分鐘，要評估一個城市的好壞，要去看它的市場。市場是一座城市的縮影，因為它顯現了當地的文化、科技，甚至倫理道德。

所以老舊的第一果菜市場及魚市場勢必要改建，這個計畫已經喊了二十年，現在，我們終於讓華中橋下的中繼市場正式開工，跨出整體改建的第一步。

大型市場改建最困難的是如何跟上千個攤商溝通協調，正因為吃力不討好，就算順利開工，也很難在任內全部完工，所以大家興趣缺缺。我會做這種事，除了白目一點以外，只因為是該做的事情就去做。

第一果菜及魚市場的改建計畫是典型的「穿西裝改西裝」，相當麻煩。為了縮短民眾不便的陣痛期，我們會把縮短工期列為最有利標的重要考量因素，而且每兩個月就會要求工務局與產業局雙首長定期到市長室報告，我自己來緊盯進度。

雖然我很節儉，但時間就是金錢，縮短工期勢必要增加經費，在縮短工期的預算上，我們會努力爭取議會支持。

總而言之，開工之後，就是勇往直前直到成功，我們有決心給大家一個嶄新、乾淨、環保、先進的市場。

#市場改建
#進步價值光榮城市",265,19471,420,100,4,43,6
"113","2018-02-08T03:51:12+0000","地震震垮了建築物，震不垮台灣人的團結。

截至目前<U+7232>止，台北市政府已經出動53人、3台車輛、2隻搜救犬，以及各式搜救器材，我們會與其他縣市的救災人員通力合作，一起努力到所有人都被救出為止。我也要呼籲所有執行救災的弟兄們，在執勤時也要小心自身安全。

花蓮是人間淨土，我每次來到這裡，都能讓心靈獲得平靜，這次強震重創，我會捐出一個月的薪水，也希望大家都能共襄盛舉，幫助災民度過難關，也幫助花蓮重新站起來。

---
賑災捐款：
花蓮縣社會救助金專戶
郵政劃撥帳號06533981
（請指定「1070206花蓮賑災指定捐款」）",230,23122,875,9,356,23,3
"114","2018-02-06T18:47:02+0000","0206強震，台北市內無重大災情，因此稍早北市搜救隊一共30人已經在松山機場集合，且已由軍機運送前往花蓮，先救人再說。

我也直接和賴清德院長通電話，並<U+543F>知北市消防局及北市防災應變中心，台北市政府將會全力支援救災，並由中央統一調度。

（圖：台北市政府消防局提供）",408,69479,2146,20,1768,107,4
"115","2018-02-06T10:28:53+0000","【出訪筆記：土耳其】

橫跨歐亞的土耳其，本來就是台灣進軍中東市場的重要跳板，作為第一個參訪土耳其的台北市長，我們有義務幫台灣的產業在這裡尋找機會。

所以，我們前往了土耳其最大的企業集團Koc所成立的大學，跟他們談了合作計畫，希望藉由雙學位的誘因，鼓勵台灣的學生前往土耳其求學，透過人才的佈局，讓台灣企業可以在這塊新興市場取得先機。

我們也跟土耳其當地的工商協會討論招商事宜，歡迎他們來台灣投資，伊斯坦堡將會在今年三月派出一個代表團，來台北參加智慧城市高峰會，屆時我們會再安排台灣的中小企業，與他們一起討論合作的機會。土耳其有名的MADO餐飲集團也打算來台北開店，我答應他們，如果真的開店，我會來參加開幕典禮。

在土耳其的最後一晚，我也和在當地開疆闢土的台商一起吃晚飯，聽他們的故事。

這些台商二三十年前就到土耳其開創事業，從最初的物資匱乏，一路奮鬥到現在的成績，完全展現了台灣人吃苦耐勞的精神。土耳其人口將近9千萬，經濟規模夠大，絕對值得更多的台灣企業投入這個潛力市場。

這一趟歐洲行，不論是荷蘭的循環經濟、歐洲議會的演說、波蘭的轉型正義、土耳其的招商投資，我們收穫不少。今天回國後，我們會把考察所得，好好整理成為在台北實際可行的政策，讓台北可以更加與國際接軌。

飛機降落了，我們要繼續努力，上工！",137,13169,323,42,2,22,7
"116","2018-02-06T01:00:00+0000","敘利亞多年內戰，三百萬難民逃入土耳其，流離失所、生活困頓之際，沒想到會有來自萬里之外的善心幫助。

我參訪慈濟在土耳其蘇丹加濟市設立的義診中心，以及從國小到高中的慈善學校。小小的門診中心裡，每天要看兩三百個病人，我看到好幾個因戰火而截肢的病人，雖然換藥會痛，還一直說謝謝。

慈善學校裡則是收了兩千多名的學生，他們都是逃避戰火來此的難民，很多學生本來已經在做童工，是志工去家訪說服家長讓他們來上學，甚至還要補貼他們原有的工資，這些小朋友才有機會來上學。

今天下午正是發放補貼工資的日子，這些孩子們一起用中文大聲說：「謝謝慈濟，謝謝台灣」。

學校的負責人說，讓這些小難民脫離文盲的命運，並不是學校的唯一目的，也不是要他們謝謝慈濟、謝謝台灣，而是讓他們知道世界上仍有愛心，甚至能原諒那些曾經帶給他們痛苦的人，最後以正面的能量去面對未來的世界。

經歷各種痛苦，還能以正面的態度面對未來，自勉勉人。也謝謝眾多來自台灣的善心，對這些難民的幫助，因為幫助別人也是幫助自己。",237,10946,521,7,164,19,17
"117","2018-02-05T04:12:55+0000","【出訪筆記：波蘭】

波蘭是一個有歷史底蘊的國家，每一棟古老建築的背後，都經歷了或多或少的歷史。

我們下榻的飯店對面，正好是華沙市的地標「科學文化宮」。導覽說，這是當年蘇聯佔領時，史達林自稱送給波蘭的禮物，但波蘭人厭惡它，認為這代表著他們數百年來總是被強權支配的象徵。波蘭走向民主化後，有人想拆掉它；也有人認為拆了它，歷史不會因此消失。經過許多年的討論，它現在還在那裡，仍然是華沙最高的建築物。

跟台灣一樣，波蘭也有相當多的歷史包袱，二戰時被德國和蘇聯強佔，緊接著又經過數十年的共產黨獨裁統治，但他們依然挺過來，重建被戰爭摧毀的舊城區，以正面態度面對過去的歷史。

波蘭的政策不一定適合台灣，但他們和平面對過去，展望未來的姿態，值得我們深思。",145,14422,241,20,2,54,17
"118","2018-02-02T14:40:09+0000","搭了五個小時的巴士，來到波蘭走向民主的起源地格但斯克造船廠，找一位我們台灣的老朋友：波蘭前總統華勒沙 Lech Wa<U+0142><U+0119>sa

聊了很多，不論是轉型正義，還是兩岸，感謝他總是這麼關注台灣。",166,19074,372,28,2,94,15
"119","2018-02-01T12:13:15+0000","【歐洲議會演說完整版：進步價值，光榮城市】

臺北價值，就是將西方社會中進步的價值，涵納進華人社會來。

臺北不一定要跟隨美國、中國大陸或是其他國家的腳步走，我們應該是朝向我們自己的價值與信念前進，那就是民主、自由、多元、開放、人權、法治以及永續。為什麼？因為這些價值提高了人民的生活水準，同時，這些價值與信念也是我當初當選的理由。

這些呼應了歐盟的基本權利－尊嚴、自由、平等、團結、公民權以及正義。這也是歐洲城市應該與臺北交往合作的理由，我相信若雙方合作，彼此都會受益。

大家都知道甚麼是對的甚麼是錯的，但是為什麼對的事情不堅持下去呢？臺北市民投票給我，不是因為我遵守既有的政治規則，或跟現在的政治文化很契合，而是因為我相信人民本來就相信的，並且為此挺身而出：民主、自由、多元、開放、人權、法治以及永續。

而且，我會堅持這樣的價值與信念，繼續奮鬥。

我永遠會記得，臺北市民投票給我，不是要我適應這個政治文化，而是要我去改變它。

謝謝各位。

#進步價值光榮城市
#歐洲議會演<U+8AAC>",3113,28694,1247,190,10,72,57
"120","2018-02-01T02:30:00+0000","【出訪筆記：荷蘭】

昨天是荷蘭行程的最後一天，看了很多，也學到很多。

荷蘭在人口、土地、經濟狀況都和台灣相近，但科技和觀念就領先一些，尤其是他們積極發展循環經濟，回收廢棄物、雨水、廚餘、舊衣再利用，連建材也採用可以拆卸、可回收的材料，把廢棄物的比例降到最低。相較之下，台灣的資源更有限，所以這些荷蘭經驗，尤其是再生建材，可以考慮運用在我們的公共住宅建設之上。

這一次也實際看到荷蘭人的自行車文化，他們從小就被要求要學習騎自行車，政府也用了超過四十年的時間建置完整的自行車系統。顯然過去我們希望兩到三年內，讓台北的自行車系統可以達標的戰略是錯誤的，回去應該要好好思考重訂計畫，而不是幻想一步登天。

荷蘭的新創產業也是我們這次交流的重點，我們跟當地的多個團隊簽署MOU，希望他們把台北當成進軍華人市場的第一站，只要可以在台北成功，進入中國、甚至東亞市場就不是問題。為了減少作業上的麻煩，我們會提供一站式的服務，讓他們更願意來台北投資開公司。

另外，烏特勒支（Utrecht）市政廳也讓我們感到驚豔，原來政府可以這麼簡潔明亮，就像美術館和咖啡廳一樣，未來市府大樓對民眾開放的幾個樓層，應該可以找年輕的團隊重新設計規劃，把公共空間弄得更有質感。

四天下來，非常感謝荷蘭的熱情款待，我們會重視這趟荷蘭之旅的收穫與成果，也期盼未來雙方可以深化交流，就讓我們繼續前進下一站吧。",347,20432,527,34,3,77,8
"121","2018-01-29T10:07:27+0000","來荷蘭烏特勒支市走一走，看看他們如何創造一個友善的自行車通行環境。

---
Part 1 看這邊
https://goo.gl/PbemQH",142,10470,352,90,6,42,21
"122","2018-01-29T09:40:44+0000","來荷蘭烏特勒支市走一走，看看他們如何創造一座全世界最大的自行車停車場。

---
Part 2 看這邊
https://goo.gl/WvS2NB",199,12039,367,79,3,45,12
"123","2018-01-28T03:30:00+0000","每次出訪，都是一次難得的學習機會，這一趟歐洲行也不例外。

荷蘭一直是我想去好好研究的地方，特別是台灣民主轉型後，台灣政治發展模式不可能再走回頭路，因此新加坡模式應該不再適合台灣。反倒是荷蘭因<U+7232>各種條件和台灣相近，更適合我們作為學習的標竿。另外，西方民主國家中，我總覺得強調競爭的資本主義帶來太多社會衝突，偏向社會主義式民主的荷蘭，應當是我們更可以學習的對象。

這次我們也會去歐盟所在地比利時布魯塞爾，並在歐洲議會中發表演說，以人口和經濟計算，歐盟都不下於美國，但過去相對於美國，我們都較忽略歐盟。

至於波蘭華沙則是台北市的姐妹市，但過去二十幾年沒有去了，這次除了參訪，也會特地去拜訪台灣的老朋友—波蘭前總統華勒沙，他過去成功領導工會組織對抗威權體制，獲得諾貝爾和平獎，也是我們請益的對象。土耳其政府則是有意在台北市捐助建立伊斯蘭文化中心，已派人來北市商談，趁著這次出訪也拜訪土耳其，增進和回教世界的交流。

十一天的時間，行程跟在國內一樣忙碌，我們要在有限的時間內，把該看的、該學的、該交流的都能夠完成，希望用城市外交為台灣多做一些事。

我們已經平安抵達荷蘭了，大家2月6日後台灣見。

https://www.instagram.com/p/BecOH8sg29H/",414,40132,853,120,2,65,13
"124","2018-01-27T13:15:49+0000","很多人都聽過「順手捐發票，救救老殘窮」，也看過在路上推著烤爐賣烤地瓜的「地瓜媽媽」，這些都是創世、華山與人安基金會為了照顧弱勢所做的努力。

三十多年下來，他們用善心發票累計的獎金，照顧了無數的植物人、獨居老人與街友，但這幾年電子發票普及之後，紙本發票減少，他們的收入也跟著下滑。儘管如此，他們還是一如往常，在總統府前廣場舉辦寒士尾牙，讓街友在歲末年終時可以感受到社會的溫暖。

前天我跟著地瓜媽媽學習如何烤地瓜時，我也一邊思考，政府的力量有限、民間的力量無窮，如果可以公私協力，政府「購買」社會福利事業的服務，而不是直接補助、拿錢給他們，是不是可以讓社福機構更有效率的運作？

如何讓全台灣的社福機構可以發揮更大的力量，這是一個重要的問題 ，需要我們一起來思考。

創世基金會
華山基金會
人安基金會

-
歡迎大家踴躍捐款「寒士吃飽30」活動，讓獨居長輩、單親媽媽也能收到一份歲末祝福。
https://goo.gl/BE4GoG",203,13023,360,10,9,35,5
"125","2018-01-26T09:29:05+0000","政治就是落實在人民的每一天生活之中，讓人民有好的居住環境，應當是中央和地方一致認同的進步價值。

台北市政府會和中央攜手合作，為這個國家的進步持續努力。

#健康公宅
#進步價值光榮城市

-
台北市居住服務讚
https://www.housing.taipei.gov.tw/",87,9516,171,91,4,29,17
"126","2018-01-24T03:57:21+0000","高房價、高房租是台北的年輕人最痛恨的事。為了解決居住問題，除了剛落成的健康公宅，到今年年底台北市會有25座公共住宅同時在興建中，包租代管與分級租金補貼也已經上路了。

跟以前相比，現在已經有更多方案來解決台北的居住問題。但公宅、包租代管、租金分級補貼的普及也需要一段時間，在此之前，租屋族的安全還是需要先處理，因為安全問題不能等待。

所以，我們推出了「建築物自主維護檢查表」，大家可以下載來自我檢視自己的租屋環境是否安全，如果有問題，還可以拿檢查結果，通報1999市民熱線與Hello Taipei單一陳情系統，我們會派員了解案情，並限期要求房東改善。

政府存在的目的是為人民服務，所以即便這樣的服務上線後，建管處的同仁會很辛苦，我們還是要做。

一通電話，我們就會把關大家的租屋環境安全。

---
下載「建築物自主維護檢查表」自我檢查！
https://goo.gl/EAWwGa",334,13771,308,22,6,87,8
"127","2018-01-23T02:22:50+0000","大家早安，今天我在松山區開會，大家關心的健康公宅議題，我們會在直播中跟各位市民朋友報告。

#行動市政會議
智慧臺北 幸福生活",78,4179,180,18,3,14,15
"128","2018-01-22T10:50:14+0000","我是外科醫師，但是今天要來談「內科」的問題。

內科一年產值高達四兆台幣，不只是台北，更是台灣的產業重鎮，但是經過這麼多年的發展，內科園區已經飽和，每天十五萬人進出這裡上下班，造成嚴重的交通問題。此外，隨著新經濟模式的發展，必須要有一個創新基地不斷的引入新產業，讓內科產業能夠新陳代謝、永續發展。

所以，我們要考慮的不只是內湖的交通，更要通盤進行都市計畫檢討，以及不斷注入產業創新能量。「內科之心」BOT案，未來將是台灣最大的產業創新育成中心，我們在簽約後七個月就開工，證明了我們對內科2.0計畫的決心與效率。

不小心講太多，結果都被幕僚剪掉，還是讓專業的林崇傑局長跟大家解釋清楚「內科」的問題在哪裡吧。

#影片後面有彩蛋
#內科之心
#市政老實說
智慧臺北 幸福生活",352,13119,264,974,1,37,18
"129","2018-01-21T10:57:39+0000","農曆新年是團聚的日子，但在台北，有許多人來到這座城市追求夢想，忙到無法回家，就算回家，面對已經不熟悉的環境，卻只覺得尷尬。

今年，我們以「你不知道過年的力量」為主軸，用幽默來化解大家對於回家的複雜情緒，重新詮釋「家」的意義，希望大家都能了解，回家，永遠都是我們最重要的事，

不過，不管你在那裡過年，請先來台北年貨大街採買，促進經濟發展！

#2018台北年貨大街
#你不知道過年的力量
#今年發財金很不一樣
台北市商業處-猴呷猴七淘 in Taipei

---
2018台北年貨大街「你不知道過年的力量」
https://goo.gl/SKfJWm",275,9362,245,360,6,19,6
"130","2018-01-20T10:10:44+0000","在我學生跟幕僚一致推薦之下，昨晚我和太太一起去看宋欣穎導演的動畫片「幸福路上 On Happiness Road」。

這部動畫片是台灣這幾十年的故事，我看到電影裡父母都會要求小孩子讀醫學院，以後當醫生「賺大錢」很有感觸，雖然我當了三十年醫生，結果也沒賺到什麼大錢。

因為這電影有我們共同的記憶，很多地方讓人笑中帶淚，大概每個二十歲以上的台灣人都可以在電影裡找到自己的影子。

我認為「找回自己就是幸福」，就像劇中的女主角一樣，她希望能成為有用的大人，但當長大後看到的大人都沒有想像中有用時，就會開始懷疑自己，不過，我相信只要堅持理想、找回最初的自己，就是一件幸福的事。

推薦大家來看「幸福路上」，以實際行動支持好的國片。

---
「幸福路上」完整預告
https://youtu.be/XbRmjNN4KWM

「幸福路上」最新戲院場次表
pics.ee/4X9K3",437,20599,595,166,5,22,12
"131","2018-01-17T11:23:55+0000","從阿扁市長的「阿扁信箱」、郝市長的「1999市民熱線」，台北市民陳情的管道隨著時代一直在演進。如今，智慧型手機越普及，寫信、講電話來通報市政問題已經不符合時代潮流。

所以我們開發了「Hello Taipei」單一陳情系統App，只要打開你的手機、隨手拍照，透過衛星定位，就能即時上傳各種市政問題，讓這些問題能夠快速的解決。

除了可以即時處理問題，我們也建立Hello Taipei資料庫，透過這些數據，局處可以建立預警系統，在問題發生之前就先解決。

「沒有統計，就沒有統治」，透過這些大數據，我們要讓城市治理更有效率。

#HelloTaipei單一陳情系統
#進步價值光榮城市

---
馬上下載「Hello Taipei」通報市政大小事！
Android版本：https://goo.gl/ZCaQCp
iOS版本：https://goo.gl/Jdy4Cw",401,15301,293,29,2,290,8
"132","2018-01-15T09:23:39+0000","前幾天，副發言人陳思宇介紹一個App給我，是台北市政府消防局開發的全台第一個「視訊119」App，拿起手機通報消防隊時，還可以同時拍照和定位。

在這個資通訊時代，E化是台北市政府的重要工作，有了這個App，民眾在報案時就不用擔心雞同鴨講，不只可以傳輸現場影像給勤務中心；透過GPS定位，還能讓勤務中心掌握報案的位置。

電子化後，消防局值班台上的簿冊少了，減少紙張、減少人力，統計上也更有效率。

大家可以下載備用，但沒有必要時也拜託不要隨便亂玩！

馬上下載「視訊119」App
Android版本：https://goo.gl/aYBD7R
iOS版本：https://goo.gl/JRR4XD

臺北市政府消防局 
智慧臺北 幸福生活
#視訊119
#市政老實說

---
火災時，超過70%傷亡是延遲發現與避難造成，安裝「住宅用火警警報器」，災害來臨時及早發現更安心！

怎麼裝看這邊：https://goo.gl/Y8CJu3
防災宣導園遊會，歡迎一起來玩：https://goo.gl/XUveji",445,9977,215,140,0,53,13
"133","2018-01-14T12:51:53+0000","全新落成的健康公宅，上週開始申請了。

都發局的同仁說，這一兩天民眾的詢問電話接到手軟，今天我也到現場實際檢視。這裡地點好、房子好，更是台北市第一座加入老人日照中心、托嬰等社福設施的公宅，難怪這麼受歡迎。

除了市價85折的租金之外，我們還有分級租金補貼的制度，每月還可以再省數千元不等，讓民眾真正「租得起」這些高品質、高科技、高機能的公共住宅。

為了讓大家容易查詢包租代管、公宅申請、租金補貼等居住服務，我們更特別設置一個網站，整合這些措施，提供「一站式服務」，不只可以線上試算適用的方案，還可以直接在網站內填表申請。

未來，我們會陸續蓋好更多高品質、高科技、高機能的公宅，我相信這些全新型態的公宅，能夠在社區中創造新的社會模式，只要能夠維持一定的品質，接下來要再蓋公宅就不會受到太多阻礙。

推動公宅的過程很辛苦，但我們會一直努力下去。

#健康公宅
#進步價值光榮城市

---
點這裡，一站搞定申請公宅、包租代管與租金補貼！
https://www.housing.taipei.gov.tw/",926,44256,957,108,8,175,14
"134","2018-01-11T12:33:41+0000","大家都知道少子化是國安問題，但這個問題並不是提高生育補助就能解決，因為生育、養育與教育是一系列的問題。

我們今天一口氣開了20家公共托嬰據點，只是解決全面問題的努力之一。

這20家新增的公托，都是利用校園及公家機構的閒置空間來改造，包含一家大型的公辦民營托嬰中心，俗稱「大公托」；以及19家社區公共托育家園，俗稱「小家園」。目前公托總數已經來到53家，預計今年底之前，「大公托＋小家園」要達到70家。

此外，我們正在規劃一個網站來管理這些公托，讓大家方便找到最適合的據點，並有公開透明的登記制度。搭配第二胎每月加碼至6千元的生育補助，希望能夠把生育、養育、教育整個做起來，讓年輕家庭敢生敢養。

去年公布的社會福利績效考核，台北市拿到十項特優，顯示不論托嬰、托幼、托老，我們的局處都拼出好的成績，這正是我說的，「政治要落實在人民生活的每一天，而不是某一天」，未來，我們也會繼續努力，朝向建立一個可長可久的社會福利制度前進。

#20所公共托嬰據點新開幕
#大公托
#小家園
#進步價值光榮城市

---
嬰幼兒福利看這邊
http://born.taipei/",836,26093,669,28,13,147,20
"135","2018-01-10T12:29:45+0000","歷經10年的波折，廣慈園區開發案終於在今天正式開工。

未來，這裡將會有超過1千戶的公共住宅，全新的信義區行政中心、以及完善的托嬰、托幼、老人及身障照顧中心等社福設施。

這個案子在去年10月工程發包，3個月後順利開工，如此高效率，都要歸功於都發局同仁的努力，他們真的太操了。

開工前的溝通，其實相當複雜，我們辦了6次說明會、2次公聽會，10幾次的里長溝通，就是要和居民妥善協調，最後我們也採納他們的意見，減少戶數、降低容積率、增加公園綠地。

此外，我們也變更設計圖，讓64棵非保護樹木都留在原地，這些都是跟居民不斷溝通後的結果。

林洲民局長說，這裡完工後會成為全亞洲最漂亮的公共住宅。這個夢想很大，也一定會實現，因為我們蓋的公宅，不會是居民眼中的「鄰避設施」，而是實現居住正義、提倡都市美學、帶動智慧城市產業、發展全新社會模式的「好厝邊」。

#廣慈園區
#公共住宅
#進步價值光榮城市",163,9292,243,12,1,79,4
"136","2018-01-09T09:30:43+0000","台灣的臨床醫療在世界上名列前矛，但孩子的死亡率，卻排在先進國家的後段班。

我常說，「人生而平等」是個理想，可惜在真實社會從沒實現過，但至少要努力做到醫療和教育平等。孩子沒有選票，政治上沒有聲音，因此常被社會忽視，造成很多在醫院出生、也在醫院長大的重病小孩，因為醫療資源分配不均，獲得的照護往往不成比例。

這次，他們決定站出來，為自己發聲，他們需要你的這一票，支持他們擁有更友善的醫療環境、更精密的醫療技術。

這場選舉，沒有藍綠，沒有派系，沒有統獨，沒有特定立場，希望大家都能為台灣兒童醫療的將來，投下關鍵一票。

---
2018兒童醫療大選
http://www.ntuchf.org.tw/ntuchf2018/",4228,42264,1421,22,228,306,14
"137","2018-01-05T10:44:54+0000","以前還沒當市長的時候，我太太常常拖著我去新北投溫泉，因為這裡交通很方便，不用跋山涉水，搭捷運就到了，而且週邊景點很多，隨便就可逛ㄧ整天。

所以要選「台灣十大好湯」，聞名國際的新北投溫泉就是我的首選，週末天氣又要變冷了，除了上網支持之外，大家也快揪一揪一起去新北投泡湯吧！

#投票可以抽哀鬨Ｘ
#請投新北投溫泉一票

---
2017-18台灣十大好湯票選活動
https://goo.gl/4DZGKC",356,34306,493,3091,2,50,16
"138","2018-01-04T04:33:10+0000","不久前，我和2015年諾貝爾和平獎得獎團隊代表梅沙悟德<U+30FB>荷穆達尼（Messaoud Romdhani）會面，他是當年發起突尼西亞「四方對話」的公民團體成員之一，我問他：2011年的茉莉花革命之後，為什麼只有突尼西亞成功轉型成民主國家，而其他國家反而陷入內戰的紛擾？

他<U+8AAC>，公民社會應該讓不同背景、不同立場、不同價值觀的團體，超越意識形態的對立，坐下來討論共同關心的議題，這是突尼西亞可以化解政治僵局的關鍵。

台灣社會需要的，應該也是這種「真正的對話」，而不是在政論節目裡，每個名嘴在同溫層內「與自己對話」，結果是台灣社會更極端、更撕裂。如果有一天，我們可以讓愛國同心會和台獨大旗隊坐下來討論社子島開發、內湖交通、或是台北市的垃圾處理等民生問題，「真正的對話」才可能在台灣實現。

新的一年，期待這個「真正的對話」能夠為台灣的民主發展帶來新的氣象。",468,20109,605,109,17,39,22
"139","2017-12-31T17:04:34+0000","新的一年，繼續認真快樂的過每一天！

#六點升旗典禮見

https://instagram.com/p/BdX9yzigbMM/
攝影／潘俊霖",106,40525,767,242,1,30,8
"140","2017-12-31T14:38:47+0000","距離2018年只剩不到2小時，下去跨年倒數之前，先來抽空跟大家聊一聊。

#開放大家點播新年祝福
#2018新年快樂",410,38311,1921,1568,23,76,38
"141","2017-12-31T03:39:53+0000","2017年，是台北蛻變的轉捩點。

年初，台北燈會點亮西區，帶給市民感動與驚奇；年中，西區門戶計畫第一期完成、北門重現風華，軸線翻轉不再只是口號；8月的世大運，市府同仁6年來的用心，市民朋友熱烈的參與，及運動員超水準的表現，讓世界看見台灣，也讓台灣更有自信，勇敢航向全世界。

感謝175萬臉書粉絲朋友，在低潮時給我打氣鼓勵，在政策理念需要宣傳時，幫我轉貼分享，讓我們堅持的價值得以彰顯，讓進步得以實現。

一年的最後一天，讓我們用3分鐘，回顧今年台灣最光榮的一刻。

#世大運Legacy
#進步價值光榮城市",362,16911,556,16,2,35,7
"142","2017-12-30T11:36:33+0000","年底前最後一個星期，我們又開工了萬華區莒光公宅、北投區奇岩長青樂活大樓兩棟建築物。

莒光公宅是我任內開工的第九座公共住宅，經過三年的籌畫，未來一年還有很多公宅會陸續開工。長青樂活大樓則是北投地區最完整的長照據點。

依照北市府之SOP，開工典禮24小時內必須開始動工，但我看工程人員早就把挖土機準備好，往往司儀說典禮完畢，鞭炮還沒放完，他們就迫不及待開始挖了。

這兩棟建築物相同的特點，就是提供在地化的社會福利設施，萬華莒光公宅的低樓層，會把社區公共保母、居家托育、老人照顧與聯醫社區服務等社福設施通通放進來。北投奇岩長青樂活大樓，則是緊扣北投「養生」的形象，設有老人服務中心、社區式長照機構、住宿式長照機構及身障日間作業設施等多元服務。

反對亮點政治，並不是反對大建築，因為AIT（美國在台協會）搬走後留下的空地，我們要建的台北音樂圖書中心就是幾十億的大建築；反對亮點政治，是反對「只想大建築」，我們希望所蓋的每一座硬體建設，都能落實在人民每一天的生活中。

#萬華莒光公宅
#北投奇岩長青樂活大樓
#進步價值光榮城市

---
三週年施政成果
https://glory.taipei

拼出進步價值
https://youtu.be/vsXNnbvYiPo

進步迎接光榮
https://youtu.be/T2kLLi3XumM",113,8573,195,29,1,14,7
"143","2017-12-28T11:55:56+0000","內湖的交通問題，其實不是交通問題，而是都市計畫失敗。過去三十幾年，這裡的人口成長近三倍，但是道路面積沒有增加，加上產業大量進駐，每天上下班時段有十五萬人進出內科，當然會塞車。

我說過，我們要解決問題，而不是解釋問題。台北市政府已經有改善內湖交通的長期計劃，就是連接文湖、松山、板南、信義線的「東側南北向軌道運輸系統」，這條路線目前在進行可行性評估，等結果出來，我們會編列預算積極辦理。

除了長期計畫的大手術，三年來，我們也做了許多「微整型」，包括縮短尖峰時刻的文湖線班距、增開快速公車、拓寬港墘路及成功橋、改善十幾處交通瓶頸的號誌與路幅，這些都有一些成效。

另外，已經在蓋的瑞光公宅，以及計畫中的河濱高中公宅，我們會優先租給內湖上班族，讓大家「在內湖上班，也住在內湖」，減少通勤車輛與人數。

作為醫師，所謂的「很難救」不代表放棄治療，而是要花精力處理。現階段，我們能做的都會盡量做，把所有的小問題解決了，就不會有大問題，為了改善內湖交通，我們會繼續努力。

林欽榮Charles Lin
智慧臺北 幸福生活
#市政老實說",348,16738,406,177,13,54,19
"144","2017-12-28T05:36:46+0000","前幾天，我去環南市場工地現場看一看，一年下來，地下室已經蓋得差不多，再兩年，這裡就會出現一座乾淨、衛生、環保的全新市場。

三年前，這裡還掛滿了反對改建的白布條。如果不能耐煩的和一千三百個攤商溝通，忍受各種挫折打擊，我們不可能走到今天。

我還記得市場改建動工那天，市場處主秘感動得哭了，他說他進台北市政府當科員承辦的第一份公文，就是環南市場改建案，過了十八年，他升到主秘，終於開工了，讓他感觸良多。

有任期的選舉制度，加上沒有歷史觀的政治人物，是台灣停滯不前的最大問題所在。環南市場的改建，一直不是其他政治人物的優先選項，但我們只因它是該做的，就勇敢的去做，從來不會管它的困難度，或是能否在任內完成

不過若只有硬體上的改變，運作還是以前那一套，那改建就沒有意義了，所以我也與市場自治會溝通，希望能夠引進乾濕分離、垃圾不落地、減少包裝、綠能環保的新思維，讓全新的環南市場，是一座可以帶著國外旅客一起來逛的國際級生鮮市場。

#環南市場改變成真
#進步價值光榮城市

---
三週年施政成果
https://glory.taipei 

拼出進步價值
https://youtu.be/vsXNnbvYiPo

進步迎接光榮
https://youtu.be/T2kLLi3XumM",389,25030,658,34,6,143,4
"145","2017-12-27T03:01:51+0000","每年跨年都有人問我要不要唱歌，前年被大家拱上台唱五月天的「憨人」，結果拍子亂掉，唱到凸槌。去年本來不想唱，但是為了宣傳世大運，還是跟著大家一起唱了幾句「再出發」。

今年我誓死抵抗不唱歌，不過幕僚們不放過我，認為叫我來拍片成本趨近於零，廣告CP值最高（解釋：分母趨近於零，不管分子多小，除起來就很大），堅持要我通過跟跨年煙火、晚會陣容有關的五個「不機智問答」才能封麥，用手機錄一段短訪來取代廣告。

我最喜歡考試了，來吧！

台北101 2018幸福共好
台北旅遊網
臺北最High新年城

---
2018台北最High新年城跨年晚會

晚會時間：12/31 (日) 19:00－1/1 (一) 01:00
交管資訊：http://www.newyear2018.taipei/traffic01.html
抵離場資訊：http://www.newyear2018.taipei/traffic02.html
直播網址：https://youtu.be/u6wyRhL2ZL4",1976,45762,1520,9623,8,68,22
"146","2017-12-26T09:36:50+0000","面對問題就是解決問題的第一步，今天就來內湖實測這邊的交通到底有多塞，並提出解決之道。

---
內科交通改善計畫 
https://goo.gl/T6LtQ3",278,9454,456,267,10,80,44
"147","2017-12-26T02:09:16+0000","大家早安，今天我在內湖開會，內湖的交通改善計畫、產業翻轉升級計畫，我們會在直播中給大家一個完整的報告。

#行動市政會議
智慧臺北 幸福生活",81,5058,187,37,1,7,15
"148","2017-12-25T10:58:38+0000","【拼出進步價值】

三年前的今天，我在就職典禮上說過一句話：「我們要用黑白代替藍綠，重新建立一個可以做對的事情的公義社會」。

現在，回過頭來看，在台灣這個社會，要做對的事情，除了努力，更需要堅持的勇氣。

雖然延宕十八年的環南市場開工了，延宕更久的忠孝橋引道拆除也執行了，原本是口號的「軸線翻轉」真的實現了。但是大巨蛋、台北藝術中心、大灣北段商業宅，內湖夾層屋，廣慈都更案、禁建四十七年的社子島，還有需要一千多年才有可能徵收完畢的公共設施保留地，這些陳年問題還沒有真正解決。

但我們沒有因為困難而選擇逃避，我們勇於承擔，用最大的決心與勇氣，來重建政府的公信力。

因為台灣已經停滯太久了，我們要解決問題，而不是解釋問題，更不要製造問題。

這就是我們要的「進步價值」。

#進步價值光榮城市

---
這是我們的三週年施政成果網站，歡迎大家檢視這份成績單
https://glory.taipei

看見光榮城市
https://goo.gl/N8No6c

進步迎接光榮
https://goo.gl/NMzaNP",392,16064,432,55,7,19,31
"149","2017-12-25T01:00:24+0000","三年前的今天，是我們市府團隊開始上工的日子，我要感謝市民朋友三年來的支持與鼓勵，讓我們一起努力，留給下一代一個更永續、更宜居的台北。

光榮城市，我們現在開始。

#進步價值光榮城市",78,7868,212,23,2,37,20
"150","2017-12-24T12:50:05+0000","「政治，就是要落實在人民每一天生活當中。」

這句話是我的政治理念。

三年來，我們每天七點半準時上工，工作到半夜，秉持「把所有的小問題解決了，就沒有大問題」的精神，只要是該做的，不管它是不是亮點、不管它是否可以在任內可完成，我們都義無反顧去做。「有任期的選舉制度，加上沒有歷史觀的政治人物」，造成大家急功近利，一直是台灣政治的最大問題，我們要打破這個惡性循環。

就像過去巷弄違停的問題非常嚴重，但因為溝通難、做起來也難，導致沒有人要解決。後來，我們發現一條一條巷道畫紅線，常常里長要求畫了，下個月換另一個議員要求塗掉，結果公務員疲於奔命。因此不如整個里一起規劃、改善，檢討整體停車位分配，並畫上綠色人行道，保留消防救護通道空間。

說也奇怪，以前畫上紅線時，大家照樣違停，但畫上綠色人行道後，反而違停少了，更重要的是，巷弄內的車禍少了三分之一。鄰里交通環境改善計劃不是什麼偉大的建設，但不知不覺中，已經改善了臺北市民的生活品質。

劃綠色人行道很簡單，但之前的「溝通」就是一件大學問，如果沒有里長挨家挨戶去協調，這個計畫難以推展，所以雖然被罵老派，但我堅持親自贈送匾額給計畫完成度達八成以上的前六十位里長，感謝他們承擔壓力，用心溝通，為這座城市的改變，付出心力。

#鄰里交通改善計畫
#綠色人行道
#進步價值光榮城市

---
這是我們的三週年施政成果網站，歡迎大家檢視這份成績單
https://glory.taipei

進步迎接光榮
https://goo.gl/NMzaNP",357,24259,662,76,5,38,21
"151","2017-12-24T04:00:00+0000","【進步迎接光榮】
　
跟著我的腳步不斷往前走，發現三年來台北的改變。
　
<f0><U+009F><U+0094><U+0098> 我們用「在地化、國際化、產業化」的新思維辦好每一場活動，使「杜鵑花季」成為台北的城市意象。
　
<f0><U+009F><U+0094><U+0098> 我們讓新北投車站重現風華，帶動既有溫泉文化，串連特色景點、歷史建築成為沒有圍牆的「城市博物館」。
　
<f0><U+009F><U+0094><U+0098> 我們在不追加預算的情況下，如期、如質完成世大運所有場館與選手村的整建，為台北市帶來全新的網球中心和籃球館。
　
<f0><U+009F><U+0094><U+0098> 我們打造以南港車站為中心的「東區門戶計畫」，興建「北部流行音樂中心」成為歌迷朝聖的流行音樂全新地標。
　
<f0><U+009F><U+0094><U+0098> 我們堅持「政治就是落實在人民每一天的生活之中」，因此規劃了八橫八縱16線「幹線公車」，建立更完善的公共運輸體系。
　
<f0><U+009F><U+0094><U+0098> 我們完成以北門為中心的「西區門戶計畫」，讓北門廣場成為國門的象徵，而且交通更加順暢。
　
<f0><U+009F><U+0094><U+0098> 我們用最大效率，啟動幾十年來無法動彈的「五大市場改造」，讓髒亂、老舊的傳統市場終於看見改變。
　
<f0><U+009F><U+0094><U+0098> 我們拆掉過去拆不掉、不切實際的建成圓環美食館，結合公民參與，打造一座屬於市民朋友的圓環廣場。
　
<f0><U+009F><U+0094><U+0098> 我們用短短75天讓「中山地下街」改頭換面，用書香、文創活化沒落蕭條的地下街商圈。
　
<f0><U+009F><U+0094><U+0098> 最後，在數萬名志工與工作人員的協助下，我們以認真的態度辦好世大運，讓台灣選手回家比賽，寫下2017年夏天的台灣奇蹟。
　
三年下來，我們用開放透明、正直誠信，打造以價值為導向的市政文化，這支動畫影片，呈現了我們追求「進步價值」的願景。未來，我們還會繼續努力，建立一個實事求是的市政團隊，面對問題、解決問題，讓政府重新獲得人民信任，迎接「光榮城市」的到來。
　
#進步價值光榮城市

---
這是我們的三週年施政成果網站，歡迎大家檢視這份成績單
https://glory.taipei

看見光榮城市
https://goo.gl/N8No6c

拼出進步價值
https://goo.gl/yaa3VY",179,8004,226,44,3,14,23
"152","2017-12-21T07:00:01+0000","對我來說，電腦是工具，不是遊戲機，所以我對遊戲不熟，先前去看電競大賽，也是不太懂大家在幹嘛，只看到現場觀眾唧唧叫，好像很興奮的樣子。

不過前一陣子，年輕幕僚們興沖沖的說要透過創新的小遊戲方式，跟大家介紹一下上任三週年的施政成果。我看了之後只覺得「這遊戲畫素怎麼這麼差」，但他們說這叫做「復古」。

遊戲中，要完成老人共餐、軸線翻轉、蓋公宅的任務之外，還有不少讓人哭笑不得的障礙物，比方說那本我到現在還是覺得奇怪的「鐵血市政廳」雜誌封面、當時讓我們被罵慘的「Go Go Bravo台灣有你熊讚」廣告中的蒙面人，以及令人討厭的煙霧彈。

我真的越來越難預測年輕人會喜歡什麼，就像我也搞不太懂為什麼那張去SBL開球的照片會爆紅，但既然怪怪的東西都反應不錯，就讓大家放手去做吧。

現在開始，打開手機、電腦，按下連結，一起來「奔跑吧！台北」

#進步價值光榮城市
#奔跑吧台北

---
這是我們的三週年施政成果網站，歡迎大家檢視這份成績單
https://glory.taipei

看見光榮城市
https://youtu.be/3ILK-hsxThU

拼出進步價值
https://youtu.be/vsXNnbvYiPo

進步迎接光榮
https://youtu.be/T2kLLi3XumM",7505,54709,2166,5772,6,271,18
"153","2017-12-20T11:00:00+0000","【看見光榮城市】

「現代的醫學，要打開別人的胸腔很容易，但要看別人心裡面的想法，那就困難許多了。」

當了三年市長最深的感觸，莫過於過去當醫師的世界單純許多，而現在面對的世界複雜太多了。

我常<U+8AAC>，市府官員不會比業界更了解市場。市民每天生活在這座城市，看到的問題絕對比我們坐辦公室憑空想像的多許多，市民的一句真心話才是我們施政最重要的指引。

所以，在這支影片中，我與這群不同年齡、不同背景的人們對話，有抱怨聯開宅租金過高的年輕人，有擔心抽不到公幼的年輕媽媽，有感嘆公宅不受社會重視的學生，還有強調文化資產重要性的音地大帝，過程中，我聽見他們的需要，也看見他們理想的城市樣貌。

要成就一座光榮城市，這些都是我們必須承擔的責任，那就繼續努力吧！

#進步價值光榮城市

---
這是我們的三週年施政成果網站，歡迎大家檢視這份成績單
https://glory.taipei

拼出進步價值
https://goo.gl/yaa3VY

進步迎接光榮
https://goo.gl/NMzaNP",685,19529,655,59,3,45,14
"154","2017-12-19T08:45:32+0000","因為過去長期的人謀不臧，BOT在台灣已經成為一種負面名詞，無法讓人民信任。

所以我們上任後，就從過去的教訓中，重新修訂BOT的SOP。今天動工的內湖「內科之心」BOT案，就是全新的開始。

在這個案子，我們捨棄過去「商業設施極大化」的思維，而是思考如何讓每年四兆產值的內湖科技園區，能夠永續甚至進一步發展。因為產業需要新陳代謝，所以我們在這裡蓋一座科技創新育成中心，要把創新能量源源不絕的帶進內科。

最重要的，我們設計了「超額利潤機制」，企業賺超過原先設定的範圍後，政府就可以分紅。換句話說，民間經營的越好，政府收益越高，如此一來，政府與企業就變成夥伴關係，不用再為了權利金傷腦筋。

內科之心在5月簽約後，7個月後就通過所有程序取得建照，今天順利動工，顯然北市府的效率大幅提高，未來，我們會繼續提高效能，認真的做好每天該做的事，解決這座城市長年的問題。

#內科之心
#進步價值光榮城市

---
這是我們的三週年施政成果網站，歡迎大家檢視這份成績單
https://glory.taipei",200,13287,270,27,1,104,7
"155","2017-12-18T04:29:23+0000","#進步價值光榮城市

上任第一年，我們從每個錯誤中記取教訓，反省改進。

上任第二年，我們堅持理念，承擔改革帶來的各種壓力，逐漸看見改變。

因為堅持專業問題專業解決，因為堅持「政治就是落實在人民每一天的生活之中」，因為堅持建立一個可以做對的事情的公義社會，我們開啟以價值為導向的政治文化，創造這座城市的光榮。

上任第三年，進步價值，光榮城市。

我們大步向前走。

---
這是我們的三週年施政成果網站，歡迎大家檢視這份成績單
https://glory.taipei

---
12月20日晚間7點，「看見光榮城市」正式首播
請鎖定柯文哲官方臉書專頁／柯文哲官方Youtube頻道",368,19346,498,21,4,82,20
"156","2017-12-17T14:23:46+0000","身高差這麼多，就知道這不是P圖。

今天來和平籃球館為台北達欣籃球隊開球，除了恭喜他們拿下第14季SBL總冠軍，也希望大家多來這裡看球，支持籃球運動。

#穿這樣有點冷
#好險大家夠熱情

https://instagram.com/p/BczhO3PgF03/",1620,78347,772,25522,8,1497,7
"157","2017-12-17T04:58:48+0000","要復興萬華，過去荒廢多時、一度變成「紅包場」的龍山寺B2地下街，是我們重要的改造目標。

當時每個人都說龍山寺B2很難處理，甚至一度打算把它改成地下停車場，最後我們請文化局接下這個燙手山芋，用最速件的方式，短短3個月就讓龍山寺B2地下街改頭換面，在去年底以「艋舺龍山B2文創」的全新面貌重新開幕。

這個文創園區最大的特色就是注重在地傳統文化，引進的店家都是台灣本土數一數二的文創品牌，尤其是「孫翠鳳藝棧」就讓不少明華園戲迷來捧場。一年下來，已經有40萬人次前來艋舺龍山B2，和過去的沒落蕭條比起來進步不少。

龍山寺一年有超過300萬的觀光客，但多數旅客來拜拜後就離開了，平均停留時間不到15分鐘，如果我們可以讓遊客停留超過60分鐘，艋舺的景氣必可大幅提升。

未來，我們希望龍山寺的300萬觀光客，都能來艋舺龍山B2文創逛逛。這些具有在地特色的店家展示具國際水準的台灣傳統文化，一定可以讓世界看見台灣。

#中正萬華復興計劃
#軸線翻轉
#進步價值光榮城市",131,8698,157,17,2,109,8
"158","2017-12-15T10:47:01+0000","「青銀共居」試辦計劃，就是讓大學生與老年人共同生活、相互扶持。學生只要定時陪伴長者，不論是打麻將、下棋，還是教他們網購、用臉書等等，每月服務滿20個小時，就可以用月租3千元入住老人公寓。

這個概念在歐洲、日本已經非常風行，現在我們把它引進台北。

台北市快速高齡化，再5年大於65歲以上就要超過20%。我們主張老人照護模式要在地化、社區化，尤其要讓他們接觸年輕人與小孩，所以不管是青銀共居，還是祖孫共學，銀髮族和年輕人甚至小孩生活在一起，自然會活得高興、健康。

我看過大數據分析，台灣有很嚴重的世代對抗，年輕人與長輩互看不順眼，這樣的對立，如果能透過青銀共居、祖孫共學這些概念來化解，從世代對抗變成世代融合，這就是一種進步價值。

#青銀共居
#進步價值光榮城市

---
看更多「青銀共居」計畫
https://goo.gl/PXm6FW",1001,18948,533,34,3,245,8
"159","2017-12-14T11:33:33+0000","每次到校園演講時，看到對未來茫然的同學，我就會拿我自己當例子來鼓舞大家。

因為我的人生就是個「意外」。

我的履歷表只有三行：台大醫院外科住院醫師、台大醫院外科主治醫師、台北市長。很久以前也沒想過有一天會出來選台北市長，結果還竟然選上。

當市長，其實就像哥倫布橫渡大西洋一樣，勇敢的航向不可知的世界。所以你問我社會新鮮人要用什麼心態面對職場？「Just do it」，做就對了。

勞動局推出的最新紀錄片，紀錄了三個菜鳥記者在世大運期間勇敢逐夢的故事，雖然我常笑說記者跟鯊魚一樣可怕，但這些記者認真的過每一天，追逐新聞的拼勁倒是令人欽佩。現在歡迎大家上去看看他們的故事，找到自己追逐夢想的勇氣。

勞動臺北

---
「菜鳥記者94狂」勞動紀錄片完整版
https://goo.gl/r6UqVE",741,21059,548,190,3,33,9
"160","2017-12-13T09:25:23+0000","雖然我們從7月起加強取締單車違規停車，也將自行車停車格增加至4萬6千格，但違停現象還是很嚴重。所以明年1月1日起，我們要開始針對違規停放遭拖吊的自行車，收取100元的移置費，以及每半日25元的保管費。

統計數字顯示，每個月有超過500台自行車因為違規停放遭到拖吊。根據《台北市處理妨礙道路交通車輛自治條例》第7條規定，「車輛經移置、保管者，應收取移置費、保管費」，這項自治條例過去只鎖定汽機車，但事實上，自行車也在規範之內。

「法律是給人民遵守的，不是參考用」，所以明年起，自行車被拖吊將依法收取保管費與移置費，YouBike或oBike違停，也會一併向業者收取這些罰款。這些被移置自行車超過4個月無人領回，就會報廢。

至於大家關心的「共享運具管理自治條例」草案已經出爐，只要經過議會通過，未來不管是共享單車、機車、汽車，不只必須繳納權利金，也有投放數量限制，還會有指定的停放區。

我們要有效管理，讓共享運具真正成為綠色運輸的最後一哩路。

臺北交通大家談

---
「慢車違規停車收取移置費及保管費」詳細說明
https://goo.gl/i7Jorp",134,10132,171,23,10,83,16
"161","2017-12-11T11:55:32+0000","電子商務+物流是世界趨勢，從現在起，我們要讓台北市的傳統市場加入這個行列。

我們在台北市魚類批發市場首創導入智慧支付。以前商家半夜帶著現金、支票到魚類批發市場交易，雖然台北市的治安還不錯，但三更半夜身上帶那<U+9EBD>多錢還是怪怪的。

現在啟用智慧支付後，不用帶著大筆現金，從帳戶扣款就可進行交易，銀行還可以提供彈性的信用額度，也不用像支票要花兩三天處理帳務，交易變得更快速，更安全。

政府佈建電子商務的基礎設施，不只是為了刷卡買日用品、搭公車而已。傳統批發市場開辦智慧支付只是第一步，接下來還要拓展到學校、公家機關的福利社，由內而外、由公而私，開始大力推廣電子商務。

希望在最短的時間內，就能讓銅板和紙鈔在台北市消失。

#電子商務
#智慧支付
#進步價值光榮城市",195,10329,166,39,3,201,9
"162","2017-12-10T04:04:12+0000","之前去文化大學演講，也順便與同學們一起去附近有名的麵店吃晚餐。

同學們除了關心就業、關心夢想、關心未來，也關心仰德大道的交通問題，因為仰德大道上的車禍死傷者，很多是文大的學生。

今年七月仰德大道的重大車禍後，我要求交通局統計最近五年仰德大道的車禍地點、時段、年齡層，找出幾個事故熱區，研究事故原因，也透過交通工程，調整這些事故熱區的號誌、標線、警示牌等設施。

這些事故的死傷者，18歲至25歲的機車族就佔了7成，尤其在剛開學的9月、10月發生最多，其中還有不少是剛買機車的大一新生。

有鑒於此，我最近找來所有台北市內的大學校長開過一次會，我們不可能禁止學生騎機車，但應該要給予學生足夠的機車騎乘安全知識，包括拍攝交通安全宣導影片。

坦白說，仰德大道的交通問題，長遠要靠公共運輸來解決，但就政府立場，該改善的交通工程還是要先做，希望類似的憾事會越來越少，還給文大學生一個安全的通勤環境。",352,27231,549,126,5,58,11
"163","2017-12-07T09:01:53+0000","今天去參觀台灣醫療科技展，回到自己熟悉的領域，也看了不少自己有興趣的頂尖醫療科技。這是台灣第一次把每一間醫院的醫療強項，透過專業展覽的方式向國人呈現，也藉此向全世界推銷台灣的醫療產業。

這也讓我想到以前聯考時代，甲組第一志願是電機系，丙組第一志願是醫學系，平平是第一志願，電機系的人才對台灣的經濟發展貢獻很多，念醫學的在產業上卻沒什麼貢獻，反而淪落到血汗、超時工作，不只醫師累、護理人員也一起過勞。

醫療不應該淪為血汗事業，所以在提供便宜有效的健保醫療外，更應該思考如何將醫療產業與國際接軌、輸出到全世界，讓台灣傑出的臨床醫療帶動整體生技產業發展，這都是我們要努力的目標。

醫療科技展，就是一次向世界證明台灣醫療產業發展潛力的好機會。

---
2017台灣醫療科技展

時間：12/7(四)－12/10(日) 10:30-17:30
地點：南港展覽館
看更多：https://expo.taiwan-healthcare.org/index.php",188,10261,186,218,5,19,4
"164","2017-12-06T11:58:11+0000","供奉靈安尊王的青山宮，是萬華地區的信仰中心，每年的「暗訪」夜間遶境活動，也就是所謂的「艋舺大拜拜」，是台北市的年度宗教盛事之一。

去年開始，一群年輕人開始辦起「艋舺青山祭」，在原有的廟會文化中加入搖滾音樂，結果大家反應不錯。今年要擴大辦理，邀請的樂團也比去年還要多，去年到現場「選民服務」兼開唱的好朋友林昶佐 Freddy Lim，今年也會來當壓軸。

我常說，一場活動要成功，就要「在地化、國際化、產業化」，青山祭跟在地廟宇祭典結合，邀請國際樂團表演，發揚在地文創與獨立音樂產業，一次就達成三個目標。

之前被抓去拍青山祭宣傳照，旁邊站了一個虱目魚頭（拍謝少年設計師）跟一顆豬頭（Flesh Juicer 血肉果汁機主唱）當左右護法，雖然看起來怪怪的，不過我的經驗，只要我覺得怪怪的東西都會大紅，相信這次的青山祭也不會讓大家失望。

（主辦單位解釋，這代表祭典中的「三牲」其二，所以第三牲「雞頭」應該不是我本人吧？）

---
艋舺青山祭－搖滾開壇

時間：
12/8（五）18:00
12/9（六）13:00

地點：
和平青草公園（西園路二段、艋舺大道交叉口）",367,12307,224,1735,0,84,16
"165","2017-12-05T10:29:13+0000","前幾天，市長室收到一本來自日本的吉他樂譜，是岡崎倫典先生的作品， 也就是網友說跟我撞臉的那一位日本吉他大師。

他透過唱片公司邀約我出席明年在台灣的演奏會，理由是「長相神似」，這年頭跟我撞臉的人很多，願意自己承認跟我長得很像的人，好像也只有岡崎先生。

幕僚看到樂譜之後狂笑說「超像」，我是沒有什麼意見啦，大家覺得勒？

https://instagram.com/p/BcUSI4DgH1k/",709,35908,661,12358,2,202,6
"166","2017-12-04T10:11:38+0000","我反對亮點政治，因為要亮點，放煙火最亮。我還是堅持政治應該落實在每一天的生活之中。

昨天，我參加公視「極樂世界」身障人權紀錄片首映，看到很多身心障礙小朋友的家長，對於身障兒童也可以玩的共融式遊戲場讚譽有加。看到自己的小孩可以跟其他小朋友玩在一起，這些家長都感動到落淚。

輪椅可以安全的在巷弄內行走、身障小孩子可以與其他人一樣開心的玩在一起，這是社會關懷弱勢的表現。但這些簡單的需求，往往因<U+7232>政府分工不合作的毛病，而變得困難。

我常說，面對問題是解決問題的第一步。只要有心解決，這些問題都不會是問題。目前台北市的共融式遊戲場數量已是全台第一，而且未來新設立的公園也都會加入「共融式遊戲場」的概念，讓所有的小孩都能同樣開心的玩樂。

明年起，我們也會成立全國第一家「身心障礙者自立生活支持中心」，讓身障者在這裡接受訓練、適應無障礙設施，最後可以回歸自己的家庭和社區，而不再像過去把身障者關在一個機構裡集中式照顧。

從小地方做起，讓不同的人都能享有同等的照顧、關懷，這就是一種進步價值。

#共融式遊戲場
#身障人權
#進步價值光榮城市",239,14609,507,56,5,33,6
"167","2017-12-02T08:27:28+0000","一大早就行程滿滿，但路過關渡花海時，還是要順便停下來拍張照。

這是今天早上八點，只有我一個人的關渡花海。

#花很多不用修圖
工務話台北",155,28583,508,2309,7,70,5
"168","2017-12-01T11:20:30+0000","愛滋病被發現到現在已經超過30年，但社會上對愛滋病還是很陌生，甚至到現在認為愛滋病會藉由空氣傳染的人，不在少數。

醫師可以用醫學技術減緩疾病帶來的痛苦，甚至避免疾病發生，但歧視帶來的社會壓力，就不是純醫學可以解決的。

任何人都有被愛與被照顧的權利與需求，不幸罹病者都應該得到社會的的照顧與關懷，當然也包括愛滋病人。這需要社會一起努力建立新的文化：「關懷弱勢不是施捨、更不是憐憫，其實是在保護自己。」

身為醫師，我們會義無反顧的捍衛所有疾病患者的人權。今天是國際愛滋日，讓我們繫上紅絲帶，代表英文字LOVE的L，給不同生命同等的愛。

愛滋權促會",140,7777,252,6,2,40,12
"169","2017-11-30T11:44:05+0000","「柯P新政」中，廣設非營利幼兒園是我們的重要政策，三年下來，營運中的非營利幼兒園累計有21間，收托2700位小朋友，數量是六都第一。

非營利幼兒園收費比公幼略高，但比起私幼便宜許多。重點是，公幼四點就下課，非營利幼兒園比較有彈性，課後還有延長收托服務，寒暑假也不休息，最近做的調查，台北市的非營利幼兒園滿意度高達86.7%，完全不輸給公幼。

公幼、非營利幼兒園、私幼的理想比例是4比3比3，為了達到目標，明年我們還會新增53班非營利幼兒園，可收托1394位小朋友，搭配即將上線的私幼補助，希望能有效縮減公私幼間的差距，讓大家不再為了沒有抽到公幼而煩惱。

同時我們會繼續把國中小的閒置空間，以及公宅低樓層的社會福利空間，釋出給民間作為非營利幼兒園使用，也要鼓勵私幼轉型成非營利幼兒園。

小朋友是國家的未來，我們一定會認真處理幼兒園的問題。減輕年輕爸媽們的負擔，這就是一種進步價值。

#非營利幼兒園
#進步價值光榮城市",306,12632,375,13,6,51,3
"170","2017-11-29T04:54:12+0000","政治要落實在每天的生活之中，為了要確保民眾行的安全、杜絕違停亂象，同時給予消防車足夠的通行空間，兩年前，我們結合鄰里的力量，開始推行「鄰里交通改善計畫」，也就是大家常看到的綠色人行道。

結果我們發現，以前劃紅線的地方違規停車還比較多，現在劃上綠色人行道後，違停的現象反而減少。更重要的，參加改善計畫的里，不僅交通秩序改善，車禍受傷人數更減少27%，顯然這個計畫是有用的。

這項計畫還有一個特點，就是打破過去用巷道作為改善的單位，而是以整個里去做整體規劃，願意參加的里，我們會一次解決整個里的所有交通問題，避免局處每次要為了一堆陳情案件疲於奔命。

雖然一開始有人質疑成效，但隨著鄰里交通改善計畫的推動，越來越多里長願意參加，兩年前只有30個里加入這個計畫，現在已經成長至258個里，2020之前，我們希望全台北456個里都能納入改善。

願意減少隨處停車的陋習，讓生活的環境更公義、更安全，這就是一種進步價值。

#鄰里交通改善計畫
#綠色人行道
#進步價值光榮城市",506,23323,604,30,5,147,16
"171","2017-11-28T06:00:20+0000","我在南港軟體園區，聽說有一百位科技業年輕人跟彭博士要來挑戰我，我準備好了，大家放馬過來！",183,6013,273,260,4,22,10
"172","2017-11-28T02:57:32+0000","大家早安，今天我在南港區開會，歡迎大家跟我一起加入行動市政會議，一起見證東區門戶計畫帶來的進步與改變。

註：此為直播片段 Part 2
Part 1 連結於此 https://goo.gl/iWV9AB

#行動市政會議
#改變南港東區領航

---
表情符號投票》

市府於南港區的各項建設中，您最滿意的是？
<f0><U+009F><U+0098><U+00A2> 捷運站旁田園城市
<f0><U+009F><U+0098><U+0080> 南港車站交通樞紐
<f0><U+009F><U+0098><U+00A1> 山區高地供水建設
<f0><U+009F><U+0098><U+00AF> 宜居南港普建公宅

投影片連結》

社會局簡報－台北市長期照顧計畫
https://goo.gl/tRpDLh",48,3860,134,68,9,27,8
"173","2017-11-28T01:54:04+0000","大家早安，今天我在南港區開會，歡迎大家跟我一起加入行動市政會議，一起見證東區門戶計畫帶來的進步與改變。

註：此為直播片段 Part 1
Part 2 連結於此 https://goo.gl/atMyaj 

#行動市政會議
#改變南港東區領航

---
表情符號投票》

市府於南港區的各項建設中，您最滿意的是？
<f0><U+009F><U+0098><U+00A2> 捷運站旁田園城市
<f0><U+009F><U+0098><U+0080> 南港車站交通樞紐
<f0><U+009F><U+0098><U+00A1> 山區高地供水建設
<f0><U+009F><U+0098><U+00AF> 宜居南港普建公宅

投影片連結》

南港區政簡報－東區門戶在南港
https://goo.gl/XdY7HZ
都發局簡報－東區門戶計畫
https://goo.gl/4SV53H",65,4274,123,113,10,39,10
"174","2017-11-26T03:26:45+0000","這幾天台北市天氣濕冷，出門不只要帶把傘，也要多穿幾件衣服避免感冒。

一般的感冒還好處理，若被傳染到流感就比較麻煩，尤其是對老人、嬰幼兒、孕婦等高風險族群而言，流感者可能引發肺炎等併發症，嚴重者甚至可能死亡。

預防流感，最好的方式就是注射疫苗，過去都要麻煩大家自行前往醫療院所接種，今年不一樣，我們的衛生局同仁主動出擊，全台首創，到18個捷運站「擺攤」幫大家注射流感，只要你年滿50歲，帶著健保卡，就可以在捷運站現場注射。

11月開始就是流感開始盛行的季節，12月中旬是最高峰，所以請大家11月30日前，到捷運站路過不要錯過，打一劑疫苗安心過冬！

#快分享給長輩們知道
#時間地點請看下方連結
防疫無界 - TPCDC

---
捷運站設站接種流感疫苗服務時間、地點一覽表（11/30止）
https://goo.gl/gA4qQQ",233,8013,180,17,2,73,5
"175","2017-11-24T10:37:11+0000","中和的一場大火帶走9條人命，令人遺憾的是，其中一位罹難者還是我們北市的警察同仁。

這場大火，燒出了違建背後的安全問題，台北市也必須嚴肅面對。

3年前，我們曾經針對頂樓有危害公共安全的違建祭出「226專案」，不到3個月時間就讓226處違建拆光。上個月，我們再度針對新增的頂樓加蓋違建公告「208頂樓專案」，要求208處違建屋主在今年11月15日前自行改善，否則就會被強制拆除，多數屋主都願意配合。

只是即便如此，違建火災事件還是層出不窮，因此，我們對於既有的頂樓加蓋也要祭出新規定，只要是未加裝住警器（住宅用火災警報器）的違建，名單將由消防局移送建管處，納入「優先拆除對象」。

排除新的違建較容易，但要改善數萬戶既有的「歷史共業」則是需要時間。對於打擊違建，我們態度不變，但最重要的還是要建立一個守法的氛圍，不要讓違建一再出現，才是根本解決之道。

---
台北市頂樓加蓋處所安裝住警器 Q&A
https://goo.gl/7iYJDr",308,22775,138,9,1888,191,48
"176","2017-11-21T12:42:23+0000","以前，政府興建公共住宅，只是當作一個「可以住的地方」，外觀像火柴盒一樣缺乏美感，對社區也缺乏連結與回饋，導致很多居民對公宅有很大的成見，甚至反對。

為了扭轉社會對於公宅的刻板印象，我要求每一座公宅不只外觀要有設計感，還要導入智慧電網、智慧電錶、智慧水錶、智慧瓦斯錶等科技設備，低樓層更要配置完善的托嬰、托幼、托老、民眾活動中心等公共設施，創造更多高質感、高科技、高機能的新時代公宅。

最重要，我們要讓公宅成為社區居民的「好厝邊」，所以我們不只請專人協助美化社區或水溝清淤，更計畫讓入住的青年，可以為社區提出一些想法，使公宅不再只是住的地方，還可以成為一個全新社會形態的的實驗場域，創造更多有創意的互動模式。

提出概念並入選的青年，不只不用抽籤即可入住公宅，市府還會挹注相關資源，幫忙實現這些人理想中的社區新型態。

從年底即將完工的健康公宅開始，未來我們蓋的所有公宅，都將導入這樣的「青年創新回饋計畫」。讓青年的活力，成為城市活力的主力，這就是一種進步價值。

健康公宅青年創新回饋計畫
#公共住宅
#進步價值光榮城市

---
提出你的點子，有機會免抽籤入住健康公宅！

<U+2023> 徵件主題
社會福利推動、活絡社區空間或凝聚居民情感、社區營造<U+22EF>等。
<U+2023> 徵件期間
11/17(五)至12/6(三)17:00前截止。
<U+2023> 徵件說明會
11/22(三)19:00-21:00，臺北市松山區自強里區民活動中心。

看更多「健康公宅青年創新回饋計畫」
https://goo.gl/Y3ZbL5",333,10953,291,27,3,93,2
"177","2017-11-19T10:45:55+0000","昨天，重陽敬老金再度成為大家關心的焦點。

事實上，我們並沒有取消中低收入戶的重陽敬老金，社會福利應該優先給弱勢的人，不應「齊頭式平等」，不分貧富一律發給，也不應沒有政策引導效果，只發現金，再來一概不管。

今年全台灣的重陽敬老金多達45億元，5年後，台灣超過65歲以上的人口將佔20%，這筆錢會膨脹至60億元。如何建立完整的老人照護系統才是當務之急，而不是這樣花錢。

就像我們規劃明年上線的私幼補貼政策，政策目的是為了拉近公幼與私幼的費用差距，但也設有排富條款、戶籍限制、私幼接受補貼的基本條件與政策退場機制，並非政府給所有幼童一筆相同的金錢，然後其餘不管了。

在政府財政日益困窘的年代，每一分錢應合理使用，所有補助應當要排富、要有政策引導作用，要創造最大效益，這就是一種進步價值。

#市政老實說

---
看更多台北市老人福利政策

活用重陽敬老金預算 <U+2023> https://goo.gl/YDNtMM
敬老卡升級，擴大使用範圍 <U+2023> https://goo.gl/zAJ499
325處老人共餐據點 <U+2023> https://goo.gl/u4xwtp
石頭湯計畫，整合長照資源 <U+2023> https://goo.gl/5GDPL2
台北扶老計畫，修屋補8萬 <U+2023> https://goo.gl/LEaUW3
失能者居家醫療 <U+2023> https://goo.gl/mHbRen
補助施打肺炎鏈球菌疫苗 <U+2023> https://goo.gl/jGYwiw",2353,45635,1286,195,9,58,23
"178","2017-11-17T07:40:00+0000","聽說昨天這支廣告片不小心又嚇到大家。

其實電競跟當醫師一樣，需要不斷磨練、不斷學習，全神貫注、尊重專業。只要熱愛自己的專業，不管從事什麼行業，大家都可以很帥。

現在，電競已經正式被官方納入運動產業，跟世大運一樣，很多台灣電競好手在世界級的比賽拿下好成績，提升台灣電競玩家與愛好者的自信心，所以電競相關活動，我們更應該大力支持，讓世界看見台灣。

去年舉辦的WirForce吸引超過7萬人到現場參加，並有超過100萬人上線觀看直播，讓全世界都看見我們對電競的狂熱。今年，我們再度與4 Gamers共同合辦這場亞洲最大的電競嘉年華，BYOC (Bring Your Own Computer) 玩家們都會帶著自己的電腦裝備，來花博爭艷館切磋交流。

不要只在聊天室滑起來，一起到現場玩最好玩。

---
WirForce2017
日期：11/23(四)－11/26(日)
時間：11:00－23:00（11/26當天17:30閉幕）
地點：花博公園爭艷館
更多活動資訊：https://www.wirforce.com.tw/",1371,38122,1024,1824,0,320,11
"179","2017-11-16T13:22:45+0000","2014年的台北市長選舉，當時對手緊咬我們在MG149的誠信問題，我們決定把一切證據公開讓社會大眾檢視，「寧可斷一手一腳，也要爭取道德正當性 」。

如今，在大巨蛋的議題上，當市府以不按圖施工為依據勒令遠雄停工，並要求遠雄必須遵守程序，經過市府都審、環評之審查，以合法的方式完成建照變更；但這樣的堅持，卻被外界繪聲繪影形容為「喬家大院」。

我們無法接受。

在BOT契約上，政府機關與投資廠商理應為公私協力精神下的合作夥伴，但過去議約時常常發生「掛羊頭賣狗肉」的問題，讓BOT在台灣已經污名化，這樣的情況下，變成只要與廠商接觸、會面，就是黑箱、就是勾結。

因此，今天我們將三年來與遠雄公司議約、談判等過程的會議記錄對外公布，記者會上的相關文件與內容，也會一併上網對外公開，未來的都審、環評程序，更會全程錄音、錄影，徹底公開透明。

坦白說，在危機處理上，我們的回應過於被動，讓許多不實爆料與傳言在媒體上不斷流傳，現在，我們要主動出擊，一個安全合法的大巨蛋，是我們不會改變的堅持。",486,26247,610,141,5,57,26
"180","2017-11-15T04:11:20+0000","大同明倫公宅、北投奇岩公宅、萬華青年公宅、內湖瑞光公宅、南港東明公宅、南港中南公宅、文山木柵公宅，這些在我任內開工、正在興建中的公共住宅，是我們為實現居住正義所做的努力。

但興建公宅之餘，我們發現，台北市超過一年沒人居住的空屋就有3.5萬戶，如果能讓上萬戶的空屋釋出到租屋市場，再視缺額興建公宅，效益會比較高。

因此，在中央的支持下，閒置空屋由政府「包租代管」的計畫在明年1月1日起正式上路，民眾可以用市價8折的租金入住，經濟弱勢戶最高還有每月7,200元的租金補助。

為了鼓勵房東釋出空屋，參加包租代管計畫的房東也可享有稅率優惠，房屋稅從1.5%降至1.2%，地價稅則從1%降至0.2%，還有修繕補助，且房東在同意包租代管的第一天，就可以開始收租。

檢討過去的「代租代管」政策失敗經驗，我們發現除了稅賦外，很多房東也擔心租屋糾紛，因此，這次全新的包租代管計畫，我們用制度化的管理與規範，房東不用直接面對房客，風險會由平台業者承擔。

我們很難讓每個人都買得起房子，但至少要讓大家租得起。公共住宅之外，我們希望用「包租代管」計畫，讓這些空屋發揮意義，成為更多人能夠落腳的「家」。

#包租代管

---
看更多包租代管計畫內容
http://www.udd.gov.taipei/rentmatch/",1179,21285,571,32,6,299,17
"181","2017-11-13T08:30:01+0000","昨天晚上的感恩大會，是世大運志工夥伴們的最後一個行程。

在此之後，身上那件青綠色的志工制服就要退役了，但我相信，這個不分藍綠、不分地域，一起團結創造的台灣奇蹟，都會成為大家的美好回憶。

光榮城市，感謝有你。",91,12257,360,12,6,25,9
"182","2017-11-12T12:34:25+0000","【全能老店改造王】

台北有很多特色老店，它們和這座城市一起生活了幾十年，這些老店不只有台北人熟悉的味道，也有台北人的共同記憶。

只是隨著時代改變，這些老店也需要新的面貌，來面對各種新潮店家的挑戰。因此，從2015年開始，台北市商業處就推出「美食店家再造計畫」，不但重新塑造店家品牌，也透過改造工程，給店家一個更舒適、更現代、更有美感的用餐空間。

美學是改變台北的一大關鍵，除了有設計感的公宅，現代化的傳統市場，這些傳統老店也需要用新的方式來延續生命。

改造後，人潮更多了，國際觀光客也更願意進來了，就讓我們用這部影片，見證這些店家重生的故事。

#台北美食店家再造計畫
#進步價值光榮城市
台北市商業處-猴呷猴七淘 in Taipei",423,9555,280,45,2,40,10
"183","2017-11-10T04:18:43+0000","我的施政理念是「把所有的小問題解決了，就沒有大問題」，就像台北市的高房價不是一天造成的，但當問題還小時，政府沒有積極面對，拖到現在，就變成大難題。

要達到居住正義，只租不賣的公共住宅是我們的重要政策，但公宅不是唯一的方法，「健全房市」也是需要的。

我們發現，交易資訊不透明，以及不合理的價稅，讓人有機會炒作不動產，是高房價的元兇之一。因此，透過地政維新達成健全房市，是我們的重要工作。

在台北市地政局同仁的努力下，過去預售屋定型化契約的合格率是0%，今年已經提升到75%。

此外，公開透明也是健全房市的有效手段，所以這幾年，地政局同仁致力於「台北地政雲」網站的建構，在網路上揭露各種土地、不動產資訊與圖資，讓交易更公平合理。

地政不是我的專業，但我知道在資通訊的時代，地政服務不走向智慧化不行，唯有透過科技，才能達成公開透明、公平正義的願景。

#地政維新
#健全房市
#進步價值光榮城市
臺北地政

---
「台北地政雲」一手掌握各種不動產資訊
https://cloud.land.gov.taipei/

來「台北地政E博館」看台北的前世今生
https://emuseum.land.gov.taipei/",300,12087,242,16,1,77,11
"184","2017-11-08T15:10:21+0000","我常開玩笑說，外科醫師是特殊材料做的，可以不吃不喝長時工作，當市長之後更慘，等於完全沒有休假，但這些都不是好的現象。

在勞動政策上，我一向尊重賴香伶局長的專業，她基於勞動局在執行法令上所遇到的窒礙難行之處，去函中央給予專業見解，這點也跟我「有意見就舉手」的態度符合。雖然有幕僚擔心外界以為「又要炮打中央」，但是我還是支持賴局長發表意見。

我常說，在一個「對」的社會中，法律是給人民遵守的，而不是參考用。今天一例一休的問題所在，是修法通過後，先三個月「宣導期」，再三個月「輔導期」，然後「再輔導期」，到底是要執行還是不要執行，大家都摸不著頭緒。

所以，只要能讓勞動基準法可以徹底執行的修法內容，我都支持，而且台北市政府也會依法辦理，不要再卡住、無所適從。

勞動臺北",230,18008,306,114,12,35,18
"185","2017-11-07T13:54:37+0000","#宵夜文
#肚子餓者慎入

我是一個對吃沒有什麼講究的人，連吃飯也有SOP，平均6分30秒就可以幹掉一個便當。對我而言，有東西可以吃就行了，反正就是維持身體所需。

但我發現在世大運期間，很多外國選手對台北的第一印象就是「吃不完的美食」。畢竟，作為一個多元開放的國際城市，必須滿足不同國籍、種族、年齡的口味，無形之中，也讓台北成為一個世界級的美食天堂。

要讓世界走進台灣，就必須用更多美味來招呼大家，現在讓我們用這部影片，看看外國人怎麼享受台北的美食。

台北旅遊網",3753,42298,1424,972,6,133,17
"186","2017-11-06T09:00:12+0000","「失敗是常態、成功是例外」，從生物演化的角度來看，大多數的突變是不利的，甚至會致命。

因此，優勢者往往沒有創新的動機，因為怕改變後反而變差。但對弱勢者而言，因為沒什麼好失去的，所以「創新是弱勢者的義務」，改變不一定會成功，但不改變、不創新，原本位居弱勢者根本沒有成功的機會。

台灣雖然沒有豐富的天然資源，但擁有「民主、自由、多元、開放」等進步價值，與亞洲各國相比，非常適合創業，但創業並不保證一定會成功，所以追求創新的第一要素，就是「不怕失敗」。

可惜，我們的社會普遍鼓勵成功，卻沒有提供一個允許失敗的環境。因為沒有足夠勇氣承擔失敗，造成大家不敢創新，結果就是台灣產業越來越保守，最後只剩下代工。

既然要年輕人不怕失敗、敢於創新，政府就應該要提供一個良好的創業環境。3年來，我們成立的「StartUP@Taipei」創業服務辦公室，提供了完善的服務，從技術研發、創新育成到創業補助，所有創業所需的支援都包括在內。上任至今，補助總金額高達7.4億元，總件數達573件。

另外，在「台北國際創業週」，我們也找來以色列、荷蘭、日本、新加坡等國家的創投育成機構共同參與，透過國際論壇，讓大家充分了解這些國家如何扶植新創產業，也讓台灣的新創產業有機會與世界互動，產生更大能量。

創新是我們唯一的出路，我們要重建台灣海洋國家的性格，讓年輕人有足夠勇氣，航向未知的未來。

#追求創新
#協助創業
#進步價值光榮城市

---
2017台北國際創業週

11/14-11/15 
內容：國際論壇、星光媒合會、全球共同工作空間大會
地點：台北文創大樓6樓

11/16-11/18
內容：台北新創館－超過40組國內外優秀新創團隊共同參展
地點：花博公園爭艷館

官網：https://goo.gl/M2x9YG",516,14005,333,53,7,40,6
"187","2017-11-04T04:40:34+0000","少子化已成為國安問題，上個月，我們推出「第二胎每月加碼三千元」的托嬰補助，希望能減輕家長負擔而鼓勵生育。

但是，除了補助生育，還有養育、教育的問題要處理。最近很多民眾反應「抽不到公幼」，也逼我們不斷思考解決之道。

因此，我們決定把閒置的國小校舍，拿來作為0至2歲的托嬰、2歲學齡前專班、3至5歲的幼兒園，孩子以後還可以直升國小一年級，形成0至12歲「托育一條龍」，預計不到6年時間，我們就會讓北市139所公立國小「校校有幼托」。

在普遍設立公幼、非營利幼兒園之前的空窗期，我們也正計劃透過補助的方式，拉近公幼、私幼之間的費用差距。

低所得、高物價的時代，要讓人民敢生敢養，政府不能只辦徵文比賽，而是要設法幫忙減輕養育的負擔，這筆錢不能省，我們一定會讓年輕父母，都能在台北安心成家。

#幼教托育愛持續
#進步價值光榮城市

---
第二胎托育補助加碼三千！
https://goo.gl/hZT8iV

看更多托嬰、托幼政策
http://born.taipei/",1691,28193,918,132,26,103,13
"188","2017-11-02T13:19:02+0000","在台灣，多數人跟政府有關係的時刻，就是選舉投票那一<U+5239>那。投完票後，只能當「假日政治家」、「遙控器政治家」或「鍵盤政治家」：假日上街頭搖旗吶喊理念、邊看政論節目邊罵，或是匿名上網發表看法。

為了解決這種民主困境，我一直設法在現有的體制下，納入更多公民的意見。從成立全台灣第一個「公民參與委員會」、推動參與式預算、以及改版重新上路的 i-Voting 機制，就是希望能夠實現「開放政府、全民參與、公開透明」這個理念。

現在，我們即將徵選第2屆公民參與委員會委員，只要年滿18歲，對於公共事務議題有興趣，都可以報名參與，我們會用遴選的方式選出8至12名府外委員，一起加入改變台北的行列。

PTT壞了沒關係，快按下方的連結報名參與，讓你的意見更有力量，不再只是鍵盤政治家！

#公民參與委員會
#進步價值光榮城市

---
第二屆「臺北市政府公民參與委員會」報名表
（報名至11月5日上午10時截止）
https://goo.gl/qQkwdW",167,9328,171,225,4,43,11
"189","2017-11-02T03:30:00+0000","文山區，顧名思義「有文也有山」，是台北市內學校密度最高、山林綠地最多的行政區。但這裡過去也是台北的易淹水地區，只要下大雨就淹水。

三年下來，我們完成了文山區整體防洪計畫，用「分流加滯洪」的概念，讓每逢豪大雨必淹的文山區興隆路、福興路一帶從易淹水地區除名，今年幾次大雨，我們都通過了考驗。

解決了淹水，我們還要帶動這裡的產業。

過去在動物園旁蓋「Zoo Mall」的失敗經驗，讓我們學到只是蓋一個商場，沒辦法存活太久，所以必須結合貓熊、貓纜與貓空，完整的「三貓計畫」串連動物園、貓空的茶與綠竹筍產業，到景美溪對岸的木柵路四、五段開發，要讓觀光客在這裡待上超過一晚，才能創造足夠的商機。

文山的改變已經發生，未來我們會更加努力，讓這個地區更宜居、更美麗。

#行動市政會議
#進步價值光榮城市

---
走讀臺北，看見更多改變

改變中正 <U+25B8> https://goo.gl/KZjFnh
改變信義 <U+25B8> https://goo.gl/hr3wQP",226,9525,226,30,0,24,8
"190","2017-11-01T04:26:32+0000","大巨蛋談判還是要重啟，但我們強調，我們是反對複雜的政商關係，不是反商仇富，還是要公開透明。對任何人，不管你喜歡不喜歡，我們都給他一個公平的處理方式。
　
公平正義不只是對一般人，對你不喜歡的人，我們也是公平正義，只有這樣，才能真正建立一個法治的國家。

---
大巨蛋案說明記者會（Part 1）連結
https://goo.gl/RPbDXP",182,10799,443,129,9,33,37
"191","2017-11-01T04:00:06+0000","各位市民朋友及媒體朋友大家好，在檢察官起訴趙藤雄後，關於大巨蛋案，台北市政府有以下幾點立場跟大家說明：
　
第一，從我上任以來，在大巨蛋案上，一直堅持公平正義、公開透明的原則，我們也承擔前任市政府留下的困難，沒有逃避，不管外界如何批評，甚至影響到民調的時候，我們都沒有妥協，一直堅持到現在。
　
第二、市政府強調的，最重要，大巨蛋必須是一個安全的大巨蛋，因此市政府在104年5月20日，因為遠雄公司未按圖施工，依法勒令停工。到現在，遠雄只能用工地安全的問題，進行報備施工。至於停工，經過訴願委員會、監察院、行政法院的判決，市府的勒令停工是合法的。在大巨蛋的安全上，市府是堅持的。
　
第三、台北市政府仍然會站在公平正義的立場，替市民爭回應有的權利，不會讓市民的權益受損。
　
最後，我仍然會堅持一個合法安全的大巨蛋，也非常感謝司法單位，證明了台北市政府在大巨蛋案上的堅持是對的，謝謝。

---
大巨蛋案說明記者會（Part 2）連結
https://goo.gl/ji2vLF",234,8597,339,50,10,79,60
"192","2017-10-31T05:48:33+0000","文哲今天到你家。

#興隆公共住宅

---
台北市居住資訊服務網
https://www.housing.taipei.gov.tw/",220,14130,647,722,7,61,17
"193","2017-10-31T02:04:16+0000","大家早安，我在文山區開會，歡迎一起加入行動市政會議直播，一起看見文山的進步與改變。

#行動市政會議

---
表情符號投票》

市府於文山區的各項建設中，您最滿意的是？
<f0><U+009F><U+0098><U+00A2> 文山區整體排水改善
<f0><U+009F><U+0098><U+0080> 居住正義－公宅興建
<f0><U+009F><U+0098><U+00A1> 繪設標線型人行道
<f0><U+009F><U+0098><U+00AF> 開辦社區長者共餐
　
區政報告投影片連結》

文山區政報告（文山區公所）
https://goo.gl/kiRwui
台北市長照計畫（社會局）
https://goo.gl/h8WhJA
文山排水改善計畫及坡地環境營造成果（工務局）
https://goo.gl/DhC9Mo",119,6546,336,447,89,88,52
"194","2017-10-30T11:15:49+0000","雖然世大運已經結束兩個月，但今天看到國家地理頻道為世大運拍攝這支紀錄片的5分鐘精華版，心情還是有點激動。
　
以前我常說，世大運不是我的世大運，也不只是台北的世大運，而是台灣人的世大運，大家應該要用一種辦喜事的心情來迎接這場國際盛會。可惜市府同仁六年來的努力，常常因為政治考量被嘲笑、被抹煞。
 　
所幸，「當你有心要完成一件事情，全世界都會來幫你」，不論是一萬九千名志工，以及許多無名英雄。這些人的貢獻，單純只是想向世界證明：We can do something impossible.
 　
尤其是世大運場館整建，我們在不追加任何預算的情況下，如期、如質的完成了所有場館的整修與新建，最大的功臣，就是那些勞苦功高的工程人員，而他們的努力，值得被大家看見。
 　
更重要的是，台灣選手們令人難忘的亮眼表現，提振了國人的自信心，成功的讓世界看見台灣，給台灣人留下了難以忘懷的共同記憶，也讓每一個參與其中的人同感光榮。
 　
這些辛苦的過程中，我們累計了很多實務上的經驗，也獲得了很多寶貴的教訓，我們都會收集起來，給其他縣市參考，作為辦理大型國際賽事的前車之鑑。
　
至於幕後的故事、秘辛，我們將在明天晚上九點於國家地理頻道首播的《透視內幕：2017臺北世大運》中，讓大家知道。
 　
歡迎大家一起收看，給這些幕後功臣一個掌聲。",7804,68878,3630,59,44,257,26
"195","2017-10-28T02:55:58+0000","今天的樂活山林、長青健行登山活動，湧入超過預期十倍的民眾參與，讓事先準備的七千份贈品與摸彩券馬上贈送一空，導致動線規劃失效，發生推擠，我在這邊跟所有參與的民眾說聲抱歉。

拿不到贈品的民眾，我們立刻啟動補救措施，只要現場民眾拿出紙條，留下姓名、電話、身分證字號（地址也可一併提供），我們就會想辦法，把贈品送到每個參與者的手中。

這場活動辦得很不好，我們會深切反省，並儘速提出檢討報告，再次向大家說聲抱歉。",217,19916,492,68,103,468,60
"196","2017-10-26T12:21:48+0000","內湖的交通問題在於都市計畫失敗，二十幾年下來，這裡的人口大幅增加，但道路面積幾乎沒有增加。每天上下班時間一到，就有十幾萬人擠在內湖對外的道路上。

我說過，要徹底解決內湖塞車問題，除非松山機場遷走，在基隆河上興建全新的跨河橋樑。但在此之前，我們還是要先改善既有橋樑的效率。

因此，從今天起，我們開始動工拓寬內湖聯外重要橋樑－成功橋，從四線道變為六線道，預計2019年8月完工。

這座橋原先規劃要拆掉重建，經費24億元，但這對周遭環境衝擊較大，甚至可能要徵收民房；經過考量，我們決定先進行耐震補強工程，再擴寬車道，工程經費2億元。並在拓寬期間維持四線道通行，也會選在離峰時段施工，減少交通衝擊。

我們會設法縮短工期「速戰速決」，早日解決這個交通瓶頸。

工務話台北
#內湖成功橋拓寬
#進步價值光榮城市",419,23535,476,35,1,323,10
"197","2017-10-26T03:30:15+0000","大家午安。

正確洗手，可以降低腸病毒、流感、腹瀉等傳染病的風險。今天午餐之前，來教大家怎麼洗手最乾淨、最健康。

#濕搓沖捧擦

---
Youtube連結
https://youtu.be/uZ4tQwS4AOg",888,23549,595,1506,0,29,11
"198","2017-10-24T11:28:20+0000","和世界強國相比，台灣的小學生實力很強，國中生也有一定實力，到了高中開始打平，大學之後就輸掉了。

顯然，台灣的教育應該還是有一些問題沒有解決。原因之一，就是我們只要求學生瞭解過去的知識，卻忘了教他們如何面對未來的世界。

以我為例，我在台大外科加護病房任職時，九成以上的技術、知識，都是畢業後繼續學習而來的。瞬息萬變的未來世界，知識會不斷翻新，所以教育不應該只是學習知識的內容，而是要教導學生「怎麼去學習」。

為了跳脫傳統教育的框架，我要求教育局開辦實驗教育，例如在寶藏巖的「影視音實驗學校」、及台北市第一座公立實驗小學「和平國小」，此外，也在文昌國小、東興國小試驗雙語教學，為升學導向的教育找到新的思考方向。

不過，政府的力量有限，民間的力量無窮，台北市政府會全力支援民間教育創新，讓孩子們更有自信面對多變的未來世界。

#實驗教育
#進步價值光榮城市",977,24143,511,36,12,96,11
"199","2017-10-23T23:01:05+0000","大家早安，一起搭公車上班，讓台北市的交通變得更好。

---
我在直播裡面推薦的「愛台北app」（可查詢公車資訊）
iOS：https://goo.gl/pKTfHo
Android：https://goo.gl/JXbUEv

幹線公車懶人包
https://goo.gl/7S2xSM

幹線公車路網圖
https://goo.gl/8ocMnY",872,45585,1782,2122,17,152,52
"200","2017-10-22T09:58:33+0000","凌晨四點，當大家還在睡夢中，在萬華的漁類批發市場與第一果菜市場早已經燈火通明，每個人都為了我們每天吃到的新鮮漁貨蔬果而賣命工作。

這兩座市場從民國64年啟用到現在，已經超過40年，建築物老舊、環境破敗，改建早已勢在必行，但因為溝通與協調的複雜困難，大家都不敢碰，一直拖到現在。

現在，我們預算編好了，中繼市場也會在年底開始興建，這兩座市場的改建，只剩下如何縮短工期的問題，我相信在這個總是主動處理棘手問題的「白目市長」，加上新北都 景峻陳景峻副市長的協調，大家可以放手試試各種不同的解決方案。

去年，我們搞定了環南市場改建案，下一步，我們一定會讓這個拖了幾十年的果菜市場、魚市場改建案在任內開工，給大家一個滿意的答案。

#市場改建
#第一果菜市場
#漁類批發市場
#進步價值光榮城市",223,18480,360,67,1,41,10
